date,age,dose,CUMULATIVE,INCIDENCE
2020-12-28,"[0, 12)",A,0.0,0.0
2020-12-28,"[0, 12)",B,0.0,0.0
2020-12-28,"[0, 12)",C,0.0,0.0
2020-12-28,"[0, 12)",E,0.0,0.0
2020-12-28,"[12, 18)",A,0.0,0.0
2020-12-28,"[12, 18)",B,0.0,0.0
2020-12-28,"[12, 18)",C,0.0,0.0
2020-12-28,"[12, 18)",E,0.0,0.0
2020-12-28,"[18, 25)",A,0.0,10.0
2020-12-28,"[18, 25)",B,0.0,0.0
2020-12-28,"[18, 25)",C,0.0,0.0
2020-12-28,"[18, 25)",E,0.0,0.0
2020-12-28,"[25, 35)",A,0.0,459.0
2020-12-28,"[25, 35)",B,0.0,0.0
2020-12-28,"[25, 35)",C,0.0,0.0
2020-12-28,"[25, 35)",E,0.0,0.0
2020-12-28,"[35, 45)",A,12.0,673.0
2020-12-28,"[35, 45)",B,0.0,0.0
2020-12-28,"[35, 45)",C,0.0,0.0
2020-12-28,"[35, 45)",E,0.0,0.0
2020-12-28,"[45, 55)",A,12.0,1064.0
2020-12-28,"[45, 55)",B,0.0,0.0
2020-12-28,"[45, 55)",C,0.0,0.0
2020-12-28,"[45, 55)",E,0.0,0.0
2020-12-28,"[55, 65)",A,32.0,1541.0
2020-12-28,"[55, 65)",B,0.0,0.0
2020-12-28,"[55, 65)",C,0.0,0.0
2020-12-28,"[55, 65)",E,0.0,0.0
2020-12-28,"[65, 75)",A,50.0,1852.0
2020-12-28,"[65, 75)",B,0.0,0.0
2020-12-28,"[65, 75)",C,0.0,0.0
2020-12-28,"[65, 75)",E,0.0,0.0
2020-12-28,"[75, 85)",A,95.0,4935.0
2020-12-28,"[75, 85)",B,0.0,0.0
2020-12-28,"[75, 85)",C,0.0,0.0
2020-12-28,"[75, 85)",E,0.0,0.0
2020-12-28,"[85, 120)",A,353.0,10329.0
2020-12-28,"[85, 120)",B,0.0,0.0
2020-12-28,"[85, 120)",C,0.0,0.0
2020-12-28,"[85, 120)",E,0.0,0.0
2021-01-04,"[0, 12)",A,0.0,0.0
2021-01-04,"[0, 12)",B,0.0,0.0
2021-01-04,"[0, 12)",C,0.0,0.0
2021-01-04,"[0, 12)",E,0.0,0.0
2021-01-04,"[12, 18)",A,0.0,0.0
2021-01-04,"[12, 18)",B,0.0,0.0
2021-01-04,"[12, 18)",C,0.0,0.0
2021-01-04,"[12, 18)",E,0.0,0.0
2021-01-04,"[18, 25)",A,10.0,628.0
2021-01-04,"[18, 25)",B,0.0,0.0
2021-01-04,"[18, 25)",C,0.0,0.0
2021-01-04,"[18, 25)",E,0.0,0.0
2021-01-04,"[25, 35)",A,459.0,4592.0
2021-01-04,"[25, 35)",B,0.0,0.0
2021-01-04,"[25, 35)",C,0.0,0.0
2021-01-04,"[25, 35)",E,0.0,0.0
2021-01-04,"[35, 45)",A,685.0,5974.0
2021-01-04,"[35, 45)",B,0.0,0.0
2021-01-04,"[35, 45)",C,0.0,0.0
2021-01-04,"[35, 45)",E,0.0,0.0
2021-01-04,"[45, 55)",A,1076.0,8055.0
2021-01-04,"[45, 55)",B,0.0,0.0
2021-01-04,"[45, 55)",C,0.0,0.0
2021-01-04,"[45, 55)",E,0.0,0.0
2021-01-04,"[55, 65)",A,1573.0,9086.0
2021-01-04,"[55, 65)",B,0.0,0.0
2021-01-04,"[55, 65)",C,0.0,0.0
2021-01-04,"[55, 65)",E,0.0,0.0
2021-01-04,"[65, 75)",A,1902.0,7768.0
2021-01-04,"[65, 75)",B,0.0,12.0
2021-01-04,"[65, 75)",C,0.0,0.0
2021-01-04,"[65, 75)",E,0.0,0.0
2021-01-04,"[75, 85)",A,5030.0,19237.0
2021-01-04,"[75, 85)",B,0.0,19.0
2021-01-04,"[75, 85)",C,0.0,0.0
2021-01-04,"[75, 85)",E,0.0,0.0
2021-01-04,"[85, 120)",A,10682.0,41112.0
2021-01-04,"[85, 120)",B,0.0,68.0
2021-01-04,"[85, 120)",C,0.0,0.0
2021-01-04,"[85, 120)",E,0.0,0.0
2021-01-11,"[0, 12)",A,0.0,0.0
2021-01-11,"[0, 12)",B,0.0,0.0
2021-01-11,"[0, 12)",C,0.0,0.0
2021-01-11,"[0, 12)",E,0.0,0.0
2021-01-11,"[12, 18)",A,0.0,167.0
2021-01-11,"[12, 18)",B,0.0,0.0
2021-01-11,"[12, 18)",C,0.0,0.0
2021-01-11,"[12, 18)",E,0.0,0.0
2021-01-11,"[18, 25)",A,638.0,7305.0
2021-01-11,"[18, 25)",B,0.0,0.0
2021-01-11,"[18, 25)",C,0.0,0.0
2021-01-11,"[18, 25)",E,0.0,0.0
2021-01-11,"[25, 35)",A,5051.0,17124.0
2021-01-11,"[25, 35)",B,0.0,0.0
2021-01-11,"[25, 35)",C,0.0,0.0
2021-01-11,"[25, 35)",E,0.0,0.0
2021-01-11,"[35, 45)",A,6659.0,17358.0
2021-01-11,"[35, 45)",B,0.0,12.0
2021-01-11,"[35, 45)",C,0.0,24.0
2021-01-11,"[35, 45)",E,0.0,0.0
2021-01-11,"[45, 55)",A,9131.0,19339.0
2021-01-11,"[45, 55)",B,0.0,12.0
2021-01-11,"[45, 55)",C,0.0,11.0
2021-01-11,"[45, 55)",E,0.0,0.0
2021-01-11,"[55, 65)",A,10659.0,19240.0
2021-01-11,"[55, 65)",B,0.0,43.0
2021-01-11,"[55, 65)",C,0.0,0.0
2021-01-11,"[55, 65)",E,0.0,0.0
2021-01-11,"[65, 75)",A,9670.0,9917.0
2021-01-11,"[65, 75)",B,12.0,52.0
2021-01-11,"[65, 75)",C,0.0,0.0
2021-01-11,"[65, 75)",E,0.0,0.0
2021-01-11,"[75, 85)",A,24267.0,12894.0
2021-01-11,"[75, 85)",B,19.0,92.0
2021-01-11,"[75, 85)",C,0.0,0.0
2021-01-11,"[75, 85)",E,0.0,0.0
2021-01-11,"[85, 120)",A,51794.0,22877.0
2021-01-11,"[85, 120)",B,68.0,343.0
2021-01-11,"[85, 120)",C,0.0,0.0
2021-01-11,"[85, 120)",E,0.0,0.0
2021-01-18,"[0, 12)",A,0.0,0.0
2021-01-18,"[0, 12)",B,0.0,0.0
2021-01-18,"[0, 12)",C,0.0,0.0
2021-01-18,"[0, 12)",E,0.0,0.0
2021-01-18,"[12, 18)",A,167.0,366.0
2021-01-18,"[12, 18)",B,0.0,0.0
2021-01-18,"[12, 18)",C,0.0,0.0
2021-01-18,"[12, 18)",E,0.0,0.0
2021-01-18,"[18, 25)",A,7943.0,5308.0
2021-01-18,"[18, 25)",B,0.0,10.0
2021-01-18,"[18, 25)",C,0.0,0.0
2021-01-18,"[18, 25)",E,0.0,0.0
2021-01-18,"[25, 35)",A,22175.0,11295.0
2021-01-18,"[25, 35)",B,0.0,400.0
2021-01-18,"[25, 35)",C,0.0,10.0
2021-01-18,"[25, 35)",E,0.0,0.0
2021-01-18,"[35, 45)",A,24017.0,11124.0
2021-01-18,"[35, 45)",B,12.0,650.0
2021-01-18,"[35, 45)",C,24.0,8.0
2021-01-18,"[35, 45)",E,0.0,0.0
2021-01-18,"[45, 55)",A,28470.0,12275.0
2021-01-18,"[45, 55)",B,12.0,1023.0
2021-01-18,"[45, 55)",C,11.0,13.0
2021-01-18,"[45, 55)",E,0.0,0.0
2021-01-18,"[55, 65)",A,29899.0,12025.0
2021-01-18,"[55, 65)",B,43.0,1484.0
2021-01-18,"[55, 65)",C,0.0,33.0
2021-01-18,"[55, 65)",E,0.0,0.0
2021-01-18,"[65, 75)",A,19587.0,4749.0
2021-01-18,"[65, 75)",B,64.0,1752.0
2021-01-18,"[65, 75)",C,0.0,0.0
2021-01-18,"[65, 75)",E,0.0,0.0
2021-01-18,"[75, 85)",A,37161.0,4368.0
2021-01-18,"[75, 85)",B,111.0,4675.0
2021-01-18,"[75, 85)",C,0.0,0.0
2021-01-18,"[75, 85)",E,0.0,0.0
2021-01-18,"[85, 120)",A,74671.0,5924.0
2021-01-18,"[85, 120)",B,411.0,9666.0
2021-01-18,"[85, 120)",C,0.0,0.0
2021-01-18,"[85, 120)",E,0.0,0.0
2021-01-25,"[0, 12)",A,0.0,0.0
2021-01-25,"[0, 12)",B,0.0,0.0
2021-01-25,"[0, 12)",C,0.0,0.0
2021-01-25,"[0, 12)",E,0.0,0.0
2021-01-25,"[12, 18)",A,533.0,131.0
2021-01-25,"[12, 18)",B,0.0,0.0
2021-01-25,"[12, 18)",C,0.0,0.0
2021-01-25,"[12, 18)",E,0.0,0.0
2021-01-25,"[18, 25)",A,13251.0,2900.0
2021-01-25,"[18, 25)",B,10.0,576.0
2021-01-25,"[18, 25)",C,0.0,0.0
2021-01-25,"[18, 25)",E,0.0,0.0
2021-01-25,"[25, 35)",A,33470.0,7902.0
2021-01-25,"[25, 35)",B,400.0,4366.0
2021-01-25,"[25, 35)",C,10.0,0.0
2021-01-25,"[25, 35)",E,0.0,0.0
2021-01-25,"[35, 45)",A,35141.0,7941.0
2021-01-25,"[35, 45)",B,662.0,5706.0
2021-01-25,"[35, 45)",C,32.0,6.0
2021-01-25,"[35, 45)",E,0.0,0.0
2021-01-25,"[45, 55)",A,40745.0,8802.0
2021-01-25,"[45, 55)",B,1035.0,7815.0
2021-01-25,"[45, 55)",C,24.0,5.0
2021-01-25,"[45, 55)",E,0.0,0.0
2021-01-25,"[55, 65)",A,41924.0,8742.0
2021-01-25,"[55, 65)",B,1527.0,8840.0
2021-01-25,"[55, 65)",C,33.0,9.0
2021-01-25,"[55, 65)",E,0.0,0.0
2021-01-25,"[65, 75)",A,24336.0,2741.0
2021-01-25,"[65, 75)",B,1816.0,7435.0
2021-01-25,"[65, 75)",C,0.0,23.0
2021-01-25,"[65, 75)",E,0.0,0.0
2021-01-25,"[75, 85)",A,41529.0,2164.0
2021-01-25,"[75, 85)",B,4786.0,18437.0
2021-01-25,"[75, 85)",C,0.0,0.0
2021-01-25,"[75, 85)",E,0.0,0.0
2021-01-25,"[85, 120)",A,80595.0,2893.0
2021-01-25,"[85, 120)",B,10077.0,39084.0
2021-01-25,"[85, 120)",C,0.0,0.0
2021-01-25,"[85, 120)",E,0.0,0.0
2021-02-01,"[0, 12)",A,0.0,0.0
2021-02-01,"[0, 12)",B,0.0,0.0
2021-02-01,"[0, 12)",C,0.0,0.0
2021-02-01,"[0, 12)",E,0.0,0.0
2021-02-01,"[12, 18)",A,664.0,44.0
2021-02-01,"[12, 18)",B,0.0,161.0
2021-02-01,"[12, 18)",C,0.0,0.0
2021-02-01,"[12, 18)",E,0.0,0.0
2021-02-01,"[18, 25)",A,16151.0,1895.0
2021-02-01,"[18, 25)",B,586.0,6706.0
2021-02-01,"[18, 25)",C,0.0,0.0
2021-02-01,"[18, 25)",E,0.0,0.0
2021-02-01,"[25, 35)",A,41372.0,5584.0
2021-02-01,"[25, 35)",B,4766.0,15140.0
2021-02-01,"[25, 35)",C,10.0,0.0
2021-02-01,"[25, 35)",E,0.0,0.0
2021-02-01,"[35, 45)",A,43082.0,5948.0
2021-02-01,"[35, 45)",B,6368.0,15720.0
2021-02-01,"[35, 45)",C,38.0,6.0
2021-02-01,"[35, 45)",E,0.0,0.0
2021-02-01,"[45, 55)",A,49547.0,6980.0
2021-02-01,"[45, 55)",B,8850.0,17703.0
2021-02-01,"[45, 55)",C,29.0,20.0
2021-02-01,"[45, 55)",E,0.0,0.0
2021-02-01,"[55, 65)",A,50666.0,7262.0
2021-02-01,"[55, 65)",B,10367.0,17916.0
2021-02-01,"[55, 65)",C,42.0,10.0
2021-02-01,"[55, 65)",E,0.0,0.0
2021-02-01,"[65, 75)",A,27077.0,2002.0
2021-02-01,"[65, 75)",B,9251.0,9722.0
2021-02-01,"[65, 75)",C,23.0,11.0
2021-02-01,"[65, 75)",E,0.0,0.0
2021-02-01,"[75, 85)",A,43693.0,1298.0
2021-02-01,"[75, 85)",B,23223.0,12536.0
2021-02-01,"[75, 85)",C,0.0,0.0
2021-02-01,"[75, 85)",E,0.0,0.0
2021-02-01,"[85, 120)",A,83488.0,1380.0
2021-02-01,"[85, 120)",B,49161.0,22152.0
2021-02-01,"[85, 120)",C,0.0,0.0
2021-02-01,"[85, 120)",E,0.0,0.0
2021-02-08,"[0, 12)",A,0.0,0.0
2021-02-08,"[0, 12)",B,0.0,0.0
2021-02-08,"[0, 12)",C,0.0,0.0
2021-02-08,"[0, 12)",E,0.0,0.0
2021-02-08,"[12, 18)",A,708.0,43.0
2021-02-08,"[12, 18)",B,161.0,313.0
2021-02-08,"[12, 18)",C,0.0,0.0
2021-02-08,"[12, 18)",E,0.0,0.0
2021-02-08,"[18, 25)",A,18046.0,4232.0
2021-02-08,"[18, 25)",B,7292.0,5425.0
2021-02-08,"[18, 25)",C,0.0,0.0
2021-02-08,"[18, 25)",E,0.0,0.0
2021-02-08,"[25, 35)",A,46956.0,10425.0
2021-02-08,"[25, 35)",B,19906.0,11813.0
2021-02-08,"[25, 35)",C,10.0,0.0
2021-02-08,"[25, 35)",E,0.0,0.0
2021-02-08,"[35, 45)",A,49030.0,10055.0
2021-02-08,"[35, 45)",B,22088.0,11460.0
2021-02-08,"[35, 45)",C,44.0,1.0
2021-02-08,"[35, 45)",E,0.0,0.0
2021-02-08,"[45, 55)",A,56527.0,11739.0
2021-02-08,"[45, 55)",B,26553.0,12655.0
2021-02-08,"[45, 55)",C,49.0,15.0
2021-02-08,"[45, 55)",E,0.0,0.0
2021-02-08,"[55, 65)",A,57928.0,8789.0
2021-02-08,"[55, 65)",B,28283.0,12223.0
2021-02-08,"[55, 65)",C,52.0,25.0
2021-02-08,"[55, 65)",E,0.0,0.0
2021-02-08,"[65, 75)",A,29079.0,2293.0
2021-02-08,"[65, 75)",B,18973.0,4657.0
2021-02-08,"[65, 75)",C,34.0,8.0
2021-02-08,"[65, 75)",E,0.0,0.0
2021-02-08,"[75, 85)",A,44991.0,882.0
2021-02-08,"[75, 85)",B,35759.0,4265.0
2021-02-08,"[75, 85)",C,0.0,0.0
2021-02-08,"[75, 85)",E,0.0,0.0
2021-02-08,"[85, 120)",A,84868.0,560.0
2021-02-08,"[85, 120)",B,71313.0,5950.0
2021-02-08,"[85, 120)",C,0.0,0.0
2021-02-08,"[85, 120)",E,0.0,0.0
2021-02-15,"[0, 12)",A,0.0,0.0
2021-02-15,"[0, 12)",B,0.0,0.0
2021-02-15,"[0, 12)",C,0.0,0.0
2021-02-15,"[0, 12)",E,0.0,0.0
2021-02-15,"[12, 18)",A,751.0,63.0
2021-02-15,"[12, 18)",B,474.0,155.0
2021-02-15,"[12, 18)",C,0.0,0.0
2021-02-15,"[12, 18)",E,0.0,0.0
2021-02-15,"[18, 25)",A,22278.0,6778.0
2021-02-15,"[18, 25)",B,12717.0,2458.0
2021-02-15,"[18, 25)",C,0.0,0.0
2021-02-15,"[18, 25)",E,0.0,0.0
2021-02-15,"[25, 35)",A,57381.0,18271.0
2021-02-15,"[25, 35)",B,31719.0,6239.0
2021-02-15,"[25, 35)",C,10.0,1.0
2021-02-15,"[25, 35)",E,0.0,0.0
2021-02-15,"[35, 45)",A,59085.0,21461.0
2021-02-15,"[35, 45)",B,33548.0,6430.0
2021-02-15,"[35, 45)",C,45.0,2.0
2021-02-15,"[35, 45)",E,0.0,0.0
2021-02-15,"[45, 55)",A,68266.0,24128.0
2021-02-15,"[45, 55)",B,39208.0,7115.0
2021-02-15,"[45, 55)",C,64.0,0.0
2021-02-15,"[45, 55)",E,0.0,0.0
2021-02-15,"[55, 65)",A,66717.0,14594.0
2021-02-15,"[55, 65)",B,40506.0,7010.0
2021-02-15,"[55, 65)",C,77.0,31.0
2021-02-15,"[55, 65)",E,0.0,0.0
2021-02-15,"[65, 75)",A,31372.0,2559.0
2021-02-15,"[65, 75)",B,23630.0,2548.0
2021-02-15,"[65, 75)",C,42.0,29.0
2021-02-15,"[65, 75)",E,0.0,0.0
2021-02-15,"[75, 85)",A,45873.0,927.0
2021-02-15,"[75, 85)",B,40024.0,2242.0
2021-02-15,"[75, 85)",C,0.0,0.0
2021-02-15,"[75, 85)",E,0.0,0.0
2021-02-15,"[85, 120)",A,85428.0,458.0
2021-02-15,"[85, 120)",B,77263.0,3214.0
2021-02-15,"[85, 120)",C,0.0,0.0
2021-02-15,"[85, 120)",E,0.0,0.0
2021-02-22,"[0, 12)",A,0.0,0.0
2021-02-22,"[0, 12)",B,0.0,0.0
2021-02-22,"[0, 12)",C,0.0,0.0
2021-02-22,"[0, 12)",E,0.0,0.0
2021-02-22,"[12, 18)",A,814.0,89.0
2021-02-22,"[12, 18)",B,629.0,31.0
2021-02-22,"[12, 18)",C,0.0,0.0
2021-02-22,"[12, 18)",E,0.0,0.0
2021-02-22,"[18, 25)",A,29056.0,11191.0
2021-02-22,"[18, 25)",B,15175.0,1991.0
2021-02-22,"[18, 25)",C,0.0,0.0
2021-02-22,"[18, 25)",E,0.0,0.0
2021-02-22,"[25, 35)",A,75652.0,27091.0
2021-02-22,"[25, 35)",B,37958.0,5999.0
2021-02-22,"[25, 35)",C,11.0,1.0
2021-02-22,"[25, 35)",E,0.0,0.0
2021-02-22,"[35, 45)",A,80546.0,28443.0
2021-02-22,"[35, 45)",B,39978.0,6127.0
2021-02-22,"[35, 45)",C,47.0,1.0
2021-02-22,"[35, 45)",E,0.0,0.0
2021-02-22,"[45, 55)",A,92394.0,31579.0
2021-02-22,"[45, 55)",B,46323.0,6928.0
2021-02-22,"[45, 55)",C,64.0,0.0
2021-02-22,"[45, 55)",E,0.0,0.0
2021-02-22,"[55, 65)",A,81311.0,23207.0
2021-02-22,"[55, 65)",B,47516.0,6838.0
2021-02-22,"[55, 65)",C,108.0,17.0
2021-02-22,"[55, 65)",E,0.0,0.0
2021-02-22,"[65, 75)",A,33931.0,7951.0
2021-02-22,"[65, 75)",B,26178.0,1757.0
2021-02-22,"[65, 75)",C,71.0,20.0
2021-02-22,"[65, 75)",E,0.0,0.0
2021-02-22,"[75, 85)",A,46800.0,5374.0
2021-02-22,"[75, 85)",B,42266.0,1184.0
2021-02-22,"[75, 85)",C,0.0,0.0
2021-02-22,"[75, 85)",E,0.0,0.0
2021-02-22,"[85, 120)",A,85886.0,4553.0
2021-02-22,"[85, 120)",B,80477.0,1373.0
2021-02-22,"[85, 120)",C,0.0,0.0
2021-02-22,"[85, 120)",E,0.0,0.0
2021-03-01,"[0, 12)",A,0.0,0.0
2021-03-01,"[0, 12)",B,0.0,0.0
2021-03-01,"[0, 12)",C,0.0,0.0
2021-03-01,"[0, 12)",E,0.0,0.0
2021-03-01,"[12, 18)",A,903.0,185.0
2021-03-01,"[12, 18)",B,660.0,52.0
2021-03-01,"[12, 18)",C,0.0,0.0
2021-03-01,"[12, 18)",E,0.0,0.0
2021-03-01,"[18, 25)",A,40247.0,10029.0
2021-03-01,"[18, 25)",B,17166.0,3741.0
2021-03-01,"[18, 25)",C,0.0,0.0
2021-03-01,"[18, 25)",E,0.0,0.0
2021-03-01,"[25, 35)",A,102743.0,24351.0
2021-03-01,"[25, 35)",B,43957.0,9198.0
2021-03-01,"[25, 35)",C,12.0,10.0
2021-03-01,"[25, 35)",E,0.0,0.0
2021-03-01,"[35, 45)",A,108989.0,22983.0
2021-03-01,"[35, 45)",B,46105.0,8924.0
2021-03-01,"[35, 45)",C,48.0,5.0
2021-03-01,"[35, 45)",E,0.0,0.0
2021-03-01,"[45, 55)",A,123973.0,20633.0
2021-03-01,"[45, 55)",B,53251.0,9851.0
2021-03-01,"[45, 55)",C,64.0,0.0
2021-03-01,"[45, 55)",E,0.0,0.0
2021-03-01,"[55, 65)",A,104518.0,29016.0
2021-03-01,"[55, 65)",B,54354.0,10323.0
2021-03-01,"[55, 65)",C,125.0,7.0
2021-03-01,"[55, 65)",E,0.0,0.0
2021-03-01,"[65, 75)",A,41882.0,18688.0
2021-03-01,"[65, 75)",B,27935.0,2460.0
2021-03-01,"[65, 75)",C,91.0,11.0
2021-03-01,"[65, 75)",E,0.0,0.0
2021-03-01,"[75, 85)",A,52174.0,13520.0
2021-03-01,"[75, 85)",B,43450.0,1049.0
2021-03-01,"[75, 85)",C,0.0,0.0
2021-03-01,"[75, 85)",E,0.0,0.0
2021-03-01,"[85, 120)",A,90439.0,7293.0
2021-03-01,"[85, 120)",B,81850.0,723.0
2021-03-01,"[85, 120)",C,0.0,0.0
2021-03-01,"[85, 120)",E,0.0,0.0
2021-03-08,"[0, 12)",A,0.0,0.0
2021-03-08,"[0, 12)",B,0.0,0.0
2021-03-08,"[0, 12)",C,0.0,0.0
2021-03-08,"[0, 12)",E,0.0,0.0
2021-03-08,"[12, 18)",A,1088.0,111.0
2021-03-08,"[12, 18)",B,712.0,71.0
2021-03-08,"[12, 18)",C,0.0,0.0
2021-03-08,"[12, 18)",E,0.0,0.0
2021-03-08,"[18, 25)",A,50276.0,9034.0
2021-03-08,"[18, 25)",B,20907.0,4770.0
2021-03-08,"[18, 25)",C,0.0,0.0
2021-03-08,"[18, 25)",E,0.0,0.0
2021-03-08,"[25, 35)",A,127094.0,16174.0
2021-03-08,"[25, 35)",B,53155.0,10966.0
2021-03-08,"[25, 35)",C,22.0,1.0
2021-03-08,"[25, 35)",E,0.0,0.0
2021-03-08,"[35, 45)",A,131972.0,13717.0
2021-03-08,"[35, 45)",B,55029.0,11050.0
2021-03-08,"[35, 45)",C,53.0,1.0
2021-03-08,"[35, 45)",E,0.0,0.0
2021-03-08,"[45, 55)",A,144606.0,15001.0
2021-03-08,"[45, 55)",B,63102.0,12105.0
2021-03-08,"[45, 55)",C,64.0,1.0
2021-03-08,"[45, 55)",E,0.0,0.0
2021-03-08,"[55, 65)",A,133534.0,30463.0
2021-03-08,"[55, 65)",B,64677.0,12747.0
2021-03-08,"[55, 65)",C,132.0,0.0
2021-03-08,"[55, 65)",E,0.0,0.0
2021-03-08,"[65, 75)",A,60570.0,39627.0
2021-03-08,"[65, 75)",B,30395.0,2613.0
2021-03-08,"[65, 75)",C,102.0,0.0
2021-03-08,"[65, 75)",E,0.0,0.0
2021-03-08,"[75, 85)",A,65694.0,54069.0
2021-03-08,"[75, 85)",B,44499.0,896.0
2021-03-08,"[75, 85)",C,0.0,0.0
2021-03-08,"[75, 85)",E,0.0,0.0
2021-03-08,"[85, 120)",A,97732.0,58460.0
2021-03-08,"[85, 120)",B,82573.0,564.0
2021-03-08,"[85, 120)",C,0.0,0.0
2021-03-08,"[85, 120)",E,0.0,0.0
2021-03-15,"[0, 12)",A,0.0,0.0
2021-03-15,"[0, 12)",B,0.0,0.0
2021-03-15,"[0, 12)",C,0.0,0.0
2021-03-15,"[0, 12)",E,0.0,0.0
2021-03-15,"[12, 18)",A,1199.0,92.0
2021-03-15,"[12, 18)",B,783.0,58.0
2021-03-15,"[12, 18)",C,0.0,0.0
2021-03-15,"[12, 18)",E,0.0,0.0
2021-03-15,"[18, 25)",A,59310.0,5152.0
2021-03-15,"[18, 25)",B,25677.0,4807.0
2021-03-15,"[18, 25)",C,0.0,0.0
2021-03-15,"[18, 25)",E,0.0,0.0
2021-03-15,"[25, 35)",A,143268.0,8824.0
2021-03-15,"[25, 35)",B,64121.0,9894.0
2021-03-15,"[25, 35)",C,23.0,0.0
2021-03-15,"[25, 35)",E,0.0,0.0
2021-03-15,"[35, 45)",A,145689.0,9474.0
2021-03-15,"[35, 45)",B,66079.0,10128.0
2021-03-15,"[35, 45)",C,54.0,0.0
2021-03-15,"[35, 45)",E,0.0,0.0
2021-03-15,"[45, 55)",A,159607.0,11580.0
2021-03-15,"[45, 55)",B,75207.0,11220.0
2021-03-15,"[45, 55)",C,65.0,1.0
2021-03-15,"[45, 55)",E,0.0,0.0
2021-03-15,"[55, 65)",A,163997.0,17003.0
2021-03-15,"[55, 65)",B,77424.0,15055.0
2021-03-15,"[55, 65)",C,132.0,0.0
2021-03-15,"[55, 65)",E,0.0,0.0
2021-03-15,"[65, 75)",A,100197.0,51973.0
2021-03-15,"[65, 75)",B,33008.0,5818.0
2021-03-15,"[65, 75)",C,102.0,0.0
2021-03-15,"[65, 75)",E,0.0,0.0
2021-03-15,"[75, 85)",A,119763.0,69083.0
2021-03-15,"[75, 85)",B,45395.0,4471.0
2021-03-15,"[75, 85)",C,0.0,0.0
2021-03-15,"[75, 85)",E,0.0,0.0
2021-03-15,"[85, 120)",A,156192.0,77614.0
2021-03-15,"[85, 120)",B,83137.0,4206.0
2021-03-15,"[85, 120)",C,0.0,0.0
2021-03-15,"[85, 120)",E,0.0,0.0
2021-03-22,"[0, 12)",A,0.0,0.0
2021-03-22,"[0, 12)",B,0.0,0.0
2021-03-22,"[0, 12)",C,0.0,0.0
2021-03-22,"[0, 12)",E,0.0,0.0
2021-03-22,"[12, 18)",A,1291.0,107.0
2021-03-22,"[12, 18)",B,841.0,116.0
2021-03-22,"[12, 18)",C,0.0,0.0
2021-03-22,"[12, 18)",E,0.0,0.0
2021-03-22,"[18, 25)",A,64462.0,3525.0
2021-03-22,"[18, 25)",B,30484.0,4092.0
2021-03-22,"[18, 25)",C,0.0,0.0
2021-03-22,"[18, 25)",E,0.0,0.0
2021-03-22,"[25, 35)",A,152092.0,6976.0
2021-03-22,"[25, 35)",B,74015.0,7773.0
2021-03-22,"[25, 35)",C,23.0,10.0
2021-03-22,"[25, 35)",E,0.0,0.0
2021-03-22,"[35, 45)",A,155163.0,7776.0
2021-03-22,"[35, 45)",B,76207.0,7543.0
2021-03-22,"[35, 45)",C,54.0,39.0
2021-03-22,"[35, 45)",E,0.0,0.0
2021-03-22,"[45, 55)",A,171187.0,9395.0
2021-03-22,"[45, 55)",B,86427.0,7846.0
2021-03-22,"[45, 55)",C,66.0,43.0
2021-03-22,"[45, 55)",E,0.0,0.0
2021-03-22,"[55, 65)",A,181000.0,13775.0
2021-03-22,"[55, 65)",B,92479.0,18556.0
2021-03-22,"[55, 65)",C,132.0,44.0
2021-03-22,"[55, 65)",E,0.0,0.0
2021-03-22,"[65, 75)",A,152170.0,54954.0
2021-03-22,"[65, 75)",B,38826.0,10679.0
2021-03-22,"[65, 75)",C,102.0,31.0
2021-03-22,"[65, 75)",E,0.0,0.0
2021-03-22,"[75, 85)",A,188846.0,156547.0
2021-03-22,"[75, 85)",B,49866.0,6063.0
2021-03-22,"[75, 85)",C,0.0,0.0
2021-03-22,"[75, 85)",E,0.0,0.0
2021-03-22,"[85, 120)",A,233806.0,26290.0
2021-03-22,"[85, 120)",B,87343.0,3847.0
2021-03-22,"[85, 120)",C,0.0,0.0
2021-03-22,"[85, 120)",E,0.0,0.0
2021-03-29,"[0, 12)",A,0.0,0.0
2021-03-29,"[0, 12)",B,0.0,0.0
2021-03-29,"[0, 12)",C,0.0,0.0
2021-03-29,"[0, 12)",E,0.0,0.0
2021-03-29,"[12, 18)",A,1398.0,83.0
2021-03-29,"[12, 18)",B,957.0,94.0
2021-03-29,"[12, 18)",C,0.0,0.0
2021-03-29,"[12, 18)",E,0.0,0.0
2021-03-29,"[18, 25)",A,67987.0,3151.0
2021-03-29,"[18, 25)",B,34576.0,2421.0
2021-03-29,"[18, 25)",C,0.0,11.0
2021-03-29,"[18, 25)",E,0.0,0.0
2021-03-29,"[25, 35)",A,159068.0,5980.0
2021-03-29,"[25, 35)",B,81788.0,4879.0
2021-03-29,"[25, 35)",C,33.0,33.0
2021-03-29,"[25, 35)",E,0.0,0.0
2021-03-29,"[35, 45)",A,162939.0,6944.0
2021-03-29,"[35, 45)",B,83750.0,4792.0
2021-03-29,"[35, 45)",C,93.0,20.0
2021-03-29,"[35, 45)",E,0.0,0.0
2021-03-29,"[45, 55)",A,180582.0,8402.0
2021-03-29,"[45, 55)",B,94273.0,5314.0
2021-03-29,"[45, 55)",C,109.0,36.0
2021-03-29,"[45, 55)",E,0.0,0.0
2021-03-29,"[55, 65)",A,194775.0,29426.0
2021-03-29,"[55, 65)",B,111035.0,8585.0
2021-03-29,"[55, 65)",C,176.0,61.0
2021-03-29,"[55, 65)",E,0.0,0.0
2021-03-29,"[65, 75)",A,207124.0,113436.0
2021-03-29,"[65, 75)",B,49505.0,10476.0
2021-03-29,"[65, 75)",C,133.0,39.0
2021-03-29,"[65, 75)",E,0.0,0.0
2021-03-29,"[75, 85)",A,345393.0,210526.0
2021-03-29,"[75, 85)",B,55929.0,14153.0
2021-03-29,"[75, 85)",C,0.0,0.0
2021-03-29,"[75, 85)",E,0.0,0.0
2021-03-29,"[85, 120)",A,260096.0,9025.0
2021-03-29,"[85, 120)",B,91190.0,8011.0
2021-03-29,"[85, 120)",C,0.0,0.0
2021-03-29,"[85, 120)",E,0.0,0.0
2021-04-05,"[0, 12)",A,0.0,0.0
2021-04-05,"[0, 12)",B,0.0,0.0
2021-04-05,"[0, 12)",C,0.0,0.0
2021-04-05,"[0, 12)",E,0.0,0.0
2021-04-05,"[12, 18)",A,1481.0,95.0
2021-04-05,"[12, 18)",B,1051.0,42.0
2021-04-05,"[12, 18)",C,0.0,0.0
2021-04-05,"[12, 18)",E,0.0,0.0
2021-04-05,"[18, 25)",A,71138.0,4493.0
2021-04-05,"[18, 25)",B,36997.0,1772.0
2021-04-05,"[18, 25)",C,11.0,12.0
2021-04-05,"[18, 25)",E,0.0,0.0
2021-04-05,"[25, 35)",A,165048.0,4580.0
2021-04-05,"[25, 35)",B,86667.0,3315.0
2021-04-05,"[25, 35)",C,66.0,3.0
2021-04-05,"[25, 35)",E,0.0,0.0
2021-04-05,"[35, 45)",A,169883.0,5496.0
2021-04-05,"[35, 45)",B,88542.0,3477.0
2021-04-05,"[35, 45)",C,113.0,6.0
2021-04-05,"[35, 45)",E,0.0,0.0
2021-04-05,"[45, 55)",A,188984.0,13902.0
2021-04-05,"[45, 55)",B,99587.0,4091.0
2021-04-05,"[45, 55)",C,145.0,16.0
2021-04-05,"[45, 55)",E,0.0,0.0
2021-04-05,"[55, 65)",A,224201.0,57199.0
2021-04-05,"[55, 65)",B,119620.0,6172.0
2021-04-05,"[55, 65)",C,237.0,15.0
2021-04-05,"[55, 65)",E,0.0,0.0
2021-04-05,"[65, 75)",A,320560.0,262962.0
2021-04-05,"[65, 75)",B,59981.0,13539.0
2021-04-05,"[65, 75)",C,172.0,7.0
2021-04-05,"[65, 75)",E,0.0,0.0
2021-04-05,"[75, 85)",A,555919.0,46259.0
2021-04-05,"[75, 85)",B,70082.0,22979.0
2021-04-05,"[75, 85)",C,0.0,0.0
2021-04-05,"[75, 85)",E,0.0,0.0
2021-04-05,"[85, 120)",A,269121.0,5932.0
2021-04-05,"[85, 120)",B,99201.0,36836.0
2021-04-05,"[85, 120)",C,0.0,0.0
2021-04-05,"[85, 120)",E,0.0,0.0
2021-04-12,"[0, 12)",A,0.0,0.0
2021-04-12,"[0, 12)",B,0.0,0.0
2021-04-12,"[0, 12)",C,0.0,0.0
2021-04-12,"[0, 12)",E,0.0,0.0
2021-04-12,"[12, 18)",A,1576.0,130.0
2021-04-12,"[12, 18)",B,1093.0,77.0
2021-04-12,"[12, 18)",C,0.0,0.0
2021-04-12,"[12, 18)",E,0.0,0.0
2021-04-12,"[18, 25)",A,75631.0,5196.0
2021-04-12,"[18, 25)",B,38769.0,1194.0
2021-04-12,"[18, 25)",C,23.0,1.0
2021-04-12,"[18, 25)",E,0.0,0.0
2021-04-12,"[25, 35)",A,169628.0,5374.0
2021-04-12,"[25, 35)",B,89982.0,2212.0
2021-04-12,"[25, 35)",C,69.0,3.0
2021-04-12,"[25, 35)",E,0.0,0.0
2021-04-12,"[35, 45)",A,175379.0,7684.0
2021-04-12,"[35, 45)",B,92019.0,2380.0
2021-04-12,"[35, 45)",C,119.0,0.0
2021-04-12,"[35, 45)",E,0.0,0.0
2021-04-12,"[45, 55)",A,202886.0,30223.0
2021-04-12,"[45, 55)",B,103678.0,2646.0
2021-04-12,"[45, 55)",C,161.0,0.0
2021-04-12,"[45, 55)",E,0.0,0.0
2021-04-12,"[55, 65)",A,281400.0,107344.0
2021-04-12,"[55, 65)",B,125792.0,3335.0
2021-04-12,"[55, 65)",C,252.0,0.0
2021-04-12,"[55, 65)",E,0.0,0.0
2021-04-12,"[65, 75)",A,583522.0,224652.0
2021-04-12,"[65, 75)",B,73520.0,8267.0
2021-04-12,"[65, 75)",C,179.0,10.0
2021-04-12,"[65, 75)",E,0.0,0.0
2021-04-12,"[75, 85)",A,602178.0,14149.0
2021-04-12,"[75, 85)",B,93061.0,5377.0
2021-04-12,"[75, 85)",C,0.0,0.0
2021-04-12,"[75, 85)",E,0.0,0.0
2021-04-12,"[85, 120)",A,275053.0,3503.0
2021-04-12,"[85, 120)",B,136037.0,1991.0
2021-04-12,"[85, 120)",C,0.0,0.0
2021-04-12,"[85, 120)",E,0.0,0.0
2021-04-19,"[0, 12)",A,0.0,0.0
2021-04-19,"[0, 12)",B,0.0,0.0
2021-04-19,"[0, 12)",C,0.0,0.0
2021-04-19,"[0, 12)",E,0.0,0.0
2021-04-19,"[12, 18)",A,1706.0,337.0
2021-04-19,"[12, 18)",B,1170.0,51.0
2021-04-19,"[12, 18)",C,0.0,0.0
2021-04-19,"[12, 18)",E,0.0,0.0
2021-04-19,"[18, 25)",A,80827.0,5692.0
2021-04-19,"[18, 25)",B,39963.0,2000.0
2021-04-19,"[18, 25)",C,24.0,4.0
2021-04-19,"[18, 25)",E,0.0,0.0
2021-04-19,"[25, 35)",A,175002.0,7233.0
2021-04-19,"[25, 35)",B,92194.0,3514.0
2021-04-19,"[25, 35)",C,72.0,27.0
2021-04-19,"[25, 35)",E,0.0,0.0
2021-04-19,"[35, 45)",A,183063.0,11540.0
2021-04-19,"[35, 45)",B,94399.0,4016.0
2021-04-19,"[35, 45)",C,119.0,22.0
2021-04-19,"[35, 45)",E,0.0,0.0
2021-04-19,"[45, 55)",A,233109.0,43854.0
2021-04-19,"[45, 55)",B,106324.0,5219.0
2021-04-19,"[45, 55)",C,161.0,255.0
2021-04-19,"[45, 55)",E,0.0,0.0
2021-04-19,"[55, 65)",A,388744.0,131441.0
2021-04-19,"[55, 65)",B,129127.0,7838.0
2021-04-19,"[55, 65)",C,252.0,287.0
2021-04-19,"[55, 65)",E,0.0,0.0
2021-04-19,"[65, 75)",A,808174.0,153230.0
2021-04-19,"[65, 75)",B,81787.0,29896.0
2021-04-19,"[65, 75)",C,189.0,205.0
2021-04-19,"[65, 75)",E,0.0,0.0
2021-04-19,"[75, 85)",A,616327.0,7139.0
2021-04-19,"[75, 85)",B,98438.0,25067.0
2021-04-19,"[75, 85)",C,0.0,265.0
2021-04-19,"[75, 85)",E,0.0,0.0
2021-04-19,"[85, 120)",A,278556.0,3101.0
2021-04-19,"[85, 120)",B,138028.0,8114.0
2021-04-19,"[85, 120)",C,0.0,344.0
2021-04-19,"[85, 120)",E,0.0,0.0
2021-04-26,"[0, 12)",A,0.0,0.0
2021-04-26,"[0, 12)",B,0.0,0.0
2021-04-26,"[0, 12)",C,0.0,0.0
2021-04-26,"[0, 12)",E,0.0,0.0
2021-04-26,"[12, 18)",A,2043.0,365.0
2021-04-26,"[12, 18)",B,1221.0,53.0
2021-04-26,"[12, 18)",C,0.0,0.0
2021-04-26,"[12, 18)",E,0.0,0.0
2021-04-26,"[18, 25)",A,86519.0,5558.0
2021-04-26,"[18, 25)",B,41963.0,2650.0
2021-04-26,"[18, 25)",C,28.0,126.0
2021-04-26,"[18, 25)",E,0.0,0.0
2021-04-26,"[25, 35)",A,182235.0,10821.0
2021-04-26,"[25, 35)",B,95708.0,5062.0
2021-04-26,"[25, 35)",C,99.0,368.0
2021-04-26,"[25, 35)",E,0.0,0.0
2021-04-26,"[35, 45)",A,194603.0,27541.0
2021-04-26,"[35, 45)",B,98415.0,5696.0
2021-04-26,"[35, 45)",C,141.0,1226.0
2021-04-26,"[35, 45)",E,0.0,0.0
2021-04-26,"[45, 55)",A,276963.0,93003.0
2021-04-26,"[45, 55)",B,111543.0,6595.0
2021-04-26,"[45, 55)",C,416.0,3814.0
2021-04-26,"[45, 55)",E,0.0,0.0
2021-04-26,"[55, 65)",A,520185.0,256104.0
2021-04-26,"[55, 65)",B,136965.0,12909.0
2021-04-26,"[55, 65)",C,539.0,5378.0
2021-04-26,"[55, 65)",E,0.0,0.0
2021-04-26,"[65, 75)",A,961404.0,75214.0
2021-04-26,"[65, 75)",B,111683.0,49813.0
2021-04-26,"[65, 75)",C,394.0,1909.0
2021-04-26,"[65, 75)",E,0.0,0.0
2021-04-26,"[75, 85)",A,623466.0,5480.0
2021-04-26,"[75, 85)",B,123505.0,134791.0
2021-04-26,"[75, 85)",C,265.0,1506.0
2021-04-26,"[75, 85)",E,0.0,0.0
2021-04-26,"[85, 120)",A,281657.0,2122.0
2021-04-26,"[85, 120)",B,146142.0,20116.0
2021-04-26,"[85, 120)",C,344.0,1982.0
2021-04-26,"[85, 120)",E,0.0,0.0
2021-05-03,"[0, 12)",A,0.0,0.0
2021-05-03,"[0, 12)",B,0.0,0.0
2021-05-03,"[0, 12)",C,0.0,0.0
2021-05-03,"[0, 12)",E,0.0,0.0
2021-05-03,"[12, 18)",A,2408.0,310.0
2021-05-03,"[12, 18)",B,1274.0,63.0
2021-05-03,"[12, 18)",C,0.0,0.0
2021-05-03,"[12, 18)",E,0.0,0.0
2021-05-03,"[18, 25)",A,92077.0,6188.0
2021-05-03,"[18, 25)",B,44613.0,3525.0
2021-05-03,"[18, 25)",C,154.0,70.0
2021-05-03,"[18, 25)",E,0.0,0.0
2021-05-03,"[25, 35)",A,193056.0,16392.0
2021-05-03,"[25, 35)",B,100770.0,6842.0
2021-05-03,"[25, 35)",C,467.0,211.0
2021-05-03,"[25, 35)",E,0.0,0.0
2021-05-03,"[35, 45)",A,222144.0,44747.0
2021-05-03,"[35, 45)",B,104111.0,7585.0
2021-05-03,"[35, 45)",C,1367.0,443.0
2021-05-03,"[35, 45)",E,0.0,0.0
2021-05-03,"[45, 55)",A,369966.0,102029.0
2021-05-03,"[45, 55)",B,118138.0,11995.0
2021-05-03,"[45, 55)",C,4230.0,967.0
2021-05-03,"[45, 55)",E,0.0,0.0
2021-05-03,"[55, 65)",A,776289.0,122497.0
2021-05-03,"[55, 65)",B,149874.0,20213.0
2021-05-03,"[55, 65)",C,5917.0,704.0
2021-05-03,"[55, 65)",E,0.0,0.0
2021-05-03,"[65, 75)",A,1036618.0,16981.0
2021-05-03,"[65, 75)",B,161496.0,55394.0
2021-05-03,"[65, 75)",C,2303.0,551.0
2021-05-03,"[65, 75)",E,0.0,0.0
2021-05-03,"[75, 85)",A,628946.0,3605.0
2021-05-03,"[75, 85)",B,258296.0,177002.0
2021-05-03,"[75, 85)",C,1771.0,708.0
2021-05-03,"[75, 85)",E,0.0,0.0
2021-05-03,"[85, 120)",A,283779.0,1133.0
2021-05-03,"[85, 120)",B,166258.0,3909.0
2021-05-03,"[85, 120)",C,2326.0,1212.0
2021-05-03,"[85, 120)",E,0.0,0.0
2021-05-10,"[0, 12)",A,0.0,0.0
2021-05-10,"[0, 12)",B,0.0,0.0
2021-05-10,"[0, 12)",C,0.0,0.0
2021-05-10,"[0, 12)",E,0.0,0.0
2021-05-10,"[12, 18)",A,2718.0,305.0
2021-05-10,"[12, 18)",B,1337.0,263.0
2021-05-10,"[12, 18)",C,0.0,0.0
2021-05-10,"[12, 18)",E,0.0,0.0
2021-05-10,"[18, 25)",A,98265.0,5263.0
2021-05-10,"[18, 25)",B,48138.0,8940.0
2021-05-10,"[18, 25)",C,224.0,629.0
2021-05-10,"[18, 25)",E,0.0,0.0
2021-05-10,"[25, 35)",A,209448.0,19206.0
2021-05-10,"[25, 35)",B,107612.0,15795.0
2021-05-10,"[25, 35)",C,678.0,1645.0
2021-05-10,"[25, 35)",E,0.0,0.0
2021-05-10,"[35, 45)",A,266891.0,46812.0
2021-05-10,"[35, 45)",B,111696.0,19602.0
2021-05-10,"[35, 45)",C,1810.0,3704.0
2021-05-10,"[35, 45)",E,0.0,0.0
2021-05-10,"[45, 55)",A,471995.0,219205.0
2021-05-10,"[45, 55)",B,130133.0,32610.0
2021-05-10,"[45, 55)",C,5197.0,5497.0
2021-05-10,"[45, 55)",E,0.0,0.0
2021-05-10,"[55, 65)",A,898786.0,135552.0
2021-05-10,"[55, 65)",B,170087.0,54816.0
2021-05-10,"[55, 65)",C,6621.0,3558.0
2021-05-10,"[55, 65)",E,0.0,0.0
2021-05-10,"[65, 75)",A,1053599.0,8871.0
2021-05-10,"[65, 75)",B,216890.0,129574.0
2021-05-10,"[65, 75)",C,2854.0,1068.0
2021-05-10,"[65, 75)",E,0.0,0.0
2021-05-10,"[75, 85)",A,632551.0,2257.0
2021-05-10,"[75, 85)",B,435298.0,36422.0
2021-05-10,"[75, 85)",C,2479.0,1331.0
2021-05-10,"[75, 85)",E,0.0,0.0
2021-05-10,"[85, 120)",A,284912.0,899.0
2021-05-10,"[85, 120)",B,170167.0,3107.0
2021-05-10,"[85, 120)",C,3538.0,1666.0
2021-05-10,"[85, 120)",E,0.0,0.0
2021-05-17,"[0, 12)",A,0.0,0.0
2021-05-17,"[0, 12)",B,0.0,0.0
2021-05-17,"[0, 12)",C,0.0,0.0
2021-05-17,"[0, 12)",E,0.0,0.0
2021-05-17,"[12, 18)",A,3023.0,432.0
2021-05-17,"[12, 18)",B,1600.0,415.0
2021-05-17,"[12, 18)",C,0.0,0.0
2021-05-17,"[12, 18)",E,0.0,0.0
2021-05-17,"[18, 25)",A,103528.0,8233.0
2021-05-17,"[18, 25)",B,57078.0,10609.0
2021-05-17,"[18, 25)",C,853.0,459.0
2021-05-17,"[18, 25)",E,0.0,0.0
2021-05-17,"[25, 35)",A,228654.0,25023.0
2021-05-17,"[25, 35)",B,123407.0,20690.0
2021-05-17,"[25, 35)",C,2323.0,905.0
2021-05-17,"[25, 35)",E,0.0,0.0
2021-05-17,"[35, 45)",A,313703.0,65550.0
2021-05-17,"[35, 45)",B,131298.0,24585.0
2021-05-17,"[35, 45)",C,5514.0,6051.0
2021-05-17,"[35, 45)",E,0.0,0.0
2021-05-17,"[45, 55)",A,691200.0,81247.0
2021-05-17,"[45, 55)",B,162743.0,54690.0
2021-05-17,"[45, 55)",C,10694.0,10161.0
2021-05-17,"[45, 55)",E,0.0,0.0
2021-05-17,"[55, 65)",A,1034338.0,41288.0
2021-05-17,"[55, 65)",B,224903.0,86466.0
2021-05-17,"[55, 65)",C,10179.0,3606.0
2021-05-17,"[55, 65)",E,0.0,0.0
2021-05-17,"[65, 75)",A,1062470.0,3954.0
2021-05-17,"[65, 75)",B,346464.0,175150.0
2021-05-17,"[65, 75)",C,3922.0,1003.0
2021-05-17,"[65, 75)",E,0.0,0.0
2021-05-17,"[75, 85)",A,634808.0,1018.0
2021-05-17,"[75, 85)",B,471720.0,14626.0
2021-05-17,"[75, 85)",C,3810.0,1015.0
2021-05-17,"[75, 85)",E,0.0,0.0
2021-05-17,"[85, 120)",A,285811.0,356.0
2021-05-17,"[85, 120)",B,173274.0,3189.0
2021-05-17,"[85, 120)",C,5204.0,1095.0
2021-05-17,"[85, 120)",E,0.0,0.0
2021-05-24,"[0, 12)",A,0.0,0.0
2021-05-24,"[0, 12)",B,0.0,0.0
2021-05-24,"[0, 12)",C,0.0,0.0
2021-05-24,"[0, 12)",E,0.0,0.0
2021-05-24,"[12, 18)",A,3455.0,1119.0
2021-05-24,"[12, 18)",B,2015.0,286.0
2021-05-24,"[12, 18)",C,0.0,0.0
2021-05-24,"[12, 18)",E,0.0,0.0
2021-05-24,"[18, 25)",A,111761.0,19496.0
2021-05-24,"[18, 25)",B,67687.0,10499.0
2021-05-24,"[18, 25)",C,1312.0,155.0
2021-05-24,"[18, 25)",E,0.0,0.0
2021-05-24,"[25, 35)",A,253677.0,57074.0
2021-05-24,"[25, 35)",B,144097.0,24306.0
2021-05-24,"[25, 35)",C,3228.0,474.0
2021-05-24,"[25, 35)",E,0.0,0.0
2021-05-24,"[35, 45)",A,379253.0,116483.0
2021-05-24,"[35, 45)",B,155883.0,29279.0
2021-05-24,"[35, 45)",C,11565.0,5085.0
2021-05-24,"[35, 45)",E,0.0,0.0
2021-05-24,"[45, 55)",A,772447.0,106183.0
2021-05-24,"[45, 55)",B,217433.0,60700.0
2021-05-24,"[45, 55)",C,20855.0,8541.0
2021-05-24,"[45, 55)",E,0.0,0.0
2021-05-24,"[55, 65)",A,1075626.0,169373.0
2021-05-24,"[55, 65)",B,311369.0,115201.0
2021-05-24,"[55, 65)",C,13785.0,7327.0
2021-05-24,"[55, 65)",E,0.0,0.0
2021-05-24,"[65, 75)",A,1066424.0,5379.0
2021-05-24,"[65, 75)",B,521614.0,139732.0
2021-05-24,"[65, 75)",C,4925.0,830.0
2021-05-24,"[65, 75)",E,0.0,0.0
2021-05-24,"[75, 85)",A,635826.0,1942.0
2021-05-24,"[75, 85)",B,486346.0,15717.0
2021-05-24,"[75, 85)",C,4825.0,825.0
2021-05-24,"[75, 85)",E,0.0,0.0
2021-05-24,"[85, 120)",A,286167.0,624.0
2021-05-24,"[85, 120)",B,176463.0,6748.0
2021-05-24,"[85, 120)",C,6299.0,1124.0
2021-05-24,"[85, 120)",E,0.0,0.0
2021-05-31,"[0, 12)",A,0.0,0.0
2021-05-31,"[0, 12)",B,0.0,0.0
2021-05-31,"[0, 12)",C,0.0,0.0
2021-05-31,"[0, 12)",E,0.0,0.0
2021-05-31,"[12, 18)",A,4574.0,1985.0
2021-05-31,"[12, 18)",B,2301.0,234.0
2021-05-31,"[12, 18)",C,0.0,0.0
2021-05-31,"[12, 18)",E,0.0,0.0
2021-05-31,"[18, 25)",A,131257.0,28052.0
2021-05-31,"[18, 25)",B,78186.0,11241.0
2021-05-31,"[18, 25)",C,1467.0,119.0
2021-05-31,"[18, 25)",E,0.0,0.0
2021-05-31,"[25, 35)",A,310751.0,68257.0
2021-05-31,"[25, 35)",B,168403.0,21036.0
2021-05-31,"[25, 35)",C,3702.0,350.0
2021-05-31,"[25, 35)",E,0.0,0.0
2021-05-31,"[35, 45)",A,495736.0,119096.0
2021-05-31,"[35, 45)",B,185162.0,35962.0
2021-05-31,"[35, 45)",C,16650.0,5748.0
2021-05-31,"[35, 45)",E,0.0,0.0
2021-05-31,"[45, 55)",A,878630.0,205577.0
2021-05-31,"[45, 55)",B,278133.0,76981.0
2021-05-31,"[45, 55)",C,29396.0,32538.0
2021-05-31,"[45, 55)",E,0.0,0.0
2021-05-31,"[55, 65)",A,1244999.0,67389.0
2021-05-31,"[55, 65)",B,426570.0,221768.0
2021-05-31,"[55, 65)",C,21112.0,5599.0
2021-05-31,"[55, 65)",E,0.0,0.0
2021-05-31,"[65, 75)",A,1071803.0,3670.0
2021-05-31,"[65, 75)",B,661346.0,75539.0
2021-05-31,"[65, 75)",C,5755.0,864.0
2021-05-31,"[65, 75)",E,0.0,0.0
2021-05-31,"[75, 85)",A,637768.0,1325.0
2021-05-31,"[75, 85)",B,502063.0,39390.0
2021-05-31,"[75, 85)",C,5650.0,675.0
2021-05-31,"[75, 85)",E,0.0,0.0
2021-05-31,"[85, 120)",A,286791.0,482.0
2021-05-31,"[85, 120)",B,183211.0,49949.0
2021-05-31,"[85, 120)",C,7423.0,721.0
2021-05-31,"[85, 120)",E,0.0,0.0
2021-06-07,"[0, 12)",A,0.0,0.0
2021-06-07,"[0, 12)",B,0.0,0.0
2021-06-07,"[0, 12)",C,0.0,0.0
2021-06-07,"[0, 12)",E,0.0,0.0
2021-06-07,"[12, 18)",A,6559.0,6594.0
2021-06-07,"[12, 18)",B,2535.0,291.0
2021-06-07,"[12, 18)",C,0.0,43.0
2021-06-07,"[12, 18)",E,0.0,0.0
2021-06-07,"[18, 25)",A,159309.0,61490.0
2021-06-07,"[18, 25)",B,89427.0,7775.0
2021-06-07,"[18, 25)",C,1586.0,2997.0
2021-06-07,"[18, 25)",E,0.0,0.0
2021-06-07,"[25, 35)",A,379008.0,146662.0
2021-06-07,"[25, 35)",B,189439.0,22004.0
2021-06-07,"[25, 35)",C,4052.0,2956.0
2021-06-07,"[25, 35)",E,0.0,0.0
2021-06-07,"[35, 45)",A,614832.0,311602.0
2021-06-07,"[35, 45)",B,221124.0,41808.0
2021-06-07,"[35, 45)",C,22398.0,24214.0
2021-06-07,"[35, 45)",E,0.0,0.0
2021-06-07,"[45, 55)",A,1084207.0,85231.0
2021-06-07,"[45, 55)",B,355114.0,70612.0
2021-06-07,"[45, 55)",C,61934.0,35076.0
2021-06-07,"[45, 55)",E,0.0,0.0
2021-06-07,"[55, 65)",A,1312388.0,12340.0
2021-06-07,"[55, 65)",B,648338.0,97339.0
2021-06-07,"[55, 65)",C,26711.0,2389.0
2021-06-07,"[55, 65)",E,0.0,0.0
2021-06-07,"[65, 75)",A,1075473.0,2984.0
2021-06-07,"[65, 75)",B,736885.0,33989.0
2021-06-07,"[65, 75)",C,6619.0,734.0
2021-06-07,"[65, 75)",E,0.0,0.0
2021-06-07,"[75, 85)",A,639093.0,1071.0
2021-06-07,"[75, 85)",B,541453.0,28188.0
2021-06-07,"[75, 85)",C,6325.0,576.0
2021-06-07,"[75, 85)",E,0.0,0.0
2021-06-07,"[85, 120)",A,287273.0,414.0
2021-06-07,"[85, 120)",B,233160.0,31386.0
2021-06-07,"[85, 120)",C,8144.0,586.0
2021-06-07,"[85, 120)",E,0.0,0.0
2021-06-14,"[0, 12)",A,0.0,0.0
2021-06-14,"[0, 12)",B,0.0,0.0
2021-06-14,"[0, 12)",C,0.0,0.0
2021-06-14,"[0, 12)",E,0.0,0.0
2021-06-14,"[12, 18)",A,13153.0,34135.0
2021-06-14,"[12, 18)",B,2826.0,451.0
2021-06-14,"[12, 18)",C,43.0,1361.0
2021-06-14,"[12, 18)",E,0.0,0.0
2021-06-14,"[18, 25)",A,220799.0,108035.0
2021-06-14,"[18, 25)",B,97202.0,9803.0
2021-06-14,"[18, 25)",C,4583.0,18469.0
2021-06-14,"[18, 25)",E,0.0,0.0
2021-06-14,"[25, 35)",A,525670.0,270962.0
2021-06-14,"[25, 35)",B,211443.0,27348.0
2021-06-14,"[25, 35)",C,7008.0,3639.0
2021-06-14,"[25, 35)",E,0.0,0.0
2021-06-14,"[35, 45)",A,926434.0,139162.0
2021-06-14,"[35, 45)",B,262932.0,47703.0
2021-06-14,"[35, 45)",C,46612.0,3586.0
2021-06-14,"[35, 45)",E,0.0,0.0
2021-06-14,"[45, 55)",A,1169438.0,17089.0
2021-06-14,"[45, 55)",B,425726.0,104419.0
2021-06-14,"[45, 55)",C,97010.0,2667.0
2021-06-14,"[45, 55)",E,0.0,0.0
2021-06-14,"[55, 65)",A,1324728.0,6661.0
2021-06-14,"[55, 65)",B,745677.0,49804.0
2021-06-14,"[55, 65)",C,29100.0,1184.0
2021-06-14,"[55, 65)",E,0.0,0.0
2021-06-14,"[65, 75)",A,1078457.0,2134.0
2021-06-14,"[65, 75)",B,770874.0,25131.0
2021-06-14,"[65, 75)",C,7353.0,666.0
2021-06-14,"[65, 75)",E,0.0,0.0
2021-06-14,"[75, 85)",A,640164.0,842.0
2021-06-14,"[75, 85)",B,569641.0,26424.0
2021-06-14,"[75, 85)",C,6901.0,482.0
2021-06-14,"[75, 85)",E,0.0,0.0
2021-06-14,"[85, 120)",A,287687.0,321.0
2021-06-14,"[85, 120)",B,264546.0,6682.0
2021-06-14,"[85, 120)",C,8730.0,438.0
2021-06-14,"[85, 120)",E,0.0,0.0
2021-06-21,"[0, 12)",A,0.0,0.0
2021-06-21,"[0, 12)",B,0.0,0.0
2021-06-21,"[0, 12)",C,0.0,0.0
2021-06-21,"[0, 12)",E,0.0,0.0
2021-06-21,"[12, 18)",A,47288.0,43129.0
2021-06-21,"[12, 18)",B,3277.0,506.0
2021-06-21,"[12, 18)",C,1404.0,2066.0
2021-06-21,"[12, 18)",E,0.0,0.0
2021-06-21,"[18, 25)",A,328834.0,117180.0
2021-06-21,"[18, 25)",B,107005.0,8188.0
2021-06-21,"[18, 25)",C,23052.0,12748.0
2021-06-21,"[18, 25)",E,0.0,0.0
2021-06-21,"[25, 35)",A,796632.0,196399.0
2021-06-21,"[25, 35)",B,238791.0,25324.0
2021-06-21,"[25, 35)",C,10647.0,4256.0
2021-06-21,"[25, 35)",E,0.0,0.0
2021-06-21,"[35, 45)",A,1065596.0,28343.0
2021-06-21,"[35, 45)",B,310635.0,64404.0
2021-06-21,"[35, 45)",C,50198.0,1829.0
2021-06-21,"[35, 45)",E,0.0,0.0
2021-06-21,"[45, 55)",A,1186527.0,8574.0
2021-06-21,"[45, 55)",B,530145.0,68992.0
2021-06-21,"[45, 55)",C,99677.0,1858.0
2021-06-21,"[45, 55)",E,0.0,0.0
2021-06-21,"[55, 65)",A,1331389.0,4244.0
2021-06-21,"[55, 65)",B,795481.0,57354.0
2021-06-21,"[55, 65)",C,30284.0,904.0
2021-06-21,"[55, 65)",E,0.0,0.0
2021-06-21,"[65, 75)",A,1080591.0,1714.0
2021-06-21,"[65, 75)",B,796005.0,48926.0
2021-06-21,"[65, 75)",C,8019.0,564.0
2021-06-21,"[65, 75)",E,0.0,0.0
2021-06-21,"[75, 85)",A,641006.0,641.0
2021-06-21,"[75, 85)",B,596065.0,19537.0
2021-06-21,"[75, 85)",C,7383.0,353.0
2021-06-21,"[75, 85)",E,0.0,0.0
2021-06-21,"[85, 120)",A,288008.0,208.0
2021-06-21,"[85, 120)",B,271228.0,3432.0
2021-06-21,"[85, 120)",C,9168.0,296.0
2021-06-21,"[85, 120)",E,0.0,0.0
2021-06-28,"[0, 12)",A,0.0,0.0
2021-06-28,"[0, 12)",B,0.0,0.0
2021-06-28,"[0, 12)",C,0.0,0.0
2021-06-28,"[0, 12)",E,0.0,0.0
2021-06-28,"[12, 18)",A,90417.0,28078.0
2021-06-28,"[12, 18)",B,3783.0,1638.0
2021-06-28,"[12, 18)",C,3470.0,847.0
2021-06-28,"[12, 18)",E,0.0,0.0
2021-06-28,"[18, 25)",A,446014.0,86266.0
2021-06-28,"[18, 25)",B,115193.0,22078.0
2021-06-28,"[18, 25)",C,35800.0,5613.0
2021-06-28,"[18, 25)",E,0.0,0.0
2021-06-28,"[25, 35)",A,993031.0,29942.0
2021-06-28,"[25, 35)",B,264115.0,61541.0
2021-06-28,"[25, 35)",C,14903.0,2344.0
2021-06-28,"[25, 35)",E,0.0,0.0
2021-06-28,"[35, 45)",A,1093939.0,11500.0
2021-06-28,"[35, 45)",B,375039.0,126961.0
2021-06-28,"[35, 45)",C,52027.0,1751.0
2021-06-28,"[35, 45)",E,0.0,0.0
2021-06-28,"[45, 55)",A,1195101.0,5136.0
2021-06-28,"[45, 55)",B,599137.0,122194.0
2021-06-28,"[45, 55)",C,101535.0,1834.0
2021-06-28,"[45, 55)",E,0.0,0.0
2021-06-28,"[55, 65)",A,1335633.0,3032.0
2021-06-28,"[55, 65)",B,852835.0,192265.0
2021-06-28,"[55, 65)",C,31188.0,1308.0
2021-06-28,"[55, 65)",E,0.0,0.0
2021-06-28,"[65, 75)",A,1082305.0,1927.0
2021-06-28,"[65, 75)",B,844931.0,145411.0
2021-06-28,"[65, 75)",C,8583.0,882.0
2021-06-28,"[65, 75)",E,0.0,0.0
2021-06-28,"[75, 85)",A,641647.0,764.0
2021-06-28,"[75, 85)",B,615602.0,11971.0
2021-06-28,"[75, 85)",C,7736.0,489.0
2021-06-28,"[75, 85)",E,0.0,0.0
2021-06-28,"[85, 120)",A,288216.0,315.0
2021-06-28,"[85, 120)",B,274660.0,3403.0
2021-06-28,"[85, 120)",C,9464.0,275.0
2021-06-28,"[85, 120)",E,0.0,0.0
2021-07-05,"[0, 12)",A,0.0,0.0
2021-07-05,"[0, 12)",B,0.0,0.0
2021-07-05,"[0, 12)",C,0.0,0.0
2021-07-05,"[0, 12)",E,0.0,0.0
2021-07-05,"[12, 18)",A,118495.0,60345.0
2021-07-05,"[12, 18)",B,5421.0,5889.0
2021-07-05,"[12, 18)",C,4317.0,927.0
2021-07-05,"[12, 18)",E,0.0,0.0
2021-07-05,"[18, 25)",A,532280.0,51940.0
2021-07-05,"[18, 25)",B,137271.0,32844.0
2021-07-05,"[18, 25)",C,41413.0,4549.0
2021-07-05,"[18, 25)",E,0.0,0.0
2021-07-05,"[25, 35)",A,1022973.0,20006.0
2021-07-05,"[25, 35)",B,325656.0,85682.0
2021-07-05,"[25, 35)",C,17247.0,2625.0
2021-07-05,"[25, 35)",E,0.0,0.0
2021-07-05,"[35, 45)",A,1105439.0,9227.0
2021-07-05,"[35, 45)",B,502000.0,115682.0
2021-07-05,"[35, 45)",C,53778.0,2413.0
2021-07-05,"[35, 45)",E,0.0,0.0
2021-07-05,"[45, 55)",A,1200237.0,5204.0
2021-07-05,"[45, 55)",B,721331.0,219091.0
2021-07-05,"[45, 55)",C,103369.0,3025.0
2021-07-05,"[45, 55)",E,0.0,0.0
2021-07-05,"[55, 65)",A,1338665.0,3456.0
2021-07-05,"[55, 65)",B,1045100.0,125339.0
2021-07-05,"[55, 65)",C,32496.0,2193.0
2021-07-05,"[55, 65)",E,0.0,0.0
2021-07-05,"[65, 75)",A,1084232.0,2078.0
2021-07-05,"[65, 75)",B,990342.0,41266.0
2021-07-05,"[65, 75)",C,9465.0,1597.0
2021-07-05,"[65, 75)",E,0.0,0.0
2021-07-05,"[75, 85)",A,642411.0,836.0
2021-07-05,"[75, 85)",B,627573.0,2904.0
2021-07-05,"[75, 85)",C,8225.0,846.0
2021-07-05,"[75, 85)",E,0.0,0.0
2021-07-05,"[85, 120)",A,288531.0,312.0
2021-07-05,"[85, 120)",B,278063.0,1329.0
2021-07-05,"[85, 120)",C,9739.0,546.0
2021-07-05,"[85, 120)",E,0.0,0.0
2021-07-12,"[0, 12)",A,0.0,0.0
2021-07-12,"[0, 12)",B,0.0,0.0
2021-07-12,"[0, 12)",C,0.0,0.0
2021-07-12,"[0, 12)",E,0.0,0.0
2021-07-12,"[12, 18)",A,178840.0,75221.0
2021-07-12,"[12, 18)",B,11310.0,14179.0
2021-07-12,"[12, 18)",C,5244.0,260.0
2021-07-12,"[12, 18)",E,0.0,0.0
2021-07-12,"[18, 25)",A,584220.0,17474.0
2021-07-12,"[18, 25)",B,170115.0,69814.0
2021-07-12,"[18, 25)",C,45962.0,1456.0
2021-07-12,"[18, 25)",E,0.0,0.0
2021-07-12,"[25, 35)",A,1042979.0,11594.0
2021-07-12,"[25, 35)",B,411338.0,149856.0
2021-07-12,"[25, 35)",C,19872.0,1270.0
2021-07-12,"[25, 35)",E,0.0,0.0
2021-07-12,"[35, 45)",A,1114666.0,6147.0
2021-07-12,"[35, 45)",B,617682.0,268870.0
2021-07-12,"[35, 45)",C,56191.0,1545.0
2021-07-12,"[35, 45)",E,0.0,0.0
2021-07-12,"[45, 55)",A,1205441.0,3982.0
2021-07-12,"[45, 55)",B,940422.0,99640.0
2021-07-12,"[45, 55)",C,106394.0,2257.0
2021-07-12,"[45, 55)",E,0.0,0.0
2021-07-12,"[55, 65)",A,1342121.0,2916.0
2021-07-12,"[55, 65)",B,1170439.0,53297.0
2021-07-12,"[55, 65)",C,34689.0,1717.0
2021-07-12,"[55, 65)",E,0.0,0.0
2021-07-12,"[65, 75)",A,1086310.0,1538.0
2021-07-12,"[65, 75)",B,1031608.0,22618.0
2021-07-12,"[65, 75)",C,11062.0,964.0
2021-07-12,"[65, 75)",E,0.0,0.0
2021-07-12,"[75, 85)",A,643247.0,595.0
2021-07-12,"[75, 85)",B,630477.0,2568.0
2021-07-12,"[75, 85)",C,9071.0,543.0
2021-07-12,"[75, 85)",E,0.0,0.0
2021-07-12,"[85, 120)",A,288843.0,288.0
2021-07-12,"[85, 120)",B,279392.0,1040.0
2021-07-12,"[85, 120)",C,10285.0,386.0
2021-07-12,"[85, 120)",E,0.0,0.0
2021-07-19,"[0, 12)",A,0.0,0.0
2021-07-19,"[0, 12)",B,0.0,0.0
2021-07-19,"[0, 12)",C,0.0,0.0
2021-07-19,"[0, 12)",E,0.0,0.0
2021-07-19,"[12, 18)",A,254061.0,96346.0
2021-07-19,"[12, 18)",B,25489.0,38489.0
2021-07-19,"[12, 18)",C,5504.0,129.0
2021-07-19,"[12, 18)",E,0.0,0.0
2021-07-19,"[18, 25)",A,601694.0,10676.0
2021-07-19,"[18, 25)",B,239929.0,105723.0
2021-07-19,"[18, 25)",C,47418.0,953.0
2021-07-19,"[18, 25)",E,0.0,0.0
2021-07-19,"[25, 35)",A,1054573.0,9778.0
2021-07-19,"[25, 35)",B,561194.0,241656.0
2021-07-19,"[25, 35)",C,21142.0,1267.0
2021-07-19,"[25, 35)",E,0.0,0.0
2021-07-19,"[35, 45)",A,1120813.0,6217.0
2021-07-19,"[35, 45)",B,886552.0,135604.0
2021-07-19,"[35, 45)",C,57736.0,1542.0
2021-07-19,"[35, 45)",E,0.0,0.0
2021-07-19,"[45, 55)",A,1209423.0,3993.0
2021-07-19,"[45, 55)",B,1040062.0,44345.0
2021-07-19,"[45, 55)",C,108651.0,2080.0
2021-07-19,"[45, 55)",E,0.0,0.0
2021-07-19,"[55, 65)",A,1345037.0,2585.0
2021-07-19,"[55, 65)",B,1223736.0,49292.0
2021-07-19,"[55, 65)",C,36406.0,1510.0
2021-07-19,"[55, 65)",E,0.0,0.0
2021-07-19,"[65, 75)",A,1087848.0,1241.0
2021-07-19,"[65, 75)",B,1054226.0,16706.0
2021-07-19,"[65, 75)",C,12026.0,807.0
2021-07-19,"[65, 75)",E,0.0,0.0
2021-07-19,"[75, 85)",A,643842.0,515.0
2021-07-19,"[75, 85)",B,633045.0,2159.0
2021-07-19,"[75, 85)",C,9614.0,330.0
2021-07-19,"[75, 85)",E,0.0,0.0
2021-07-19,"[85, 120)",A,289131.0,195.0
2021-07-19,"[85, 120)",B,280432.0,1051.0
2021-07-19,"[85, 120)",C,10671.0,284.0
2021-07-19,"[85, 120)",E,0.0,0.0
2021-07-26,"[0, 12)",A,0.0,0.0
2021-07-26,"[0, 12)",B,0.0,0.0
2021-07-26,"[0, 12)",C,0.0,0.0
2021-07-26,"[0, 12)",E,0.0,0.0
2021-07-26,"[12, 18)",A,350407.0,104017.0
2021-07-26,"[12, 18)",B,63978.0,54552.0
2021-07-26,"[12, 18)",C,5633.0,140.0
2021-07-26,"[12, 18)",E,0.0,0.0
2021-07-26,"[18, 25)",A,612370.0,9864.0
2021-07-26,"[18, 25)",B,345652.0,112051.0
2021-07-26,"[18, 25)",C,48371.0,1014.0
2021-07-26,"[18, 25)",E,0.0,0.0
2021-07-26,"[25, 35)",A,1064351.0,10887.0
2021-07-26,"[25, 35)",B,802850.0,182898.0
2021-07-26,"[25, 35)",C,22409.0,1279.0
2021-07-26,"[25, 35)",E,0.0,0.0
2021-07-26,"[35, 45)",A,1127030.0,6657.0
2021-07-26,"[35, 45)",B,1022156.0,40919.0
2021-07-26,"[35, 45)",C,59278.0,1539.0
2021-07-26,"[35, 45)",E,0.0,0.0
2021-07-26,"[45, 55)",A,1213416.0,3911.0
2021-07-26,"[45, 55)",B,1084407.0,39728.0
2021-07-26,"[45, 55)",C,110731.0,1988.0
2021-07-26,"[45, 55)",E,0.0,0.0
2021-07-26,"[55, 65)",A,1347622.0,2580.0
2021-07-26,"[55, 65)",B,1273028.0,22862.0
2021-07-26,"[55, 65)",C,37916.0,1393.0
2021-07-26,"[55, 65)",E,0.0,0.0
2021-07-26,"[65, 75)",A,1089089.0,1308.0
2021-07-26,"[65, 75)",B,1070932.0,5691.0
2021-07-26,"[65, 75)",C,12833.0,650.0
2021-07-26,"[65, 75)",E,0.0,0.0
2021-07-26,"[75, 85)",A,644357.0,447.0
2021-07-26,"[75, 85)",B,635204.0,1695.0
2021-07-26,"[75, 85)",C,9944.0,330.0
2021-07-26,"[75, 85)",E,0.0,0.0
2021-07-26,"[85, 120)",A,289326.0,168.0
2021-07-26,"[85, 120)",B,281483.0,612.0
2021-07-26,"[85, 120)",C,10955.0,222.0
2021-07-26,"[85, 120)",E,0.0,0.0
2021-08-02,"[0, 12)",A,0.0,0.0
2021-08-02,"[0, 12)",B,0.0,0.0
2021-08-02,"[0, 12)",C,0.0,0.0
2021-08-02,"[0, 12)",E,0.0,0.0
2021-08-02,"[12, 18)",A,454424.0,51274.0
2021-08-02,"[12, 18)",B,118530.0,53768.0
2021-08-02,"[12, 18)",C,5773.0,64.0
2021-08-02,"[12, 18)",E,0.0,0.0
2021-08-02,"[18, 25)",A,622234.0,7824.0
2021-08-02,"[18, 25)",B,457703.0,79613.0
2021-08-02,"[18, 25)",C,49385.0,840.0
2021-08-02,"[18, 25)",E,0.0,0.0
2021-08-02,"[25, 35)",A,1075238.0,9447.0
2021-08-02,"[25, 35)",B,985748.0,32983.0
2021-08-02,"[25, 35)",C,23688.0,1054.0
2021-08-02,"[25, 35)",E,0.0,0.0
2021-08-02,"[35, 45)",A,1133687.0,6143.0
2021-08-02,"[35, 45)",B,1063075.0,30882.0
2021-08-02,"[35, 45)",C,60817.0,1312.0
2021-08-02,"[35, 45)",E,0.0,0.0
2021-08-02,"[45, 55)",A,1217327.0,3717.0
2021-08-02,"[45, 55)",B,1124135.0,64306.0
2021-08-02,"[45, 55)",C,112719.0,1513.0
2021-08-02,"[45, 55)",E,0.0,0.0
2021-08-02,"[55, 65)",A,1350202.0,2010.0
2021-08-02,"[55, 65)",B,1295890.0,37785.0
2021-08-02,"[55, 65)",C,39309.0,995.0
2021-08-02,"[55, 65)",E,0.0,0.0
2021-08-02,"[65, 75)",A,1090397.0,949.0
2021-08-02,"[65, 75)",B,1076623.0,3962.0
2021-08-02,"[65, 75)",C,13483.0,584.0
2021-08-02,"[65, 75)",E,0.0,0.0
2021-08-02,"[75, 85)",A,644804.0,326.0
2021-08-02,"[75, 85)",B,636899.0,1105.0
2021-08-02,"[75, 85)",C,10274.0,339.0
2021-08-02,"[75, 85)",E,0.0,0.0
2021-08-02,"[85, 120)",A,289494.0,167.0
2021-08-02,"[85, 120)",B,282095.0,513.0
2021-08-02,"[85, 120)",C,11177.0,207.0
2021-08-02,"[85, 120)",E,0.0,0.0
2021-08-09,"[0, 12)",A,0.0,0.0
2021-08-09,"[0, 12)",B,0.0,0.0
2021-08-09,"[0, 12)",C,0.0,0.0
2021-08-09,"[0, 12)",E,0.0,0.0
2021-08-09,"[12, 18)",A,505698.0,25819.0
2021-08-09,"[12, 18)",B,172298.0,104206.0
2021-08-09,"[12, 18)",C,5837.0,100.0
2021-08-09,"[12, 18)",E,0.0,0.0
2021-08-09,"[18, 25)",A,630058.0,6304.0
2021-08-09,"[18, 25)",B,537316.0,46379.0
2021-08-09,"[18, 25)",C,50225.0,969.0
2021-08-09,"[18, 25)",E,0.0,0.0
2021-08-09,"[25, 35)",A,1084685.0,8193.0
2021-08-09,"[25, 35)",B,1018731.0,18924.0
2021-08-09,"[25, 35)",C,24742.0,1138.0
2021-08-09,"[25, 35)",E,0.0,0.0
2021-08-09,"[35, 45)",A,1139830.0,5772.0
2021-08-09,"[35, 45)",B,1093957.0,12864.0
2021-08-09,"[35, 45)",C,62129.0,1109.0
2021-08-09,"[35, 45)",E,0.0,0.0
2021-08-09,"[45, 55)",A,1221044.0,2688.0
2021-08-09,"[45, 55)",B,1188441.0,9502.0
2021-08-09,"[45, 55)",C,114232.0,1030.0
2021-08-09,"[45, 55)",E,0.0,0.0
2021-08-09,"[55, 65)",A,1352212.0,1338.0
2021-08-09,"[55, 65)",B,1333675.0,4395.0
2021-08-09,"[55, 65)",C,40304.0,726.0
2021-08-09,"[55, 65)",E,0.0,0.0
2021-08-09,"[65, 75)",A,1091346.0,637.0
2021-08-09,"[65, 75)",B,1080585.0,1815.0
2021-08-09,"[65, 75)",C,14067.0,410.0
2021-08-09,"[65, 75)",E,0.0,0.0
2021-08-09,"[75, 85)",A,645130.0,239.0
2021-08-09,"[75, 85)",B,638004.0,668.0
2021-08-09,"[75, 85)",C,10613.0,201.0
2021-08-09,"[75, 85)",E,0.0,0.0
2021-08-09,"[85, 120)",A,289661.0,94.0
2021-08-09,"[85, 120)",B,282608.0,295.0
2021-08-09,"[85, 120)",C,11384.0,134.0
2021-08-09,"[85, 120)",E,0.0,0.0
2021-08-16,"[0, 12)",A,0.0,0.0
2021-08-16,"[0, 12)",B,0.0,0.0
2021-08-16,"[0, 12)",C,0.0,0.0
2021-08-16,"[0, 12)",E,0.0,0.0
2021-08-16,"[12, 18)",A,531517.0,21887.0
2021-08-16,"[12, 18)",B,276504.0,137143.0
2021-08-16,"[12, 18)",C,5937.0,106.0
2021-08-16,"[12, 18)",E,0.0,0.0
2021-08-16,"[18, 25)",A,636362.0,6248.0
2021-08-16,"[18, 25)",B,583695.0,19632.0
2021-08-16,"[18, 25)",C,51194.0,854.0
2021-08-16,"[18, 25)",E,0.0,0.0
2021-08-16,"[25, 35)",A,1092878.0,7778.0
2021-08-16,"[25, 35)",B,1037655.0,15158.0
2021-08-16,"[25, 35)",C,25880.0,1072.0
2021-08-16,"[25, 35)",E,0.0,0.0
2021-08-16,"[35, 45)",A,1145602.0,5365.0
2021-08-16,"[35, 45)",B,1106821.0,9968.0
2021-08-16,"[35, 45)",C,63238.0,1057.0
2021-08-16,"[35, 45)",E,0.0,0.0
2021-08-16,"[45, 55)",A,1223732.0,2299.0
2021-08-16,"[45, 55)",B,1197943.0,7220.0
2021-08-16,"[45, 55)",C,115262.0,974.0
2021-08-16,"[45, 55)",E,0.0,0.0
2021-08-16,"[55, 65)",A,1353550.0,1078.0
2021-08-16,"[55, 65)",B,1338070.0,4044.0
2021-08-16,"[55, 65)",C,41030.0,641.0
2021-08-16,"[55, 65)",E,0.0,0.0
2021-08-16,"[65, 75)",A,1091983.0,495.0
2021-08-16,"[65, 75)",B,1082400.0,2013.0
2021-08-16,"[65, 75)",C,14477.0,318.0
2021-08-16,"[65, 75)",E,0.0,0.0
2021-08-16,"[75, 85)",A,645369.0,220.0
2021-08-16,"[75, 85)",B,638672.0,805.0
2021-08-16,"[75, 85)",C,10814.0,152.0
2021-08-16,"[75, 85)",E,0.0,0.0
2021-08-16,"[85, 120)",A,289755.0,80.0
2021-08-16,"[85, 120)",B,282903.0,323.0
2021-08-16,"[85, 120)",C,11518.0,103.0
2021-08-16,"[85, 120)",E,0.0,0.0
2021-08-23,"[0, 12)",A,0.0,0.0
2021-08-23,"[0, 12)",B,0.0,0.0
2021-08-23,"[0, 12)",C,0.0,0.0
2021-08-23,"[0, 12)",E,0.0,0.0
2021-08-23,"[12, 18)",A,553404.0,20922.0
2021-08-23,"[12, 18)",B,413647.0,74504.0
2021-08-23,"[12, 18)",C,6043.0,106.0
2021-08-23,"[12, 18)",E,0.0,0.0
2021-08-23,"[18, 25)",A,642610.0,6549.0
2021-08-23,"[18, 25)",B,603327.0,11116.0
2021-08-23,"[18, 25)",C,52048.0,901.0
2021-08-23,"[18, 25)",E,0.0,0.0
2021-08-23,"[25, 35)",A,1100656.0,7577.0
2021-08-23,"[25, 35)",B,1052813.0,11614.0
2021-08-23,"[25, 35)",C,26952.0,1209.0
2021-08-23,"[25, 35)",E,0.0,0.0
2021-08-23,"[35, 45)",A,1150967.0,5068.0
2021-08-23,"[35, 45)",B,1116789.0,8350.0
2021-08-23,"[35, 45)",C,64295.0,1120.0
2021-08-23,"[35, 45)",E,0.0,0.0
2021-08-23,"[45, 55)",A,1226031.0,2219.0
2021-08-23,"[45, 55)",B,1205163.0,5465.0
2021-08-23,"[45, 55)",C,116236.0,919.0
2021-08-23,"[45, 55)",E,0.0,0.0
2021-08-23,"[55, 65)",A,1354628.0,1008.0
2021-08-23,"[55, 65)",B,1342114.0,2838.0
2021-08-23,"[55, 65)",C,41671.0,574.0
2021-08-23,"[55, 65)",E,0.0,0.0
2021-08-23,"[65, 75)",A,1092478.0,468.0
2021-08-23,"[65, 75)",B,1084413.0,1286.0
2021-08-23,"[65, 75)",C,14795.0,316.0
2021-08-23,"[65, 75)",E,0.0,0.0
2021-08-23,"[75, 85)",A,645589.0,188.0
2021-08-23,"[75, 85)",B,639477.0,421.0
2021-08-23,"[75, 85)",C,10966.0,118.0
2021-08-23,"[75, 85)",E,0.0,0.0
2021-08-23,"[85, 120)",A,289835.0,70.0
2021-08-23,"[85, 120)",B,283226.0,202.0
2021-08-23,"[85, 120)",C,11621.0,99.0
2021-08-23,"[85, 120)",E,0.0,0.0
2021-08-30,"[0, 12)",A,0.0,0.0
2021-08-30,"[0, 12)",B,0.0,0.0
2021-08-30,"[0, 12)",C,0.0,0.0
2021-08-30,"[0, 12)",E,0.0,0.0
2021-08-30,"[12, 18)",A,574326.0,14540.0
2021-08-30,"[12, 18)",B,488151.0,27177.0
2021-08-30,"[12, 18)",C,6149.0,98.0
2021-08-30,"[12, 18)",E,0.0,0.0
2021-08-30,"[18, 25)",A,649159.0,5239.0
2021-08-30,"[18, 25)",B,614443.0,7636.0
2021-08-30,"[18, 25)",C,52949.0,750.0
2021-08-30,"[18, 25)",E,0.0,0.0
2021-08-30,"[25, 35)",A,1108233.0,6119.0
2021-08-30,"[25, 35)",B,1064427.0,8986.0
2021-08-30,"[25, 35)",C,28161.0,1041.0
2021-08-30,"[25, 35)",E,0.0,0.0
2021-08-30,"[35, 45)",A,1156035.0,3926.0
2021-08-30,"[35, 45)",B,1125139.0,6406.0
2021-08-30,"[35, 45)",C,65415.0,949.0
2021-08-30,"[35, 45)",E,0.0,0.0
2021-08-30,"[45, 55)",A,1228250.0,1985.0
2021-08-30,"[45, 55)",B,1210628.0,3581.0
2021-08-30,"[45, 55)",C,117155.0,736.0
2021-08-30,"[45, 55)",E,0.0,0.0
2021-08-30,"[55, 65)",A,1355636.0,947.0
2021-08-30,"[55, 65)",B,1344952.0,1749.0
2021-08-30,"[55, 65)",C,42245.0,452.0
2021-08-30,"[55, 65)",E,0.0,30.0
2021-08-30,"[65, 75)",A,1092946.0,466.0
2021-08-30,"[65, 75)",B,1085699.0,790.0
2021-08-30,"[65, 75)",C,15111.0,285.0
2021-08-30,"[65, 75)",E,0.0,32.0
2021-08-30,"[75, 85)",A,645777.0,168.0
2021-08-30,"[75, 85)",B,639898.0,286.0
2021-08-30,"[75, 85)",C,11084.0,141.0
2021-08-30,"[75, 85)",E,0.0,0.0
2021-08-30,"[85, 120)",A,289905.0,53.0
2021-08-30,"[85, 120)",B,283428.0,104.0
2021-08-30,"[85, 120)",C,11720.0,67.0
2021-08-30,"[85, 120)",E,0.0,0.0
2021-09-06,"[0, 12)",A,0.0,0.0
2021-09-06,"[0, 12)",B,0.0,0.0
2021-09-06,"[0, 12)",C,0.0,0.0
2021-09-06,"[0, 12)",E,0.0,0.0
2021-09-06,"[12, 18)",A,588866.0,9456.0
2021-09-06,"[12, 18)",B,515328.0,20468.0
2021-09-06,"[12, 18)",C,6247.0,86.0
2021-09-06,"[12, 18)",E,0.0,0.0
2021-09-06,"[18, 25)",A,654398.0,4537.0
2021-09-06,"[18, 25)",B,622079.0,6854.0
2021-09-06,"[18, 25)",C,53699.0,1159.0
2021-09-06,"[18, 25)",E,0.0,24.0
2021-09-06,"[25, 35)",A,1114352.0,4823.0
2021-09-06,"[25, 35)",B,1073413.0,8534.0
2021-09-06,"[25, 35)",C,29202.0,1447.0
2021-09-06,"[25, 35)",E,0.0,164.0
2021-09-06,"[35, 45)",A,1159961.0,3029.0
2021-09-06,"[35, 45)",B,1131545.0,5956.0
2021-09-06,"[35, 45)",C,66364.0,1282.0
2021-09-06,"[35, 45)",E,0.0,527.0
2021-09-06,"[45, 55)",A,1230235.0,1524.0
2021-09-06,"[45, 55)",B,1214209.0,3086.0
2021-09-06,"[45, 55)",C,117891.0,1010.0
2021-09-06,"[45, 55)",E,0.0,1485.0
2021-09-06,"[55, 65)",A,1356583.0,778.0
2021-09-06,"[55, 65)",B,1346701.0,1385.0
2021-09-06,"[55, 65)",C,42697.0,577.0
2021-09-06,"[55, 65)",E,30.0,2775.0
2021-09-06,"[65, 75)",A,1093412.0,361.0
2021-09-06,"[65, 75)",B,1086489.0,609.0
2021-09-06,"[65, 75)",C,15396.0,357.0
2021-09-06,"[65, 75)",E,32.0,4093.0
2021-09-06,"[75, 85)",A,645945.0,154.0
2021-09-06,"[75, 85)",B,640184.0,231.0
2021-09-06,"[75, 85)",C,11225.0,123.0
2021-09-06,"[75, 85)",E,0.0,1525.0
2021-09-06,"[85, 120)",A,289958.0,76.0
2021-09-06,"[85, 120)",B,283532.0,100.0
2021-09-06,"[85, 120)",C,11787.0,59.0
2021-09-06,"[85, 120)",E,0.0,189.0
2021-09-13,"[0, 12)",A,0.0,0.0
2021-09-13,"[0, 12)",B,0.0,0.0
2021-09-13,"[0, 12)",C,0.0,0.0
2021-09-13,"[0, 12)",E,0.0,0.0
2021-09-13,"[12, 18)",A,598322.0,10030.0
2021-09-13,"[12, 18)",B,535796.0,23149.0
2021-09-13,"[12, 18)",C,6333.0,141.0
2021-09-13,"[12, 18)",E,0.0,13.0
2021-09-13,"[18, 25)",A,658935.0,5336.0
2021-09-13,"[18, 25)",B,628933.0,6892.0
2021-09-13,"[18, 25)",C,54858.0,1115.0
2021-09-13,"[18, 25)",E,24.0,121.0
2021-09-13,"[25, 35)",A,1119175.0,5561.0
2021-09-13,"[25, 35)",B,1081947.0,8401.0
2021-09-13,"[25, 35)",C,30649.0,1479.0
2021-09-13,"[25, 35)",E,164.0,817.0
2021-09-13,"[35, 45)",A,1162990.0,3503.0
2021-09-13,"[35, 45)",B,1137501.0,5598.0
2021-09-13,"[35, 45)",C,67646.0,1318.0
2021-09-13,"[35, 45)",E,527.0,2473.0
2021-09-13,"[45, 55)",A,1231759.0,1937.0
2021-09-13,"[45, 55)",B,1217295.0,2706.0
2021-09-13,"[45, 55)",C,118901.0,1112.0
2021-09-13,"[45, 55)",E,1485.0,5989.0
2021-09-13,"[55, 65)",A,1357361.0,1087.0
2021-09-13,"[55, 65)",B,1348086.0,1399.0
2021-09-13,"[55, 65)",C,43274.0,669.0
2021-09-13,"[55, 65)",E,2805.0,12412.0
2021-09-13,"[65, 75)",A,1093773.0,517.0
2021-09-13,"[65, 75)",B,1087098.0,631.0
2021-09-13,"[65, 75)",C,15753.0,358.0
2021-09-13,"[65, 75)",E,4125.0,17836.0
2021-09-13,"[75, 85)",A,646099.0,203.0
2021-09-13,"[75, 85)",B,640415.0,254.0
2021-09-13,"[75, 85)",C,11348.0,148.0
2021-09-13,"[75, 85)",E,1525.0,13484.0
2021-09-13,"[85, 120)",A,290034.0,87.0
2021-09-13,"[85, 120)",B,283632.0,93.0
2021-09-13,"[85, 120)",C,11846.0,83.0
2021-09-13,"[85, 120)",E,189.0,2888.0
2021-09-20,"[0, 12)",A,0.0,0.0
2021-09-20,"[0, 12)",B,0.0,0.0
2021-09-20,"[0, 12)",C,0.0,0.0
2021-09-20,"[0, 12)",E,0.0,0.0
2021-09-20,"[12, 18)",A,608352.0,8953.0
2021-09-20,"[12, 18)",B,558945.0,18618.0
2021-09-20,"[12, 18)",C,6474.0,95.0
2021-09-20,"[12, 18)",E,13.0,28.0
2021-09-20,"[18, 25)",A,664271.0,4995.0
2021-09-20,"[18, 25)",B,635825.0,6843.0
2021-09-20,"[18, 25)",C,55973.0,943.0
2021-09-20,"[18, 25)",E,145.0,195.0
2021-09-20,"[25, 35)",A,1124736.0,5611.0
2021-09-20,"[25, 35)",B,1090348.0,8206.0
2021-09-20,"[25, 35)",C,32128.0,1158.0
2021-09-20,"[25, 35)",E,981.0,1731.0
2021-09-20,"[35, 45)",A,1166493.0,3680.0
2021-09-20,"[35, 45)",B,1143099.0,5447.0
2021-09-20,"[35, 45)",C,68964.0,904.0
2021-09-20,"[35, 45)",E,3000.0,4703.0
2021-09-20,"[45, 55)",A,1233696.0,1935.0
2021-09-20,"[45, 55)",B,1220001.0,2709.0
2021-09-20,"[45, 55)",C,120013.0,776.0
2021-09-20,"[45, 55)",E,7474.0,9944.0
2021-09-20,"[55, 65)",A,1358448.0,1167.0
2021-09-20,"[55, 65)",B,1349485.0,1339.0
2021-09-20,"[55, 65)",C,43943.0,501.0
2021-09-20,"[55, 65)",E,15217.0,20149.0
2021-09-20,"[65, 75)",A,1094290.0,561.0
2021-09-20,"[65, 75)",B,1087729.0,638.0
2021-09-20,"[65, 75)",C,16111.0,213.0
2021-09-20,"[65, 75)",E,21961.0,27944.0
2021-09-20,"[75, 85)",A,646302.0,239.0
2021-09-20,"[75, 85)",B,640669.0,224.0
2021-09-20,"[75, 85)",C,11496.0,96.0
2021-09-20,"[75, 85)",E,15009.0,19824.0
2021-09-20,"[85, 120)",A,290121.0,77.0
2021-09-20,"[85, 120)",B,283725.0,94.0
2021-09-20,"[85, 120)",C,11929.0,47.0
2021-09-20,"[85, 120)",E,3077.0,9524.0
2021-09-27,"[0, 12)",A,0.0,0.0
2021-09-27,"[0, 12)",B,0.0,0.0
2021-09-27,"[0, 12)",C,0.0,0.0
2021-09-27,"[0, 12)",E,0.0,0.0
2021-09-27,"[12, 18)",A,617305.0,6749.0
2021-09-27,"[12, 18)",B,577563.0,11016.0
2021-09-27,"[12, 18)",C,6569.0,74.0
2021-09-27,"[12, 18)",E,41.0,43.0
2021-09-27,"[18, 25)",A,669266.0,3915.0
2021-09-27,"[18, 25)",B,642668.0,4849.0
2021-09-27,"[18, 25)",C,56916.0,631.0
2021-09-27,"[18, 25)",E,340.0,281.0
2021-09-27,"[25, 35)",A,1130347.0,4407.0
2021-09-27,"[25, 35)",B,1098554.0,5381.0
2021-09-27,"[25, 35)",C,33286.0,833.0
2021-09-27,"[25, 35)",E,2712.0,2297.0
2021-09-27,"[35, 45)",A,1170173.0,2571.0
2021-09-27,"[35, 45)",B,1148546.0,3502.0
2021-09-27,"[35, 45)",C,69868.0,768.0
2021-09-27,"[35, 45)",E,7703.0,4748.0
2021-09-27,"[45, 55)",A,1235631.0,1325.0
2021-09-27,"[45, 55)",B,1222710.0,1805.0
2021-09-27,"[45, 55)",C,120789.0,712.0
2021-09-27,"[45, 55)",E,17418.0,9069.0
2021-09-27,"[55, 65)",A,1359615.0,890.0
2021-09-27,"[55, 65)",B,1350824.0,974.0
2021-09-27,"[55, 65)",C,44444.0,434.0
2021-09-27,"[55, 65)",E,35366.0,15645.0
2021-09-27,"[65, 75)",A,1094851.0,471.0
2021-09-27,"[65, 75)",B,1088367.0,500.0
2021-09-27,"[65, 75)",C,16324.0,207.0
2021-09-27,"[65, 75)",E,49905.0,17655.0
2021-09-27,"[75, 85)",A,646541.0,232.0
2021-09-27,"[75, 85)",B,640893.0,307.0
2021-09-27,"[75, 85)",C,11592.0,95.0
2021-09-27,"[75, 85)",E,34833.0,25969.0
2021-09-27,"[85, 120)",A,290198.0,123.0
2021-09-27,"[85, 120)",B,283819.0,265.0
2021-09-27,"[85, 120)",C,11976.0,35.0
2021-09-27,"[85, 120)",E,12601.0,62150.0
2021-10-04,"[0, 12)",A,0.0,0.0
2021-10-04,"[0, 12)",B,0.0,0.0
2021-10-04,"[0, 12)",C,0.0,0.0
2021-10-04,"[0, 12)",E,0.0,0.0
2021-10-04,"[12, 18)",A,624054.0,6374.0
2021-10-04,"[12, 18)",B,588579.0,10442.0
2021-10-04,"[12, 18)",C,6643.0,124.0
2021-10-04,"[12, 18)",E,84.0,39.0
2021-10-04,"[18, 25)",A,673181.0,3825.0
2021-10-04,"[18, 25)",B,647517.0,5536.0
2021-10-04,"[18, 25)",C,57547.0,626.0
2021-10-04,"[18, 25)",E,621.0,259.0
2021-10-04,"[25, 35)",A,1134754.0,4177.0
2021-10-04,"[25, 35)",B,1103935.0,5975.0
2021-10-04,"[25, 35)",C,34119.0,889.0
2021-10-04,"[25, 35)",E,5009.0,1084.0
2021-10-04,"[35, 45)",A,1172744.0,2489.0
2021-10-04,"[35, 45)",B,1152048.0,3818.0
2021-10-04,"[35, 45)",C,70636.0,767.0
2021-10-04,"[35, 45)",E,12451.0,1994.0
2021-10-04,"[45, 55)",A,1236956.0,1318.0
2021-10-04,"[45, 55)",B,1224515.0,2062.0
2021-10-04,"[45, 55)",C,121501.0,717.0
2021-10-04,"[45, 55)",E,26487.0,3555.0
2021-10-04,"[55, 65)",A,1360505.0,823.0
2021-10-04,"[55, 65)",B,1351798.0,1116.0
2021-10-04,"[55, 65)",C,44878.0,387.0
2021-10-04,"[55, 65)",E,51011.0,7184.0
2021-10-04,"[65, 75)",A,1095322.0,456.0
2021-10-04,"[65, 75)",B,1088867.0,617.0
2021-10-04,"[65, 75)",C,16531.0,202.0
2021-10-04,"[65, 75)",E,67560.0,16130.0
2021-10-04,"[75, 85)",A,646773.0,257.0
2021-10-04,"[75, 85)",B,641200.0,325.0
2021-10-04,"[75, 85)",C,11687.0,86.0
2021-10-04,"[75, 85)",E,60802.0,33600.0
2021-10-04,"[85, 120)",A,290321.0,210.0
2021-10-04,"[85, 120)",B,284084.0,306.0
2021-10-04,"[85, 120)",C,12011.0,34.0
2021-10-04,"[85, 120)",E,74751.0,77460.0
2021-10-11,"[0, 12)",A,0.0,0.0
2021-10-11,"[0, 12)",B,0.0,0.0
2021-10-11,"[0, 12)",C,0.0,0.0
2021-10-11,"[0, 12)",E,0.0,0.0
2021-10-11,"[12, 18)",A,630428.0,5964.0
2021-10-11,"[12, 18)",B,599021.0,7398.0
2021-10-11,"[12, 18)",C,6767.0,67.0
2021-10-11,"[12, 18)",E,123.0,17.0
2021-10-11,"[18, 25)",A,677006.0,3430.0
2021-10-11,"[18, 25)",B,653053.0,4573.0
2021-10-11,"[18, 25)",C,58173.0,557.0
2021-10-11,"[18, 25)",E,880.0,150.0
2021-10-11,"[25, 35)",A,1138931.0,4083.0
2021-10-11,"[25, 35)",B,1109910.0,5288.0
2021-10-11,"[25, 35)",C,35008.0,828.0
2021-10-11,"[25, 35)",E,6093.0,708.0
2021-10-11,"[35, 45)",A,1175233.0,2607.0
2021-10-11,"[35, 45)",B,1155866.0,3382.0
2021-10-11,"[35, 45)",C,71403.0,736.0
2021-10-11,"[35, 45)",E,14445.0,1294.0
2021-10-11,"[45, 55)",A,1238274.0,1408.0
2021-10-11,"[45, 55)",B,1226577.0,1923.0
2021-10-11,"[45, 55)",C,122218.0,595.0
2021-10-11,"[45, 55)",E,30042.0,2201.0
2021-10-11,"[55, 65)",A,1361328.0,815.0
2021-10-11,"[55, 65)",B,1352914.0,1115.0
2021-10-11,"[55, 65)",C,45265.0,399.0
2021-10-11,"[55, 65)",E,58195.0,6095.0
2021-10-11,"[65, 75)",A,1095778.0,482.0
2021-10-11,"[65, 75)",B,1089484.0,603.0
2021-10-11,"[65, 75)",C,16733.0,138.0
2021-10-11,"[65, 75)",E,83690.0,28080.0
2021-10-11,"[75, 85)",A,647030.0,301.0
2021-10-11,"[75, 85)",B,641525.0,385.0
2021-10-11,"[75, 85)",C,11773.0,53.0
2021-10-11,"[75, 85)",E,94402.0,31906.0
2021-10-11,"[85, 120)",A,290531.0,197.0
2021-10-11,"[85, 120)",B,284390.0,274.0
2021-10-11,"[85, 120)",C,12045.0,18.0
2021-10-11,"[85, 120)",E,152211.0,32863.0
2021-10-18,"[0, 12)",A,0.0,0.0
2021-10-18,"[0, 12)",B,0.0,0.0
2021-10-18,"[0, 12)",C,0.0,0.0
2021-10-18,"[0, 12)",E,0.0,0.0
2021-10-18,"[12, 18)",A,636392.0,8204.0
2021-10-18,"[12, 18)",B,606419.0,8164.0
2021-10-18,"[12, 18)",C,6834.0,85.0
2021-10-18,"[12, 18)",E,140.0,58.0
2021-10-18,"[18, 25)",A,680436.0,3652.0
2021-10-18,"[18, 25)",B,657626.0,4968.0
2021-10-18,"[18, 25)",C,58730.0,609.0
2021-10-18,"[18, 25)",E,1030.0,316.0
2021-10-18,"[25, 35)",A,1143014.0,4788.0
2021-10-18,"[25, 35)",B,1115198.0,5610.0
2021-10-18,"[25, 35)",C,35836.0,867.0
2021-10-18,"[25, 35)",E,6801.0,917.0
2021-10-18,"[35, 45)",A,1177840.0,3027.0
2021-10-18,"[35, 45)",B,1159248.0,3464.0
2021-10-18,"[35, 45)",C,72139.0,892.0
2021-10-18,"[35, 45)",E,15739.0,1559.0
2021-10-18,"[45, 55)",A,1239682.0,1644.0
2021-10-18,"[45, 55)",B,1228500.0,1824.0
2021-10-18,"[45, 55)",C,122813.0,791.0
2021-10-18,"[45, 55)",E,32243.0,2932.0
2021-10-18,"[55, 65)",A,1362143.0,1053.0
2021-10-18,"[55, 65)",B,1354029.0,1153.0
2021-10-18,"[55, 65)",C,45664.0,435.0
2021-10-18,"[55, 65)",E,64290.0,7748.0
2021-10-18,"[65, 75)",A,1096260.0,611.0
2021-10-18,"[65, 75)",B,1090087.0,616.0
2021-10-18,"[65, 75)",C,16871.0,167.0
2021-10-18,"[65, 75)",E,111770.0,36980.0
2021-10-18,"[75, 85)",A,647331.0,354.0
2021-10-18,"[75, 85)",B,641910.0,325.0
2021-10-18,"[75, 85)",C,11826.0,86.0
2021-10-18,"[75, 85)",E,126308.0,38647.0
2021-10-18,"[85, 120)",A,290728.0,260.0
2021-10-18,"[85, 120)",B,284664.0,215.0
2021-10-18,"[85, 120)",C,12063.0,23.0
2021-10-18,"[85, 120)",E,185074.0,24546.0
2021-10-25,"[0, 12)",A,0.0,0.0
2021-10-25,"[0, 12)",B,0.0,0.0
2021-10-25,"[0, 12)",C,0.0,0.0
2021-10-25,"[0, 12)",E,0.0,0.0
2021-10-25,"[12, 18)",A,644596.0,6879.0
2021-10-25,"[12, 18)",B,614583.0,5160.0
2021-10-25,"[12, 18)",C,6919.0,91.0
2021-10-25,"[12, 18)",E,198.0,30.0
2021-10-25,"[18, 25)",A,684088.0,3589.0
2021-10-25,"[18, 25)",B,662594.0,3640.0
2021-10-25,"[18, 25)",C,59339.0,646.0
2021-10-25,"[18, 25)",E,1346.0,217.0
2021-10-25,"[25, 35)",A,1147802.0,4613.0
2021-10-25,"[25, 35)",B,1120808.0,4188.0
2021-10-25,"[25, 35)",C,36703.0,913.0
2021-10-25,"[25, 35)",E,7718.0,769.0
2021-10-25,"[35, 45)",A,1180867.0,2713.0
2021-10-25,"[35, 45)",B,1162712.0,2493.0
2021-10-25,"[35, 45)",C,73031.0,909.0
2021-10-25,"[35, 45)",E,17298.0,985.0
2021-10-25,"[45, 55)",A,1241326.0,1564.0
2021-10-25,"[45, 55)",B,1230324.0,1352.0
2021-10-25,"[45, 55)",C,123604.0,726.0
2021-10-25,"[45, 55)",E,35175.0,1760.0
2021-10-25,"[55, 65)",A,1363196.0,896.0
2021-10-25,"[55, 65)",B,1355182.0,863.0
2021-10-25,"[55, 65)",C,46099.0,418.0
2021-10-25,"[55, 65)",E,72038.0,5394.0
2021-10-25,"[65, 75)",A,1096871.0,528.0
2021-10-25,"[65, 75)",B,1090703.0,456.0
2021-10-25,"[65, 75)",C,17038.0,170.0
2021-10-25,"[65, 75)",E,148750.0,38826.0
2021-10-25,"[75, 85)",A,647685.0,252.0
2021-10-25,"[75, 85)",B,642235.0,235.0
2021-10-25,"[75, 85)",C,11912.0,53.0
2021-10-25,"[75, 85)",E,164955.0,29186.0
2021-10-25,"[85, 120)",A,290988.0,141.0
2021-10-25,"[85, 120)",B,284879.0,124.0
2021-10-25,"[85, 120)",C,12086.0,34.0
2021-10-25,"[85, 120)",E,209620.0,9350.0
2021-11-01,"[0, 12)",A,0.0,0.0
2021-11-01,"[0, 12)",B,0.0,0.0
2021-11-01,"[0, 12)",C,0.0,0.0
2021-11-01,"[0, 12)",E,0.0,0.0
2021-11-01,"[12, 18)",A,651475.0,6664.0
2021-11-01,"[12, 18)",B,619743.0,6508.0
2021-11-01,"[12, 18)",C,7010.0,63.0
2021-11-01,"[12, 18)",E,228.0,75.0
2021-11-01,"[18, 25)",A,687677.0,3237.0
2021-11-01,"[18, 25)",B,666234.0,3580.0
2021-11-01,"[18, 25)",C,59985.0,593.0
2021-11-01,"[18, 25)",E,1563.0,389.0
2021-11-01,"[25, 35)",A,1152415.0,4297.0
2021-11-01,"[25, 35)",B,1124996.0,4233.0
2021-11-01,"[25, 35)",C,37616.0,880.0
2021-11-01,"[25, 35)",E,8487.0,1504.0
2021-11-01,"[35, 45)",A,1183580.0,2727.0
2021-11-01,"[35, 45)",B,1165205.0,2612.0
2021-11-01,"[35, 45)",C,73940.0,736.0
2021-11-01,"[35, 45)",E,18283.0,2070.0
2021-11-01,"[45, 55)",A,1242890.0,1429.0
2021-11-01,"[45, 55)",B,1231676.0,1453.0
2021-11-01,"[45, 55)",C,124330.0,620.0
2021-11-01,"[45, 55)",E,36935.0,2961.0
2021-11-01,"[55, 65)",A,1364092.0,861.0
2021-11-01,"[55, 65)",B,1356045.0,887.0
2021-11-01,"[55, 65)",C,46517.0,322.0
2021-11-01,"[55, 65)",E,77432.0,7278.0
2021-11-01,"[65, 75)",A,1097399.0,516.0
2021-11-01,"[65, 75)",B,1091159.0,513.0
2021-11-01,"[65, 75)",C,17208.0,119.0
2021-11-01,"[65, 75)",E,187576.0,50616.0
2021-11-01,"[75, 85)",A,647937.0,257.0
2021-11-01,"[75, 85)",B,642470.0,250.0
2021-11-01,"[75, 85)",C,11965.0,70.0
2021-11-01,"[75, 85)",E,194141.0,40263.0
2021-11-01,"[85, 120)",A,291129.0,165.0
2021-11-01,"[85, 120)",B,285003.0,146.0
2021-11-01,"[85, 120)",C,12120.0,12.0
2021-11-01,"[85, 120)",E,218970.0,9692.0
2021-11-08,"[0, 12)",A,0.0,0.0
2021-11-08,"[0, 12)",B,0.0,0.0
2021-11-08,"[0, 12)",C,0.0,0.0
2021-11-08,"[0, 12)",E,0.0,0.0
2021-11-08,"[12, 18)",A,658139.0,8413.0
2021-11-08,"[12, 18)",B,626251.0,8626.0
2021-11-08,"[12, 18)",C,7073.0,47.0
2021-11-08,"[12, 18)",E,303.0,104.0
2021-11-08,"[18, 25)",A,690914.0,4124.0
2021-11-08,"[18, 25)",B,669814.0,4538.0
2021-11-08,"[18, 25)",C,60578.0,293.0
2021-11-08,"[18, 25)",E,1952.0,2926.0
2021-11-08,"[25, 35)",A,1156712.0,5523.0
2021-11-08,"[25, 35)",B,1129229.0,5565.0
2021-11-08,"[25, 35)",C,38496.0,455.0
2021-11-08,"[25, 35)",E,9991.0,8580.0
2021-11-08,"[35, 45)",A,1186307.0,3564.0
2021-11-08,"[35, 45)",B,1167817.0,3527.0
2021-11-08,"[35, 45)",C,74676.0,480.0
2021-11-08,"[35, 45)",E,20353.0,9735.0
2021-11-08,"[45, 55)",A,1244319.0,2013.0
2021-11-08,"[45, 55)",B,1233129.0,1878.0
2021-11-08,"[45, 55)",C,124950.0,477.0
2021-11-08,"[45, 55)",E,39896.0,12550.0
2021-11-08,"[55, 65)",A,1364953.0,1201.0
2021-11-08,"[55, 65)",B,1356932.0,1167.0
2021-11-08,"[55, 65)",C,46839.0,220.0
2021-11-08,"[55, 65)",E,84710.0,21461.0
2021-11-08,"[65, 75)",A,1097915.0,733.0
2021-11-08,"[65, 75)",B,1091672.0,674.0
2021-11-08,"[65, 75)",C,17327.0,73.0
2021-11-08,"[65, 75)",E,238192.0,102347.0
2021-11-08,"[75, 85)",A,648194.0,355.0
2021-11-08,"[75, 85)",B,642720.0,354.0
2021-11-08,"[75, 85)",C,12035.0,39.0
2021-11-08,"[75, 85)",E,234404.0,98365.0
2021-11-08,"[85, 120)",A,291294.0,206.0
2021-11-08,"[85, 120)",B,285149.0,223.0
2021-11-08,"[85, 120)",C,12132.0,11.0
2021-11-08,"[85, 120)",E,228662.0,10839.0
2021-11-15,"[0, 12)",A,0.0,0.0
2021-11-15,"[0, 12)",B,0.0,0.0
2021-11-15,"[0, 12)",C,0.0,0.0
2021-11-15,"[0, 12)",E,0.0,0.0
2021-11-15,"[12, 18)",A,666552.0,7026.0
2021-11-15,"[12, 18)",B,634877.0,7803.0
2021-11-15,"[12, 18)",C,7120.0,45.0
2021-11-15,"[12, 18)",E,407.0,492.0
2021-11-15,"[18, 25)",A,695038.0,3334.0
2021-11-15,"[18, 25)",B,674352.0,3975.0
2021-11-15,"[18, 25)",C,60871.0,255.0
2021-11-15,"[18, 25)",E,4878.0,15669.0
2021-11-15,"[25, 35)",A,1162235.0,4829.0
2021-11-15,"[25, 35)",B,1134794.0,5130.0
2021-11-15,"[25, 35)",C,38951.0,420.0
2021-11-15,"[25, 35)",E,18571.0,33997.0
2021-11-15,"[35, 45)",A,1189871.0,3249.0
2021-11-15,"[35, 45)",B,1171344.0,3228.0
2021-11-15,"[35, 45)",C,75156.0,445.0
2021-11-15,"[35, 45)",E,30088.0,38402.0
2021-11-15,"[45, 55)",A,1246332.0,1847.0
2021-11-15,"[45, 55)",B,1235007.0,1825.0
2021-11-15,"[45, 55)",C,125427.0,333.0
2021-11-15,"[45, 55)",E,52446.0,48239.0
2021-11-15,"[55, 65)",A,1366154.0,1109.0
2021-11-15,"[55, 65)",B,1358099.0,1110.0
2021-11-15,"[55, 65)",C,47059.0,155.0
2021-11-15,"[55, 65)",E,106171.0,64086.0
2021-11-15,"[65, 75)",A,1098648.0,665.0
2021-11-15,"[65, 75)",B,1092346.0,622.0
2021-11-15,"[65, 75)",C,17400.0,49.0
2021-11-15,"[65, 75)",E,340539.0,131615.0
2021-11-15,"[75, 85)",A,648549.0,407.0
2021-11-15,"[75, 85)",B,643074.0,329.0
2021-11-15,"[75, 85)",C,12074.0,14.0
2021-11-15,"[75, 85)",E,332769.0,117235.0
2021-11-15,"[85, 120)",A,291500.0,213.0
2021-11-15,"[85, 120)",B,285372.0,200.0
2021-11-15,"[85, 120)",C,12143.0,18.0
2021-11-15,"[85, 120)",E,239501.0,7399.0
2021-11-22,"[0, 12)",A,0.0,0.0
2021-11-22,"[0, 12)",B,0.0,0.0
2021-11-22,"[0, 12)",C,0.0,0.0
2021-11-22,"[0, 12)",E,0.0,0.0
2021-11-22,"[12, 18)",A,673578.0,4938.0
2021-11-22,"[12, 18)",B,642680.0,7140.0
2021-11-22,"[12, 18)",C,7165.0,17.0
2021-11-22,"[12, 18)",E,899.0,1502.0
2021-11-22,"[18, 25)",A,698372.0,2234.0
2021-11-22,"[18, 25)",B,678327.0,3494.0
2021-11-22,"[18, 25)",C,61126.0,160.0
2021-11-22,"[18, 25)",E,20547.0,25335.0
2021-11-22,"[25, 35)",A,1167064.0,3338.0
2021-11-22,"[25, 35)",B,1139924.0,4619.0
2021-11-22,"[25, 35)",C,39371.0,269.0
2021-11-22,"[25, 35)",E,52568.0,44537.0
2021-11-22,"[35, 45)",A,1193120.0,2282.0
2021-11-22,"[35, 45)",B,1174572.0,2901.0
2021-11-22,"[35, 45)",C,75601.0,241.0
2021-11-22,"[35, 45)",E,68490.0,54245.0
2021-11-22,"[45, 55)",A,1248179.0,1393.0
2021-11-22,"[45, 55)",B,1236832.0,1652.0
2021-11-22,"[45, 55)",C,125760.0,204.0
2021-11-22,"[45, 55)",E,100685.0,84906.0
2021-11-22,"[55, 65)",A,1367263.0,900.0
2021-11-22,"[55, 65)",B,1359209.0,950.0
2021-11-22,"[55, 65)",C,47214.0,96.0
2021-11-22,"[55, 65)",E,170257.0,123703.0
2021-11-22,"[65, 75)",A,1099313.0,534.0
2021-11-22,"[65, 75)",B,1092968.0,584.0
2021-11-22,"[65, 75)",C,17449.0,44.0
2021-11-22,"[65, 75)",E,472154.0,151316.0
2021-11-22,"[75, 85)",A,648956.0,321.0
2021-11-22,"[75, 85)",B,643403.0,288.0
2021-11-22,"[75, 85)",C,12088.0,4.0
2021-11-22,"[75, 85)",E,450004.0,75791.0
2021-11-22,"[85, 120)",A,291713.0,207.0
2021-11-22,"[85, 120)",B,285572.0,166.0
2021-11-22,"[85, 120)",C,12161.0,3.0
2021-11-22,"[85, 120)",E,246900.0,5569.0
2021-11-29,"[0, 12)",A,0.0,0.0
2021-11-29,"[0, 12)",B,0.0,0.0
2021-11-29,"[0, 12)",C,0.0,0.0
2021-11-29,"[0, 12)",E,0.0,0.0
2021-11-29,"[12, 18)",A,678516.0,3179.0
2021-11-29,"[12, 18)",B,649820.0,6977.0
2021-11-29,"[12, 18)",C,7182.0,11.0
2021-11-29,"[12, 18)",E,2401.0,1667.0
2021-11-29,"[18, 25)",A,700606.0,1881.0
2021-11-29,"[18, 25)",B,681821.0,3602.0
2021-11-29,"[18, 25)",C,61286.0,113.0
2021-11-29,"[18, 25)",E,45882.0,24094.0
2021-11-29,"[25, 35)",A,1170402.0,2785.0
2021-11-29,"[25, 35)",B,1144543.0,4817.0
2021-11-29,"[25, 35)",C,39640.0,211.0
2021-11-29,"[25, 35)",E,97105.0,32568.0
2021-11-29,"[35, 45)",A,1195402.0,1784.0
2021-11-29,"[35, 45)",B,1177473.0,3178.0
2021-11-29,"[35, 45)",C,75842.0,185.0
2021-11-29,"[35, 45)",E,122735.0,51679.0
2021-11-29,"[45, 55)",A,1249572.0,1221.0
2021-11-29,"[45, 55)",B,1238484.0,1886.0
2021-11-29,"[45, 55)",C,125964.0,115.0
2021-11-29,"[45, 55)",E,185591.0,109821.0
2021-11-29,"[55, 65)",A,1368163.0,771.0
2021-11-29,"[55, 65)",B,1360159.0,1095.0
2021-11-29,"[55, 65)",C,47310.0,44.0
2021-11-29,"[55, 65)",E,293960.0,172421.0
2021-11-29,"[65, 75)",A,1099847.0,415.0
2021-11-29,"[65, 75)",B,1093552.0,669.0
2021-11-29,"[65, 75)",C,17493.0,13.0
2021-11-29,"[65, 75)",E,623470.0,167501.0
2021-11-29,"[75, 85)",A,649277.0,312.0
2021-11-29,"[75, 85)",B,643691.0,309.0
2021-11-29,"[75, 85)",C,12092.0,3.0
2021-11-29,"[75, 85)",E,525795.0,37433.0
2021-11-29,"[85, 120)",A,291920.0,150.0
2021-11-29,"[85, 120)",B,285738.0,186.0
2021-11-29,"[85, 120)",C,12164.0,5.0
2021-11-29,"[85, 120)",E,252469.0,4169.0
2021-12-06,"[0, 12)",A,0.0,0.0
2021-12-06,"[0, 12)",B,0.0,0.0
2021-12-06,"[0, 12)",C,0.0,0.0
2021-12-06,"[0, 12)",E,0.0,0.0
2021-12-06,"[12, 18)",A,681695.0,3584.0
2021-12-06,"[12, 18)",B,656797.0,6328.0
2021-12-06,"[12, 18)",C,7193.0,34.0
2021-12-06,"[12, 18)",E,4068.0,2639.0
2021-12-06,"[18, 25)",A,702487.0,2051.0
2021-12-06,"[18, 25)",B,685423.0,3433.0
2021-12-06,"[18, 25)",C,61399.0,141.0
2021-12-06,"[18, 25)",E,69976.0,28066.0
2021-12-06,"[25, 35)",A,1173187.0,3072.0
2021-12-06,"[25, 35)",B,1149360.0,4798.0
2021-12-06,"[25, 35)",C,39851.0,255.0
2021-12-06,"[25, 35)",E,129673.0,38395.0
2021-12-06,"[35, 45)",A,1197186.0,1839.0
2021-12-06,"[35, 45)",B,1180651.0,3253.0
2021-12-06,"[35, 45)",C,76027.0,224.0
2021-12-06,"[35, 45)",E,174414.0,71829.0
2021-12-06,"[45, 55)",A,1250793.0,1286.0
2021-12-06,"[45, 55)",B,1240370.0,1802.0
2021-12-06,"[45, 55)",C,126079.0,137.0
2021-12-06,"[45, 55)",E,295412.0,157733.0
2021-12-06,"[55, 65)",A,1368934.0,794.0
2021-12-06,"[55, 65)",B,1361254.0,1161.0
2021-12-06,"[55, 65)",C,47354.0,69.0
2021-12-06,"[55, 65)",E,466381.0,232056.0
2021-12-06,"[65, 75)",A,1100262.0,497.0
2021-12-06,"[65, 75)",B,1094221.0,642.0
2021-12-06,"[65, 75)",C,17506.0,29.0
2021-12-06,"[65, 75)",E,790971.0,133822.0
2021-12-06,"[75, 85)",A,649589.0,255.0
2021-12-06,"[75, 85)",B,644000.0,397.0
2021-12-06,"[75, 85)",C,12095.0,12.0
2021-12-06,"[75, 85)",E,563228.0,24456.0
2021-12-06,"[85, 120)",A,292070.0,151.0
2021-12-06,"[85, 120)",B,285924.0,233.0
2021-12-06,"[85, 120)",C,12169.0,2.0
2021-12-06,"[85, 120)",E,256638.0,3446.0
2021-12-13,"[0, 12)",A,0.0,0.0
2021-12-13,"[0, 12)",B,0.0,0.0
2021-12-13,"[0, 12)",C,0.0,0.0
2021-12-13,"[0, 12)",E,0.0,0.0
2021-12-13,"[12, 18)",A,685279.0,4294.0
2021-12-13,"[12, 18)",B,663125.0,6308.0
2021-12-13,"[12, 18)",C,7227.0,14.0
2021-12-13,"[12, 18)",E,6707.0,3805.0
2021-12-13,"[18, 25)",A,704538.0,1464.0
2021-12-13,"[18, 25)",B,688856.0,2404.0
2021-12-13,"[18, 25)",C,61540.0,55.0
2021-12-13,"[18, 25)",E,98042.0,31988.0
2021-12-13,"[25, 35)",A,1176259.0,1893.0
2021-12-13,"[25, 35)",B,1154158.0,3427.0
2021-12-13,"[25, 35)",C,40106.0,95.0
2021-12-13,"[25, 35)",E,168068.0,65538.0
2021-12-13,"[35, 45)",A,1199025.0,1132.0
2021-12-13,"[35, 45)",B,1183904.0,2195.0
2021-12-13,"[35, 45)",C,76251.0,79.0
2021-12-13,"[35, 45)",E,246243.0,107513.0
2021-12-13,"[45, 55)",A,1252079.0,793.0
2021-12-13,"[45, 55)",B,1242172.0,1318.0
2021-12-13,"[45, 55)",C,126216.0,60.0
2021-12-13,"[45, 55)",E,453145.0,151885.0
2021-12-13,"[55, 65)",A,1369728.0,521.0
2021-12-13,"[55, 65)",B,1362415.0,830.0
2021-12-13,"[55, 65)",C,47423.0,34.0
2021-12-13,"[55, 65)",E,698437.0,186401.0
2021-12-13,"[65, 75)",A,1100759.0,341.0
2021-12-13,"[65, 75)",B,1094863.0,500.0
2021-12-13,"[65, 75)",C,17535.0,9.0
2021-12-13,"[65, 75)",E,924793.0,57875.0
2021-12-13,"[75, 85)",A,649844.0,196.0
2021-12-13,"[75, 85)",B,644397.0,290.0
2021-12-13,"[75, 85)",C,12107.0,2.0
2021-12-13,"[75, 85)",E,587684.0,10353.0
2021-12-13,"[85, 120)",A,292221.0,104.0
2021-12-13,"[85, 120)",B,286157.0,168.0
2021-12-13,"[85, 120)",C,12171.0,3.0
2021-12-13,"[85, 120)",E,260084.0,1834.0
2021-12-20,"[0, 12)",A,0.0,0.0
2021-12-20,"[0, 12)",B,0.0,0.0
2021-12-20,"[0, 12)",C,0.0,0.0
2021-12-20,"[0, 12)",E,0.0,0.0
2021-12-20,"[12, 18)",A,689573.0,2418.0
2021-12-20,"[12, 18)",B,669433.0,1726.0
2021-12-20,"[12, 18)",C,7241.0,16.0
2021-12-20,"[12, 18)",E,10512.0,2648.0
2021-12-20,"[18, 25)",A,706002.0,781.0
2021-12-20,"[18, 25)",B,691260.0,908.0
2021-12-20,"[18, 25)",C,61595.0,28.0
2021-12-20,"[18, 25)",E,130030.0,21836.0
2021-12-20,"[25, 35)",A,1178152.0,1154.0
2021-12-20,"[25, 35)",B,1157585.0,1456.0
2021-12-20,"[25, 35)",C,40201.0,71.0
2021-12-20,"[25, 35)",E,233606.0,46294.0
2021-12-20,"[35, 45)",A,1200157.0,754.0
2021-12-20,"[35, 45)",B,1186099.0,875.0
2021-12-20,"[35, 45)",C,76330.0,72.0
2021-12-20,"[35, 45)",E,353756.0,57534.0
2021-12-20,"[45, 55)",A,1252872.0,475.0
2021-12-20,"[45, 55)",B,1243490.0,558.0
2021-12-20,"[45, 55)",C,126276.0,51.0
2021-12-20,"[45, 55)",E,605030.0,82705.0
2021-12-20,"[55, 65)",A,1370249.0,302.0
2021-12-20,"[55, 65)",B,1363245.0,398.0
2021-12-20,"[55, 65)",C,47457.0,13.0
2021-12-20,"[55, 65)",E,884838.0,77817.0
2021-12-20,"[65, 75)",A,1101100.0,190.0
2021-12-20,"[65, 75)",B,1095363.0,220.0
2021-12-20,"[65, 75)",C,17544.0,6.0
2021-12-20,"[65, 75)",E,982668.0,13180.0
2021-12-20,"[75, 85)",A,650040.0,103.0
2021-12-20,"[75, 85)",B,644687.0,142.0
2021-12-20,"[75, 85)",C,12109.0,4.0
2021-12-20,"[75, 85)",E,598037.0,3283.0
2021-12-20,"[85, 120)",A,292325.0,46.0
2021-12-20,"[85, 120)",B,286325.0,74.0
2021-12-20,"[85, 120)",C,12174.0,0.0
2021-12-20,"[85, 120)",E,261918.0,787.0
2021-12-27,"[0, 12)",A,0.0,0.0
2021-12-27,"[0, 12)",B,0.0,0.0
2021-12-27,"[0, 12)",C,0.0,0.0
2021-12-27,"[0, 12)",E,0.0,0.0
2021-12-27,"[12, 18)",A,691991.0,21577.0
2021-12-27,"[12, 18)",B,671159.0,4269.0
2021-12-27,"[12, 18)",C,7257.0,2.0
2021-12-27,"[12, 18)",E,13160.0,9076.0
2021-12-27,"[18, 25)",A,706783.0,1604.0
2021-12-27,"[18, 25)",B,692168.0,2320.0
2021-12-27,"[18, 25)",C,61623.0,61.0
2021-12-27,"[18, 25)",E,151866.0,67194.0
2021-12-27,"[25, 35)",A,1179306.0,2387.0
2021-12-27,"[25, 35)",B,1159041.0,3304.0
2021-12-27,"[25, 35)",C,40272.0,100.0
2021-12-27,"[25, 35)",E,279900.0,137524.0
2021-12-27,"[35, 45)",A,1200911.0,1430.0
2021-12-27,"[35, 45)",B,1186974.0,2037.0
2021-12-27,"[35, 45)",C,76402.0,85.0
2021-12-27,"[35, 45)",E,411290.0,169687.0
2021-12-27,"[45, 55)",A,1253347.0,972.0
2021-12-27,"[45, 55)",B,1244048.0,1352.0
2021-12-27,"[45, 55)",C,126327.0,30.0
2021-12-27,"[45, 55)",E,687735.0,224934.0
2021-12-27,"[55, 65)",A,1370551.0,615.0
2021-12-27,"[55, 65)",B,1363643.0,917.0
2021-12-27,"[55, 65)",C,47470.0,23.0
2021-12-27,"[55, 65)",E,962655.0,195326.0
2021-12-27,"[65, 75)",A,1101290.0,319.0
2021-12-27,"[65, 75)",B,1095583.0,504.0
2021-12-27,"[65, 75)",C,17550.0,6.0
2021-12-27,"[65, 75)",E,995848.0,23372.0
2021-12-27,"[75, 85)",A,650143.0,174.0
2021-12-27,"[75, 85)",B,644829.0,303.0
2021-12-27,"[75, 85)",C,12113.0,2.0
2021-12-27,"[75, 85)",E,601320.0,6089.0
2021-12-27,"[85, 120)",A,292371.0,87.0
2021-12-27,"[85, 120)",B,286399.0,126.0
2021-12-27,"[85, 120)",C,12174.0,1.0
2021-12-27,"[85, 120)",E,262705.0,1165.0
2022-01-03,"[0, 12)",A,0.0,0.0
2022-01-03,"[0, 12)",B,0.0,0.0
2022-01-03,"[0, 12)",C,0.0,0.0
2022-01-03,"[0, 12)",E,0.0,0.0
2022-01-03,"[12, 18)",A,713568.0,58611.0
2022-01-03,"[12, 18)",B,675428.0,5025.0
2022-01-03,"[12, 18)",C,7259.0,6.0
2022-01-03,"[12, 18)",E,22236.0,9784.0
2022-01-03,"[18, 25)",A,708387.0,1565.0
2022-01-03,"[18, 25)",B,694488.0,1957.0
2022-01-03,"[18, 25)",C,61684.0,45.0
2022-01-03,"[18, 25)",E,219060.0,77236.0
2022-01-03,"[25, 35)",A,1181693.0,2515.0
2022-01-03,"[25, 35)",B,1162345.0,2799.0
2022-01-03,"[25, 35)",C,40372.0,87.0
2022-01-03,"[25, 35)",E,417424.0,158463.0
2022-01-03,"[35, 45)",A,1202341.0,1569.0
2022-01-03,"[35, 45)",B,1189011.0,1746.0
2022-01-03,"[35, 45)",C,76487.0,62.0
2022-01-03,"[35, 45)",E,580977.0,207319.0
2022-01-03,"[45, 55)",A,1254319.0,933.0
2022-01-03,"[45, 55)",B,1245400.0,1124.0
2022-01-03,"[45, 55)",C,126357.0,59.0
2022-01-03,"[45, 55)",E,912669.0,154101.0
2022-01-03,"[55, 65)",A,1371166.0,587.0
2022-01-03,"[55, 65)",B,1364560.0,686.0
2022-01-03,"[55, 65)",C,47493.0,26.0
2022-01-03,"[55, 65)",E,1157981.0,75083.0
2022-01-03,"[65, 75)",A,1101609.0,323.0
2022-01-03,"[65, 75)",B,1096087.0,416.0
2022-01-03,"[65, 75)",C,17556.0,6.0
2022-01-03,"[65, 75)",E,1019220.0,13865.0
2022-01-03,"[75, 85)",A,650317.0,195.0
2022-01-03,"[75, 85)",B,645132.0,248.0
2022-01-03,"[75, 85)",C,12115.0,2.0
2022-01-03,"[75, 85)",E,607409.0,4777.0
2022-01-03,"[85, 120)",A,292458.0,103.0
2022-01-03,"[85, 120)",B,286525.0,138.0
2022-01-03,"[85, 120)",C,12175.0,0.0
2022-01-03,"[85, 120)",E,263870.0,1097.0
2022-01-10,"[0, 12)",A,0.0,0.0
2022-01-10,"[0, 12)",B,0.0,0.0
2022-01-10,"[0, 12)",C,0.0,0.0
2022-01-10,"[0, 12)",E,0.0,0.0
2022-01-10,"[12, 18)",A,772179.0,71698.0
2022-01-10,"[12, 18)",B,680453.0,2557.0
2022-01-10,"[12, 18)",C,7265.0,8.0
2022-01-10,"[12, 18)",E,32020.0,12150.0
2022-01-10,"[18, 25)",A,709952.0,1284.0
2022-01-10,"[18, 25)",B,696445.0,1183.0
2022-01-10,"[18, 25)",C,61729.0,34.0
2022-01-10,"[18, 25)",E,296296.0,75930.0
2022-01-10,"[25, 35)",A,1184208.0,1833.0
2022-01-10,"[25, 35)",B,1165144.0,1596.0
2022-01-10,"[25, 35)",C,40459.0,100.0
2022-01-10,"[25, 35)",E,575887.0,141255.0
2022-01-10,"[35, 45)",A,1203910.0,1095.0
2022-01-10,"[35, 45)",B,1190757.0,977.0
2022-01-10,"[35, 45)",C,76549.0,72.0
2022-01-10,"[35, 45)",E,788296.0,97786.0
2022-01-10,"[45, 55)",A,1255252.0,719.0
2022-01-10,"[45, 55)",B,1246524.0,649.0
2022-01-10,"[45, 55)",C,126416.0,34.0
2022-01-10,"[45, 55)",E,1066770.0,45109.0
2022-01-10,"[55, 65)",A,1371753.0,439.0
2022-01-10,"[55, 65)",B,1365246.0,423.0
2022-01-10,"[55, 65)",C,47519.0,11.0
2022-01-10,"[55, 65)",E,1233064.0,23666.0
2022-01-10,"[65, 75)",A,1101932.0,264.0
2022-01-10,"[65, 75)",B,1096503.0,259.0
2022-01-10,"[65, 75)",C,17562.0,12.0
2022-01-10,"[65, 75)",E,1033085.0,7602.0
2022-01-10,"[75, 85)",A,650512.0,134.0
2022-01-10,"[75, 85)",B,645380.0,144.0
2022-01-10,"[75, 85)",C,12117.0,1.0
2022-01-10,"[75, 85)",E,612186.0,2729.0
2022-01-10,"[85, 120)",A,292561.0,73.0
2022-01-10,"[85, 120)",B,286663.0,85.0
2022-01-10,"[85, 120)",C,12175.0,0.0
2022-01-10,"[85, 120)",E,264967.0,759.0
2022-01-17,"[0, 12)",A,0.0,0.0
2022-01-17,"[0, 12)",B,0.0,0.0
2022-01-17,"[0, 12)",C,0.0,0.0
2022-01-17,"[0, 12)",E,0.0,0.0
2022-01-17,"[12, 18)",A,843877.0,43207.0
2022-01-17,"[12, 18)",B,683010.0,13387.0
2022-01-17,"[12, 18)",C,7273.0,6.0
2022-01-17,"[12, 18)",E,44170.0,13183.0
2022-01-17,"[18, 25)",A,711236.0,1160.0
2022-01-17,"[18, 25)",B,697628.0,1382.0
2022-01-17,"[18, 25)",C,61763.0,30.0
2022-01-17,"[18, 25)",E,372226.0,69626.0
2022-01-17,"[25, 35)",A,1186041.0,1554.0
2022-01-17,"[25, 35)",B,1166740.0,1836.0
2022-01-17,"[25, 35)",C,40559.0,53.0
2022-01-17,"[25, 35)",E,717142.0,64558.0
2022-01-17,"[35, 45)",A,1205005.0,930.0
2022-01-17,"[35, 45)",B,1191734.0,1031.0
2022-01-17,"[35, 45)",C,76621.0,48.0
2022-01-17,"[35, 45)",E,886082.0,35638.0
2022-01-17,"[45, 55)",A,1255971.0,583.0
2022-01-17,"[45, 55)",B,1247173.0,741.0
2022-01-17,"[45, 55)",C,126450.0,32.0
2022-01-17,"[45, 55)",E,1111879.0,24064.0
2022-01-17,"[55, 65)",A,1372192.0,295.0
2022-01-17,"[55, 65)",B,1365669.0,467.0
2022-01-17,"[55, 65)",C,47530.0,20.0
2022-01-17,"[55, 65)",E,1256730.0,14561.0
2022-01-17,"[65, 75)",A,1102196.0,200.0
2022-01-17,"[65, 75)",B,1096762.0,279.0
2022-01-17,"[65, 75)",C,17574.0,3.0
2022-01-17,"[65, 75)",E,1040687.0,5719.0
2022-01-17,"[75, 85)",A,650646.0,80.0
2022-01-17,"[75, 85)",B,645524.0,145.0
2022-01-17,"[75, 85)",C,12118.0,4.0
2022-01-17,"[75, 85)",E,614915.0,2366.0
2022-01-17,"[85, 120)",A,292634.0,44.0
2022-01-17,"[85, 120)",B,286748.0,75.0
2022-01-17,"[85, 120)",C,12175.0,2.0
2022-01-17,"[85, 120)",E,265726.0,576.0
2022-01-24,"[0, 12)",A,0.0,0.0
2022-01-24,"[0, 12)",B,0.0,0.0
2022-01-24,"[0, 12)",C,0.0,0.0
2022-01-24,"[0, 12)",E,0.0,0.0
2022-01-24,"[12, 18)",A,887084.0,22584.0
2022-01-24,"[12, 18)",B,696397.0,44798.0
2022-01-24,"[12, 18)",C,7279.0,0.0
2022-01-24,"[12, 18)",E,57353.0,10936.0
2022-01-24,"[18, 25)",A,712396.0,935.0
2022-01-24,"[18, 25)",B,699010.0,1442.0
2022-01-24,"[18, 25)",C,61793.0,10.0
2022-01-24,"[18, 25)",E,441852.0,40351.0
2022-01-24,"[25, 35)",A,1187595.0,1122.0
2022-01-24,"[25, 35)",B,1168576.0,1996.0
2022-01-24,"[25, 35)",C,40612.0,41.0
2022-01-24,"[25, 35)",E,781700.0,34540.0
2022-01-24,"[35, 45)",A,1205935.0,683.0
2022-01-24,"[35, 45)",B,1192765.0,1133.0
2022-01-24,"[35, 45)",C,76669.0,37.0
2022-01-24,"[35, 45)",E,921720.0,24114.0
2022-01-24,"[45, 55)",A,1256554.0,418.0
2022-01-24,"[45, 55)",B,1247914.0,706.0
2022-01-24,"[45, 55)",C,126482.0,12.0
2022-01-24,"[45, 55)",E,1135943.0,17262.0
2022-01-24,"[55, 65)",A,1372487.0,245.0
2022-01-24,"[55, 65)",B,1366136.0,475.0
2022-01-24,"[55, 65)",C,47550.0,4.0
2022-01-24,"[55, 65)",E,1271291.0,10405.0
2022-01-24,"[65, 75)",A,1102396.0,155.0
2022-01-24,"[65, 75)",B,1097041.0,265.0
2022-01-24,"[65, 75)",C,17577.0,3.0
2022-01-24,"[65, 75)",E,1046406.0,4096.0
2022-01-24,"[75, 85)",A,650726.0,65.0
2022-01-24,"[75, 85)",B,645669.0,141.0
2022-01-24,"[75, 85)",C,12122.0,0.0
2022-01-24,"[75, 85)",E,617281.0,1612.0
2022-01-24,"[85, 120)",A,292678.0,40.0
2022-01-24,"[85, 120)",B,286823.0,65.0
2022-01-24,"[85, 120)",C,12177.0,0.0
2022-01-24,"[85, 120)",E,266302.0,419.0
2022-01-31,"[0, 12)",A,0.0,0.0
2022-01-31,"[0, 12)",B,0.0,0.0
2022-01-31,"[0, 12)",C,0.0,0.0
2022-01-31,"[0, 12)",E,0.0,0.0
2022-01-31,"[12, 18)",A,909668.0,13790.0
2022-01-31,"[12, 18)",B,741195.0,62460.0
2022-01-31,"[12, 18)",C,7279.0,1.0
2022-01-31,"[12, 18)",E,68289.0,47479.0
2022-01-31,"[18, 25)",A,713331.0,792.0
2022-01-31,"[18, 25)",B,700452.0,1169.0
2022-01-31,"[18, 25)",C,61803.0,14.0
2022-01-31,"[18, 25)",E,482203.0,24560.0
2022-01-31,"[25, 35)",A,1188717.0,933.0
2022-01-31,"[25, 35)",B,1170572.0,1641.0
2022-01-31,"[25, 35)",C,40653.0,28.0
2022-01-31,"[25, 35)",E,816240.0,23847.0
2022-01-31,"[35, 45)",A,1206618.0,545.0
2022-01-31,"[35, 45)",B,1193898.0,991.0
2022-01-31,"[35, 45)",C,76706.0,26.0
2022-01-31,"[35, 45)",E,945834.0,17987.0
2022-01-31,"[45, 55)",A,1256972.0,293.0
2022-01-31,"[45, 55)",B,1248620.0,584.0
2022-01-31,"[45, 55)",C,126494.0,17.0
2022-01-31,"[45, 55)",E,1153205.0,11766.0
2022-01-31,"[55, 65)",A,1372732.0,182.0
2022-01-31,"[55, 65)",B,1366611.0,392.0
2022-01-31,"[55, 65)",C,47554.0,8.0
2022-01-31,"[55, 65)",E,1281696.0,6690.0
2022-01-31,"[65, 75)",A,1102551.0,123.0
2022-01-31,"[65, 75)",B,1097306.0,244.0
2022-01-31,"[65, 75)",C,17580.0,2.0
2022-01-31,"[65, 75)",E,1050502.0,2674.0
2022-01-31,"[75, 85)",A,650791.0,66.0
2022-01-31,"[75, 85)",B,645810.0,105.0
2022-01-31,"[75, 85)",C,12122.0,0.0
2022-01-31,"[75, 85)",E,618893.0,1160.0
2022-01-31,"[85, 120)",A,292718.0,39.0
2022-01-31,"[85, 120)",B,286888.0,62.0
2022-01-31,"[85, 120)",C,12177.0,0.0
2022-01-31,"[85, 120)",E,266721.0,310.0
2022-02-07,"[0, 12)",A,0.0,0.0
2022-02-07,"[0, 12)",B,0.0,0.0
2022-02-07,"[0, 12)",C,0.0,0.0
2022-02-07,"[0, 12)",E,0.0,0.0
2022-02-07,"[12, 18)",A,923458.0,10598.0
2022-02-07,"[12, 18)",B,803655.0,46852.0
2022-02-07,"[12, 18)",C,7280.0,0.0
2022-02-07,"[12, 18)",E,115768.0,31597.0
2022-02-07,"[18, 25)",A,714123.0,574.0
2022-02-07,"[18, 25)",B,701621.0,983.0
2022-02-07,"[18, 25)",C,61817.0,2.0
2022-02-07,"[18, 25)",E,506763.0,16102.0
2022-02-07,"[25, 35)",A,1189650.0,641.0
2022-02-07,"[25, 35)",B,1172213.0,1286.0
2022-02-07,"[25, 35)",C,40681.0,27.0
2022-02-07,"[25, 35)",E,840087.0,19103.0
2022-02-07,"[35, 45)",A,1207163.0,453.0
2022-02-07,"[35, 45)",B,1194889.0,770.0
2022-02-07,"[35, 45)",C,76732.0,13.0
2022-02-07,"[35, 45)",E,963821.0,13831.0
2022-02-07,"[45, 55)",A,1257265.0,244.0
2022-02-07,"[45, 55)",B,1249204.0,493.0
2022-02-07,"[45, 55)",C,126511.0,8.0
2022-02-07,"[45, 55)",E,1164971.0,8754.0
2022-02-07,"[55, 65)",A,1372914.0,143.0
2022-02-07,"[55, 65)",B,1367003.0,291.0
2022-02-07,"[55, 65)",C,47562.0,5.0
2022-02-07,"[55, 65)",E,1288386.0,4999.0
2022-02-07,"[65, 75)",A,1102674.0,114.0
2022-02-07,"[65, 75)",B,1097550.0,190.0
2022-02-07,"[65, 75)",C,17582.0,1.0
2022-02-07,"[65, 75)",E,1053176.0,2114.0
2022-02-07,"[75, 85)",A,650857.0,75.0
2022-02-07,"[75, 85)",B,645915.0,99.0
2022-02-07,"[75, 85)",C,12122.0,0.0
2022-02-07,"[75, 85)",E,620053.0,875.0
2022-02-07,"[85, 120)",A,292757.0,30.0
2022-02-07,"[85, 120)",B,286950.0,50.0
2022-02-07,"[85, 120)",C,12177.0,0.0
2022-02-07,"[85, 120)",E,267031.0,275.0
2022-02-14,"[0, 12)",A,0.0,0.0
2022-02-14,"[0, 12)",B,0.0,0.0
2022-02-14,"[0, 12)",C,0.0,0.0
2022-02-14,"[0, 12)",E,0.0,0.0
2022-02-14,"[12, 18)",A,934056.0,5422.0
2022-02-14,"[12, 18)",B,850507.0,27560.0
2022-02-14,"[12, 18)",C,7280.0,0.0
2022-02-14,"[12, 18)",E,147365.0,20922.0
2022-02-14,"[18, 25)",A,714697.0,413.0
2022-02-14,"[18, 25)",B,702604.0,808.0
2022-02-14,"[18, 25)",C,61819.0,5.0
2022-02-14,"[18, 25)",E,522865.0,13699.0
2022-02-14,"[25, 35)",A,1190291.0,589.0
2022-02-14,"[25, 35)",B,1173499.0,1077.0
2022-02-14,"[25, 35)",C,40708.0,43.0
2022-02-14,"[25, 35)",E,859190.0,15943.0
2022-02-14,"[35, 45)",A,1207616.0,360.0
2022-02-14,"[35, 45)",B,1195659.0,604.0
2022-02-14,"[35, 45)",C,76745.0,26.0
2022-02-14,"[35, 45)",E,977652.0,11862.0
2022-02-14,"[45, 55)",A,1257509.0,205.0
2022-02-14,"[45, 55)",B,1249697.0,384.0
2022-02-14,"[45, 55)",C,126519.0,12.0
2022-02-14,"[45, 55)",E,1173725.0,7675.0
2022-02-14,"[55, 65)",A,1373057.0,103.0
2022-02-14,"[55, 65)",B,1367294.0,222.0
2022-02-14,"[55, 65)",C,47567.0,2.0
2022-02-14,"[55, 65)",E,1293385.0,4734.0
2022-02-14,"[65, 75)",A,1102788.0,80.0
2022-02-14,"[65, 75)",B,1097740.0,173.0
2022-02-14,"[65, 75)",C,17583.0,0.0
2022-02-14,"[65, 75)",E,1055290.0,1966.0
2022-02-14,"[75, 85)",A,650932.0,44.0
2022-02-14,"[75, 85)",B,646014.0,77.0
2022-02-14,"[75, 85)",C,12122.0,1.0
2022-02-14,"[75, 85)",E,620928.0,773.0
2022-02-14,"[85, 120)",A,292787.0,22.0
2022-02-14,"[85, 120)",B,287000.0,47.0
2022-02-14,"[85, 120)",C,12177.0,0.0
2022-02-14,"[85, 120)",E,267306.0,225.0
2022-02-21,"[0, 12)",A,0.0,0.0
2022-02-21,"[0, 12)",B,0.0,0.0
2022-02-21,"[0, 12)",C,0.0,0.0
2022-02-21,"[0, 12)",E,0.0,0.0
2022-02-21,"[12, 18)",A,939478.0,2886.0
2022-02-21,"[12, 18)",B,878067.0,10778.0
2022-02-21,"[12, 18)",C,7280.0,0.0
2022-02-21,"[12, 18)",E,168287.0,9620.0
2022-02-21,"[18, 25)",A,715110.0,272.0
2022-02-21,"[18, 25)",B,703412.0,535.0
2022-02-21,"[18, 25)",C,61824.0,7.0
2022-02-21,"[18, 25)",E,536564.0,4982.0
2022-02-21,"[25, 35)",A,1190880.0,429.0
2022-02-21,"[25, 35)",B,1174576.0,618.0
2022-02-21,"[25, 35)",C,40751.0,26.0
2022-02-21,"[25, 35)",E,875133.0,5980.0
2022-02-21,"[35, 45)",A,1207976.0,249.0
2022-02-21,"[35, 45)",B,1196263.0,367.0
2022-02-21,"[35, 45)",C,76771.0,25.0
2022-02-21,"[35, 45)",E,989514.0,4143.0
2022-02-21,"[45, 55)",A,1257714.0,176.0
2022-02-21,"[45, 55)",B,1250081.0,238.0
2022-02-21,"[45, 55)",C,126531.0,22.0
2022-02-21,"[45, 55)",E,1181400.0,2899.0
2022-02-21,"[55, 65)",A,1373160.0,104.0
2022-02-21,"[55, 65)",B,1367516.0,127.0
2022-02-21,"[55, 65)",C,47569.0,3.0
2022-02-21,"[55, 65)",E,1298119.0,1815.0
2022-02-21,"[65, 75)",A,1102868.0,43.0
2022-02-21,"[65, 75)",B,1097913.0,93.0
2022-02-21,"[65, 75)",C,17583.0,2.0
2022-02-21,"[65, 75)",E,1057256.0,762.0
2022-02-21,"[75, 85)",A,650976.0,22.0
2022-02-21,"[75, 85)",B,646091.0,58.0
2022-02-21,"[75, 85)",C,12123.0,0.0
2022-02-21,"[75, 85)",E,621701.0,313.0
2022-02-21,"[85, 120)",A,292809.0,15.0
2022-02-21,"[85, 120)",B,287047.0,24.0
2022-02-21,"[85, 120)",C,12177.0,0.0
2022-02-21,"[85, 120)",E,267531.0,104.0
2022-02-28,"[0, 12)",A,0.0,0.0
2022-02-28,"[0, 12)",B,0.0,0.0
2022-02-28,"[0, 12)",C,0.0,0.0
2022-02-28,"[0, 12)",E,0.0,0.0
2022-02-28,"[12, 18)",A,942364.0,2516.0
2022-02-28,"[12, 18)",B,888845.0,15809.0
2022-02-28,"[12, 18)",C,7280.0,0.0
2022-02-28,"[12, 18)",E,177907.0,8763.0
2022-02-28,"[18, 25)",A,715382.0,151.0
2022-02-28,"[18, 25)",B,703947.0,382.0
2022-02-28,"[18, 25)",C,61831.0,2.0
2022-02-28,"[18, 25)",E,541546.0,2187.0
2022-02-28,"[25, 35)",A,1191309.0,181.0
2022-02-28,"[25, 35)",B,1175194.0,498.0
2022-02-28,"[25, 35)",C,40777.0,7.0
2022-02-28,"[25, 35)",E,881113.0,2944.0
2022-02-28,"[35, 45)",A,1208225.0,137.0
2022-02-28,"[35, 45)",B,1196630.0,312.0
2022-02-28,"[35, 45)",C,76796.0,0.0
2022-02-28,"[35, 45)",E,993657.0,2443.0
2022-02-28,"[45, 55)",A,1257890.0,96.0
2022-02-28,"[45, 55)",B,1250319.0,191.0
2022-02-28,"[45, 55)",C,126553.0,3.0
2022-02-28,"[45, 55)",E,1184299.0,1564.0
2022-02-28,"[55, 65)",A,1373264.0,75.0
2022-02-28,"[55, 65)",B,1367643.0,122.0
2022-02-28,"[55, 65)",C,47572.0,1.0
2022-02-28,"[55, 65)",E,1299934.0,1004.0
2022-02-28,"[65, 75)",A,1102911.0,59.0
2022-02-28,"[65, 75)",B,1098006.0,92.0
2022-02-28,"[65, 75)",C,17585.0,0.0
2022-02-28,"[65, 75)",E,1058018.0,538.0
2022-02-28,"[75, 85)",A,650998.0,29.0
2022-02-28,"[75, 85)",B,646149.0,54.0
2022-02-28,"[75, 85)",C,12123.0,0.0
2022-02-28,"[75, 85)",E,622014.0,259.0
2022-02-28,"[85, 120)",A,292824.0,19.0
2022-02-28,"[85, 120)",B,287071.0,22.0
2022-02-28,"[85, 120)",C,12177.0,0.0
2022-02-28,"[85, 120)",E,267635.0,93.0
2022-03-07,"[0, 12)",A,0.0,0.0
2022-03-07,"[0, 12)",B,0.0,0.0
2022-03-07,"[0, 12)",C,0.0,0.0
2022-03-07,"[0, 12)",E,0.0,0.0
2022-03-07,"[12, 18)",A,944880.0,913.0
2022-03-07,"[12, 18)",B,904654.0,7089.0
2022-03-07,"[12, 18)",C,7280.0,0.0
2022-03-07,"[12, 18)",E,186670.0,7314.0
2022-03-07,"[18, 25)",A,715533.0,92.0
2022-03-07,"[18, 25)",B,704329.0,223.0
2022-03-07,"[18, 25)",C,61833.0,9.0
2022-03-07,"[18, 25)",E,543733.0,1568.0
2022-03-07,"[25, 35)",A,1191490.0,157.0
2022-03-07,"[25, 35)",B,1175692.0,356.0
2022-03-07,"[25, 35)",C,40784.0,18.0
2022-03-07,"[25, 35)",E,884057.0,2242.0
2022-03-07,"[35, 45)",A,1208362.0,93.0
2022-03-07,"[35, 45)",B,1196942.0,223.0
2022-03-07,"[35, 45)",C,76796.0,16.0
2022-03-07,"[35, 45)",E,996100.0,1681.0
2022-03-07,"[45, 55)",A,1257986.0,66.0
2022-03-07,"[45, 55)",B,1250510.0,115.0
2022-03-07,"[45, 55)",C,126556.0,8.0
2022-03-07,"[45, 55)",E,1185863.0,1196.0
2022-03-07,"[55, 65)",A,1373339.0,65.0
2022-03-07,"[55, 65)",B,1367765.0,85.0
2022-03-07,"[55, 65)",C,47573.0,1.0
2022-03-07,"[55, 65)",E,1300938.0,797.0
2022-03-07,"[65, 75)",A,1102970.0,51.0
2022-03-07,"[65, 75)",B,1098098.0,68.0
2022-03-07,"[65, 75)",C,17585.0,0.0
2022-03-07,"[65, 75)",E,1058556.0,396.0
2022-03-07,"[75, 85)",A,651027.0,13.0
2022-03-07,"[75, 85)",B,646203.0,29.0
2022-03-07,"[75, 85)",C,12123.0,0.0
2022-03-07,"[75, 85)",E,622273.0,200.0
2022-03-07,"[85, 120)",A,292843.0,5.0
2022-03-07,"[85, 120)",B,287093.0,19.0
2022-03-07,"[85, 120)",C,12177.0,0.0
2022-03-07,"[85, 120)",E,267728.0,81.0
2022-03-14,"[0, 12)",A,0.0,0.0
2022-03-14,"[0, 12)",B,0.0,0.0
2022-03-14,"[0, 12)",C,0.0,0.0
2022-03-14,"[0, 12)",E,0.0,0.0
2022-03-14,"[12, 18)",A,945793.0,536.0
2022-03-14,"[12, 18)",B,911743.0,3773.0
2022-03-14,"[12, 18)",C,7280.0,0.0
2022-03-14,"[12, 18)",E,193984.0,4272.0
2022-03-14,"[18, 25)",A,715625.0,87.0
2022-03-14,"[18, 25)",B,704552.0,123.0
2022-03-14,"[18, 25)",C,61842.0,2.0
2022-03-14,"[18, 25)",E,545301.0,861.0
2022-03-14,"[25, 35)",A,1191647.0,114.0
2022-03-14,"[25, 35)",B,1176048.0,190.0
2022-03-14,"[25, 35)",C,40802.0,4.0
2022-03-14,"[25, 35)",E,886299.0,1343.0
2022-03-14,"[35, 45)",A,1208455.0,84.0
2022-03-14,"[35, 45)",B,1197165.0,128.0
2022-03-14,"[35, 45)",C,76812.0,8.0
2022-03-14,"[35, 45)",E,997781.0,1132.0
2022-03-14,"[45, 55)",A,1258052.0,55.0
2022-03-14,"[45, 55)",B,1250625.0,80.0
2022-03-14,"[45, 55)",C,126564.0,4.0
2022-03-14,"[45, 55)",E,1187059.0,691.0
2022-03-14,"[55, 65)",A,1373404.0,40.0
2022-03-14,"[55, 65)",B,1367850.0,50.0
2022-03-14,"[55, 65)",C,47574.0,3.0
2022-03-14,"[55, 65)",E,1301735.0,507.0
2022-03-14,"[65, 75)",A,1103021.0,18.0
2022-03-14,"[65, 75)",B,1098166.0,29.0
2022-03-14,"[65, 75)",C,17585.0,0.0
2022-03-14,"[65, 75)",E,1058952.0,280.0
2022-03-14,"[75, 85)",A,651040.0,21.0
2022-03-14,"[75, 85)",B,646232.0,21.0
2022-03-14,"[75, 85)",C,12123.0,0.0
2022-03-14,"[75, 85)",E,622473.0,106.0
2022-03-14,"[85, 120)",A,292848.0,4.0
2022-03-14,"[85, 120)",B,287112.0,11.0
2022-03-14,"[85, 120)",C,12177.0,0.0
2022-03-14,"[85, 120)",E,267809.0,36.0
2022-03-21,"[0, 12)",A,0.0,0.0
2022-03-21,"[0, 12)",B,0.0,0.0
2022-03-21,"[0, 12)",C,0.0,0.0
2022-03-21,"[0, 12)",E,0.0,0.0
2022-03-21,"[12, 18)",A,946329.0,0.0
2022-03-21,"[12, 18)",B,915516.0,0.0
2022-03-21,"[12, 18)",C,7280.0,0.0
2022-03-21,"[12, 18)",E,198256.0,0.0
2022-03-21,"[18, 25)",A,715712.0,0.0
2022-03-21,"[18, 25)",B,704675.0,0.0
2022-03-21,"[18, 25)",C,61844.0,0.0
2022-03-21,"[18, 25)",E,546162.0,0.0
2022-03-21,"[25, 35)",A,1191761.0,0.0
2022-03-21,"[25, 35)",B,1176238.0,0.0
2022-03-21,"[25, 35)",C,40806.0,0.0
2022-03-21,"[25, 35)",E,887642.0,0.0
2022-03-21,"[35, 45)",A,1208539.0,0.0
2022-03-21,"[35, 45)",B,1197293.0,0.0
2022-03-21,"[35, 45)",C,76820.0,0.0
2022-03-21,"[35, 45)",E,998913.0,0.0
2022-03-21,"[45, 55)",A,1258107.0,0.0
2022-03-21,"[45, 55)",B,1250705.0,0.0
2022-03-21,"[45, 55)",C,126568.0,0.0
2022-03-21,"[45, 55)",E,1187750.0,0.0
2022-03-21,"[55, 65)",A,1373444.0,0.0
2022-03-21,"[55, 65)",B,1367900.0,0.0
2022-03-21,"[55, 65)",C,47577.0,0.0
2022-03-21,"[55, 65)",E,1302242.0,0.0
2022-03-21,"[65, 75)",A,1103039.0,0.0
2022-03-21,"[65, 75)",B,1098195.0,0.0
2022-03-21,"[65, 75)",C,17585.0,0.0
2022-03-21,"[65, 75)",E,1059232.0,0.0
2022-03-21,"[75, 85)",A,651061.0,0.0
2022-03-21,"[75, 85)",B,646253.0,0.0
2022-03-21,"[75, 85)",C,12123.0,0.0
2022-03-21,"[75, 85)",E,622579.0,0.0
2022-03-21,"[85, 120)",A,292852.0,0.0
2022-03-21,"[85, 120)",B,287123.0,0.0
2022-03-21,"[85, 120)",C,12177.0,0.0
2022-03-21,"[85, 120)",E,267845.0,0.0
