time,S1,S1_LL,S1_UL,S4a,S4a_LL,S4a_UL,S4b,S4b_LL,S4b_UL,S4c,S4c_LL,S4c_UL,S4d,S4d_LL,S4d_UL,S5a,S5a_LL,S5a_UL,S5b,S5b_LL,S5b_UL,S5c,S5c_LL,S5c_UL,S5d,S5d_LL,S5d_UL
2020-09-01,11.367041284527694,11.367041284527692,11.367041284527692,11.367041284527694,11.367041284527692,11.367041284527692,11.367041284527694,11.367041284527692,11.367041284527692,11.367041284527694,11.367041284527692,11.367041284527692,11.367041284527694,11.367041284527692,11.367041284527692,11.367041284527694,11.367041284527692,11.367041284527692,11.367041284527694,11.367041284527692,11.367041284527692,11.367041284527694,11.367041284527692,11.367041284527692,11.367041284527694,11.367041284527692,11.367041284527692
2020-09-02,11.08447172246401,11.083645826580504,11.085436341735027,11.083512913589844,11.08346136088999,11.083588764089374,11.047433333581512,11.047258788272007,11.04763741487045,11.013330400104326,11.01315863673444,11.013555401445432,11.00174074975792,11.00159324777936,11.001914249237268,11.084337466268947,11.08358092253826,11.085386241899268,11.082819245803334,11.082778034810133,11.082881805621929,11.07933729586082,11.079306104586406,11.07937350414995,11.075033660654881,11.074988862292084,11.075079207902283
2020-09-03,10.898324974619795,10.896252215991789,10.90032707706467,10.8992875689925,10.898332557494456,10.900698731844253,10.750185531141108,10.749306321134249,10.751176869817243,10.58668755734825,10.586185464081051,10.58728991487482,10.512273843585385,10.512052446791905,10.512512114126059,10.89847240969016,10.895848140847306,10.90026847400539,10.894133006010575,10.89311458882497,10.895692095181282,10.872525925764984,10.871461788107316,10.873765723940664,10.823390635444584,10.822545554193326,10.82429698953989
2020-09-04,10.820309357174818,10.816131047154455,10.825090733306759,10.818463916746973,10.81551244568384,10.822838119508189,10.43949534321786,10.43631310135397,10.443174307503543,10.004191577458954,10.00269220142247,10.00610958504701,9.799756108121471,9.799119016501692,9.800473080697806,10.820224256181586,10.814623135706068,10.825130259058124,10.805233807523887,10.802164069751413,10.809944971413913,10.736108101867805,10.732885581449061,10.73986546914625,10.589898553849238,10.587340187140287,10.592641552944295
2020-09-05,10.889128224834288,10.880571360793446,10.900087900035428,10.884046761982693,10.877033467615284,10.894442400077304,10.23511824545231,10.227534066032549,10.243895271041545,9.424614149077662,9.421158746819655,9.429104666773874,9.025188842989182,9.023853591067827,9.026732655806521,10.888648715670728,10.877031504111857,10.900176287818471,10.853365415132798,10.846117156954943,10.864491139955941,10.702278743028058,10.694878050977946,10.710915773272273,10.397263025537146,10.391601658683289,10.403340689305818
2020-09-06,11.10531455651718,11.090495124110639,11.12527798229413,11.097829442993053,11.084788957632231,11.117326466596456,10.150944948323133,10.137310534153912,10.16673747882881,8.893433204704914,8.887388314907295,8.901338650151644,8.246006762494797,8.24375075774737,8.248646520537104,11.104006838793474,11.083920555541976,11.125182238366852,11.035166096394123,11.021833440471804,11.055641086564977,10.760630109491428,10.747335581953566,10.776151484283002,10.237870013758197,10.227650582425452,10.249171514881297
2020-09-07,11.471642874552831,11.448644643936012,11.503705063388626,11.47178119092942,11.450634279671046,11.504067303590032,10.220128679933808,10.197169646319685,10.246739705653178,8.451867251489656,8.44198096581927,8.463143407831026,7.5088141907988275,7.505200906122946,7.513049113974118,11.469154973097377,11.438536757177147,11.503001919484127,11.349174800254584,11.327745210669306,11.382065564169475,10.90365060004289,10.882822393048304,10.927967928321141,10.108093398472212,10.091856982187045,10.127021014685342
2020-09-08,11.986002147190716,11.954548506554566,12.033644593696982,12.00015164969318,11.968659756095823,12.048988762032698,10.463893770200047,10.428986316210421,10.504388311571319,8.12860195724762,8.112321558253402,8.154764155854615,6.849488592227137,6.844057423736211,6.8558634586330225,11.980619519451432,11.937733891536737,12.032051759264784,11.781984934957837,11.750880594078295,11.830227124439066,11.107043185208827,11.077242449564224,11.141854566263733,9.988753276586035,9.966961325108446,10.013607519006927
2020-09-09,12.661900662231794,12.617664062003893,12.728186774584506,12.667534148137829,12.622860700724233,12.736248578998785,10.873899895945618,10.824924213662662,10.930717305885722,7.92341027068489,7.899475280659385,7.967652938178601,6.266741285058237,6.259449458224161,6.275304239328967,12.652689331893574,12.595764678845,12.724023224726034,12.335026012541132,12.282828758060084,12.417150357819507,11.352378019031216,11.312480546401439,11.399010746882968,9.868774815090553,9.841362473347699,9.898876465341173
2020-09-10,13.455600121525677,13.396921402163864,13.544061804674149,13.473422677724837,13.414293494107795,13.565100817049604,11.390469461268417,11.324913121656003,11.466612558892034,7.812232795956231,7.777952755141954,7.885151213914459,5.758199254655964,5.74874908547621,5.769301978428245,13.440970740736729,13.366336842686486,13.535984054544278,12.980247600292406,12.911458221731595,13.089304170053646,11.629673202853233,11.578935996994435,11.688985112766218,9.744866148911129,9.714134126939316,9.774664304660329
2020-09-11,14.342031388836103,14.266444840655927,14.455970683120718,14.356080923241963,14.280326648218962,14.473493289739702,12.043214587564258,11.958383826854291,12.141761897758034,7.7835490369125395,7.738169319519433,7.887937707729967,5.319947838616872,5.308169689979096,5.333794736462821,14.319564457654531,14.22375916166267,14.441914217805126,13.680769590536123,13.580653320164584,13.84247182228994,11.909842778302837,11.847838479662736,11.982355999600982,9.606759409175705,9.574299125012136,9.633044089971891
2020-09-12,15.370778832336349,15.27681870698482,15.514969018321569,15.362790377512201,15.2663065306144,15.511197714156733,12.774314515720501,12.66839990324272,12.897459135556414,7.830123649518919,7.7722821988582655,7.966110932512192,4.947017528978385,4.932723400692419,4.963831397106894,15.336461674243827,15.218083396808712,15.492498729128988,14.461621022259104,14.3373008033705,14.661767316712531,12.188220668986085,12.114008729846832,12.27505877724958,9.445376202265724,9.409782614339015,9.472182517726749
2020-09-13,16.537478581331587,16.421163389906713,16.715445824447904,16.468175680051488,16.34836348251591,16.649793878090964,13.612527144490977,13.48035679890013,13.766363548150636,7.939432829690342,7.8682049691853555,8.110574001486105,4.628427211976397,4.6115009374255544,4.648353734107973,16.487840069808392,16.34254480696351,16.681113519280316,15.295674048112682,15.145362302226584,15.538044359076514,12.452018698894992,12.366661379665716,12.551913460224633,9.262574005960655,9.222650387159037,9.291866342801585
2020-09-14,17.780502384728468,17.63919378081101,17.997874500720428,17.6878636071115,17.541281098496274,17.909778720187763,14.579354380874545,14.419251596978535,14.765812667539425,8.120441073882203,8.032738717947156,8.333495691610322,4.369942357024953,4.349892808636937,4.39356444562444,17.710960024438744,17.534774253071955,17.947113790440394,16.20087979065877,16.013720139107743,16.50402277871799,12.690889195187486,12.592575473397083,12.80601720937981,9.061296944291614,9.016971317346659,9.092243439570638
2020-09-15,19.242693336933005,19.072616613643834,19.5080517374043,19.091264247219918,18.911802708177486,19.361172797153685,15.686268215280506,15.489301106377189,15.915933611115959,8.412224534091527,8.30725155387547,8.656559849893506,4.165645383303205,4.142144367805302,4.193231947788597,19.144631306645053,18.933945827453375,19.434494897735433,17.212621196843116,16.989746016578437,17.573350804216666,12.956580739677172,12.843896054502974,13.088656066413892,8.837443352480317,8.790056033867042,8.868682348644748
2020-09-16,20.923128786968988,20.718551607064967,21.244207603186723,20.68676019605949,20.46954636102563,21.011616003511833,16.99292304598484,16.756306697098225,17.269038166852503,8.787999406777393,8.65959255716144,9.106981069814179,4.009151797427556,3.981892988722406,4.0415023461624875,20.788457990415527,20.536583065180906,21.14011081923757,18.331232813843968,18.076666378988897,18.742369863120484,13.228835815162808,13.10329927025071,13.376026292524706,8.606152778820654,8.55478359405242,8.64661824497595
2020-09-17,22.796079152751506,22.55084340732275,23.180132363367584,22.436670409885952,22.1792362843935,22.823315209967586,18.422505296658514,18.14109495408125,18.751154514928356,9.236719632308345,9.083623350142718,9.622160337952932,3.9008612293271216,3.8691927818505896,3.9386165662065644,22.615528279369553,22.315848118488837,23.03686301831441,19.536851341505894,19.232952511866902,20.03027565788919,13.477277658562215,13.337603690006956,13.641127123386543,8.363688802170614,8.308703680852025,8.408987202814343
2020-09-18,24.835687688448754,24.544971213620666,25.292007378544273,24.39851774509336,24.093146779250972,24.857332697747587,19.977726933530345,19.64574503972845,20.36581000671862,9.753021881797341,9.571741493104213,10.22769599420434,3.8260206381152893,3.7899759383383027,3.8692099942570533,24.600890831045536,24.24551472043973,25.099432862562495,20.843059676642422,20.510400911422252,21.375454273136224,13.714938277733367,13.561285454382965,13.895331289982765,8.111275960743544,8.051011545583663,8.164731030095432
2020-09-19,27.07908499369671,26.73505266966382,27.616386084439082,26.475895529399516,26.11847414369068,27.01164051313948,21.67055415329894,21.282717560172003,22.12422146866633,10.337945978792382,10.129610517042845,10.887631411571572,3.779049387926385,3.7381517440666516,3.82776291988271,26.774159860255153,26.356983771870585,27.361930193109,22.208989871619867,21.8373571050727,22.80717165984511,13.931072419622154,13.763664889217576,14.127668547820816,7.851525752351136,7.786736264497744,7.911121918848437
2020-09-20,29.503814581207685,29.100729238716262,30.134734256458653,28.678357656490252,28.26529782904732,29.29953019205999,23.434014464895625,22.985175885878032,23.959697668352646,10.961822299552015,10.718688953146108,11.600251629059265,3.7548879470923207,3.709272720683155,3.8104232783458674,29.11287668144571,28.627176918539707,29.798774146439236,23.591912260826188,23.14846324895303,24.308235046744635,14.124606094721202,13.943996363295936,14.336713984545217,7.586881172544827,7.518685874141768,7.652048922340577
2020-09-21,32.1478983327318,31.676388406697953,32.87902792359424,31.174981567087528,30.69361956691694,31.897787887117076,25.456614183604298,24.93120232905809,26.072499202624677,11.69404078325469,11.421738275494068,12.42082030356743,3.748444253343127,3.6974864233421,3.8099924704617654,31.659330760728594,31.092625234411393,32.4484876975179,25.11641485194791,24.62254981214431,25.914436442518962,14.291421446135233,14.096478502291243,14.520700755211521,7.326235300718332,7.2555036181005,7.398303663323716
2020-09-22,35.07598203995494,34.529754385394746,35.93818679072189,33.976766693218316,33.41728387849031,34.81797743712334,27.659126564360594,27.054195914345808,28.368873192541944,12.51579584170549,12.199644286452274,13.316082602562416,3.7822218941760752,3.7248463668468097,3.850413020283217,34.45471235638502,33.79806057455222,35.386117794835336,26.779364670079033,26.20892102921255,27.702103604509546,14.482542184044856,14.271549062420512,14.73077041014158,7.047929849514029,6.972776939809606,7.121370406105008
2020-09-23,38.43644008264503,37.80090189475854,39.43891776965069,37.110070750289125,36.46022981254756,38.085263145789185,30.04612649843631,29.349639840666928,30.863964213467543,13.431008820462443,13.05331143541273,14.385664392178686,3.8377711817564073,3.7741873545812945,3.9143067267223746,37.66459094230991,36.90145515579139,38.739461154754636,28.58589592360939,27.91410798692563,29.706682345530112,14.677339245437363,14.452690309566917,14.941654182473208,6.792022147310211,6.714905538564364,6.869407065689724
2020-09-24,42.04807728209502,41.31101407127482,43.20605001139767,40.52668615991068,39.77932237078039,41.65293125814737,32.63344390463732,31.834560506565754,33.57246388138727,14.429302963362174,13.979872156282578,15.518739756540798,3.9073139076317953,3.8368755292558254,3.9920991223937605,41.097040106201106,40.2145656867923,42.33975668383004,30.526291930875367,29.752738594540137,31.79370812222895,14.847861280812669,14.607120009205428,15.131367180898334,6.53883522962,6.460288818605882,6.619285203531225
2020-09-25,45.93014463778731,45.080047957307215,47.26532775827919,44.22570694265753,43.36629590637027,45.523812913156235,35.46739138303605,34.5537982502512,36.54203143026059,15.491501545845313,14.961237539055025,16.755677087559555,3.9940731320577956,3.916277653605053,4.087651088934029,44.76799558338261,43.75351675220788,46.194901732577875,32.55003711960137,31.674573191306237,33.99310275529328,15.030983614955971,14.774814994379218,15.332795045834043,6.288739076122334,6.207752039704821,6.3703083134373735
2020-09-26,50.247859772655296,49.26718979625607,51.78251217462618,48.32914361296194,47.345773304651395,49.82029891150661,38.46886636693948,37.43219300989078,39.689405150897635,16.65433959845301,16.056831388885957,18.03270713574777,4.09061771311635,4.0055414128026365,4.193755636154378,48.819714591514995,47.64903540291081,50.46307829464901,34.70795031240937,33.68246081163029,36.35356132766712,15.188860541689783,14.921900688987726,15.502612250791671,6.047875293498945,5.965801194017279,6.131223358561413
2020-09-27,54.64843338879685,53.52615174021905,56.411563264386984,52.48134616714945,51.37050372603852,54.17201796270605,41.71419452451541,40.534429787993346,43.104609177247696,17.891924230443028,17.221198850130047,19.397062559056792,4.199940255028161,4.1068341122975225,4.312915244241864,53.004293889216164,51.702421401984274,54.79190179582844,36.98179143290066,35.81443302374151,38.82350103633614,15.324031152645588,15.037061200678899,15.662262525754443,5.8128165617127,5.729838742667508,5.897497672026576
2020-09-28,59.387778856415146,58.109203948095605,61.445644735301954,57.05076271615349,55.7873637237952,58.98161259364059,45.2951995184016,43.9557193657586,46.87534000405359,19.215400246645434,18.476622048400618,20.95376350695205,4.329082626211647,4.22737125820096,4.452905149031566,57.50199587970835,56.065643969928544,59.43910645901162,39.264162957422236,37.97991694032788,41.34275811977369,15.437205646088103,15.121674954441353,15.80707094805372,5.582620001232597,5.501229989134794,5.6674030953004735
2020-09-29,64.79504756618601,63.34819520016586,66.94840280961563,61.913488721306436,60.48572036286618,64.08936915984708,49.21977909624782,47.69926265853792,51.015308017407754,20.70560810891127,19.8782840656954,22.56213398407944,4.467262090764458,4.356490844698462,4.6024371264801065,62.588582770987514,60.98633553470332,64.73597306856814,41.79521071425009,40.35452117591266,44.00622980892641,15.53910850984264,15.211837289952092,15.92202892946968,5.359651890607962,5.277876313624268,5.444876973818715
2020-09-30,70.2362364154882,68.59540523114704,72.75122323959661,67.21243951279729,65.59730154871994,69.68334129084676,53.471628924526904,51.75723249300195,55.49780220406153,22.376252971593182,21.4726340086806,24.35664300147334,4.630071703816276,4.508868092706012,4.777657686231386,67.78587612768267,65.88735372573363,70.01750061417059,44.49325038941068,42.855914774822324,46.85699226695371,15.645239863565164,15.30093303928109,16.047109293891843,5.142821942655427,5.052253982938993,5.230950483922915
2020-10-01,76.41109948229021,74.56273538202306,79.10718131570326,72.91589482466621,71.11651232553066,75.68335269160764,58.138718723009944,56.189707908410405,60.44470908765928,24.21441039877544,23.237144348251462,26.527555494028572,4.824730924823742,4.694518693224118,4.988952754379569,73.54246955442126,71.32419730253736,76.00820878655442,47.28558042525015,45.48979179900476,49.83527525933686,15.717840047266453,15.355429858306652,16.140585900131885,4.936583546602843,4.852237066282128,5.023550824516749
2020-10-02,83.1483748025616,81.06112059850653,86.15737270293731,79.17010273032928,77.1154276967661,82.29457984758531,63.284915890837254,61.09953341483436,65.871879885578,26.092683524258074,24.995934046892852,28.637722779748284,5.004000168767708,4.862585007159842,5.1816859423938775,79.9155297549062,77.34475240633431,82.50771833320694,50.33348717979617,48.32779738660892,53.04119675214083,15.799360345640029,15.417854217337762,16.24397436447419,4.740438934265136,4.6572683004493785,4.8283395228923265
2020-10-03,90.52462720626208,88.17260282738495,93.87961271110876,86.05681931140131,83.74016310855326,89.57669085109198,68.61327941398771,66.16745510070605,71.5256628017633,28.155707789563515,26.975668214283058,30.81819102441461,5.187591208342894,5.033349841033908,5.378725875514215,86.54146824450363,83.64789296698608,89.59484412344014,53.5795659008723,51.328854419341525,56.45720442988296,15.876832552339849,15.478407378431765,16.34279900438222,4.557061061493823,4.470047048232735,4.645877241705705
2020-10-04,98.55914023240251,95.89524720650586,102.38352505334174,93.57839457049442,90.95614595468328,97.55114984672429,74.54381452236915,71.76676214555319,77.83122160202598,30.38066095432236,29.09806753005455,33.35660126125494,5.408715613651621,5.244420491914952,5.619398893946585,93.86065783597215,90.67145619098363,97.26097083159873,57.011520738747365,54.5345251096315,60.08834950363045,15.9560988964571,15.540744747577934,16.440826096550474,4.387531067415507,4.303630867007324,4.476425360245565
2020-10-05,107.54070944506842,104.54175483516362,111.70866486500415,101.86755589540215,98.90623178073078,106.3490846694494,81.00091034548949,77.87842784535516,84.74582739570478,32.77730504490763,31.305541950616945,36.14545554576455,5.643950391679361,5.4669303132078575,5.87385260093571,101.89342059623523,98.31189356378418,105.80952032457019,60.67134680031607,57.989184021477584,64.02923404931435,16.034759079883244,15.60095396954703,16.539075116445957,4.223421889726435,4.139468628213168,4.313980391087744
2020-10-06,117.55326758646149,114.1680907353591,122.13220746701681,111.05978091535741,107.53936569509338,116.19589064192088,88.20381562825015,84.67943800527726,92.31184303746323,35.502642117772,33.89701692104363,39.181602549937814,5.898618942034001,5.704698176027606,6.145861466157664,110.67674484295111,106.71903653262129,115.28644870224505,64.79693026598432,61.88412743295025,68.3162005376963,16.119635224294843,15.666199848958703,16.65023852520686,4.072355845629595,3.986048372733518,4.162927010098038
2020-10-07,128.6342978885995,124.79136504535906,133.7876704782606,121.23534285089684,117.16377084718647,127.12231191229621,96.10558867374063,92.15862693755982,100.75295829248336,38.44745900586658,36.69093861273902,42.459638879179366,6.153651590887936,5.960509137927727,6.438175251020319,120.3803138620223,115.99550669431642,125.70161922305606,69.13041258395077,65.98577674081002,72.94611206268465,16.21849024536284,15.758215453980455,16.758495733912,3.93465376217158,3.8504775770286925,4.026184180058926
2020-10-08,140.69251296478063,136.3721892185048,146.24229041111917,132.29426302491123,127.5086340632534,138.94763039853802,104.68158736577222,100.24595498973977,109.94025607098708,41.605714537892254,39.62897567488927,45.74823825245049,6.426862250499375,6.202681999893536,6.716297024361767,130.88079328252726,126.04872613382848,137.00647121361928,73.7353909024431,70.32746166067164,77.8867146240662,16.29374586501539,15.813860492091226,16.850868167235262,3.8005749583829767,3.7157912813100302,3.89331110589638
2020-10-09,153.91283737804673,149.0281880657036,159.94586838514925,144.27257903305846,138.65406713534236,151.72982277619178,114.02462963363887,109.06429482182187,119.7695335398281,44.985225274303,42.77929579998402,49.46268820110963,6.737292658205008,6.4689713153669315,7.023242169699797,142.13395655324715,136.798499743494,149.30498760714624,78.52212995892303,74.85592954515793,83.14996464639533,16.377670015335216,15.88651779779984,16.956134921257824,3.6761207314865154,3.5905295173402285,3.7699369001354865
2020-10-10,168.015235500277,162.4795493148528,175.0660356188962,157.40612391957586,151.32796868094573,165.75633815151633,124.04555856158262,118.47746404203207,130.84474367741058,48.56817174838875,46.10315734990661,53.42491151500796,7.023484842415518,6.749727157658822,7.34556366142429,154.63432019821482,148.90947752040586,162.32045275511666,83.66168574952421,79.73693516949463,88.59885735107676,16.460048704169004,15.953929381953296,17.086910095439933,3.568088844628,3.4850298995827385,3.6629285964771245
2020-10-11,183.2160456071827,177.00355423360878,190.8476801091218,171.28425102686865,164.10925627086763,180.74919923053,134.7825880595792,128.62185675386195,142.22261323176042,52.357463765503134,49.622620944326954,57.46372665284281,7.326426768701349,7.017566718822761,7.655648464459663,167.4875433322378,161.1220423125574,176.26927396384926,89.00674511722676,84.77728104565088,94.36249711623756,16.537332186449447,16.018335683748685,17.162813661694916,3.4565002645809813,3.371494228113126,3.551584902384451
2020-10-12,199.7958534858321,192.8260777592281,207.82972036605992,186.5388425165547,178.627375601309,197.0393258912801,146.57650808027748,139.78466291674846,154.6841992659925,56.476341565140984,53.44366873936123,62.02743873034844,7.645988120490392,7.314683153063784,8.000312199306403,181.57425286927543,174.41520517166992,191.3926242754908,94.60191421217934,90.06210884078808,100.43487647945533,16.615634496654746,16.077716207495918,17.251610845512413,3.343379287222992,3.2547178748121945,3.4393809838361795
2020-10-13,218.72635655415343,210.93280321327856,227.16760757191477,203.200189430656,194.34382429981736,214.920559465047,159.83357019387637,152.56834281053193,168.36972166714975,61.234774868635775,57.98019185174729,67.03768777462163,7.984199575427733,7.615917310069898,8.34893950815936,196.94551273881734,188.77244097960215,208.61395213842806,100.61094904152395,95.65450497438043,107.19499989660959,16.687487722889863,16.131874962985876,17.37632836648718,3.2549111023664823,3.1688842584166492,3.351283189927048
2020-10-14,238.6226531775686,229.93327956639408,247.84911645572862,221.3356179742712,211.3638977907055,234.4780024879324,173.6563897170939,165.74877342771765,182.93868797693418,66.25706701483558,62.704760121811134,72.50106144751562,8.354758227777294,7.946451067750549,8.734772556610231,213.31866048463456,204.1020273776631,226.63817569006233,106.96994435800927,101.58575368011411,114.18794171528262,16.74990245342915,16.1821737510859,17.463657356250234,3.16622574013942,3.0819230445775214,3.2638489772408157
2020-10-15,260.3613598058844,250.68555800844678,270.08599210289964,241.06795556785607,230.04579959976644,255.71687591249275,188.87028031372233,180.29202602741117,198.87130562546525,71.5086079932171,67.59386758700788,78.30258953195346,8.737973377095841,8.290627520147085,9.131507267044563,231.05028929136984,220.6233149616065,246.13216742032506,113.62317168347128,107.8050204416894,121.47418193775152,16.81115250981683,16.22749442164035,17.556641229875947,3.0694514267555717,2.979789299054257,3.166833622596249
2020-10-16,283.99526651014105,273.26237896190355,294.71702379552454,262.17908184596865,249.68455978791252,278.558080575475,205.2185767665526,195.99087030133015,215.95244542677335,77.05012930125017,72.75716052591586,84.5332466023576,9.122302457879321,8.642893982850106,9.543774313432248,249.75951651121787,237.87478626444425,267.3066552973561,120.55968111077063,114.26994481060527,129.12995758500034,16.874874519918887,16.270946798274146,17.636470950533788,2.991209160015834,2.9020315647540924,3.0901327885875878
2020-10-17,309.31553226191915,297.36074458383627,321.3262131039792,284.89061562542713,270.952537941791,303.12291842630094,222.61170766094602,212.46552859463816,234.22284762917596,82.99219111990489,78.32216999918799,90.98136547143727,9.515415557946152,9.000017599931093,9.959119386369482,270.18600977252026,257.06439216607185,289.6863516037789,127.84177608596636,121.04344172714329,137.29068565169106,16.931031315149173,16.304230747572817,17.717959801742587,2.924104940535631,2.838398207237349,3.0245062043380533
2020-10-18,336.24701853406185,323.0040038085257,349.5690434537073,309.34796351830613,294.04887029231924,329.63368701918046,241.1586612082267,230.08545534209037,253.858289057236,89.17259191111974,84.15889996135672,97.69884623835219,9.92831137198459,9.364610977894307,10.37365275315419,291.93070249360454,277.5046789857712,313.49105382369527,135.42371618894273,128.12962244646562,145.62698254133986,16.971445805834595,16.349488220674218,17.79488550660642,2.842458934443976,2.75239495752018,2.94134329161731
2020-10-19,365.3862463611571,350.71997268457807,380.51872159217334,335.7156976360811,318.7702217559483,358.3151517845597,261.35708673345346,249.02543936773716,275.4961725020245,95.65310825232196,90.11787406225362,105.0608916645143,10.355732644093509,9.757682437218682,10.832493540244617,314.9638243527992,298.69363772537133,339.01898585551646,143.35515545525004,135.5653295423319,154.30565911119996,17.017634922442376,16.383875495290184,17.843256118508773,2.774231307847971,2.682196563991391,2.8733436970850086
2020-10-20,397.61254946804524,381.2740186487463,415.3404918152056,364.79343470967115,346.056442431479,389.82827656319137,283.4623556221335,269.91875413549536,299.3272663058921,103.03633040507111,97.0365940454075,113.21182942334441,10.813774134451803,10.180661094394743,11.326782629199592,340.759470291184,323.12378586859506,366.7678822173941,151.91915453049194,143.50046834693714,163.69015016389218,17.085133083236148,16.42002091914736,17.94481986275852,2.7191979566876494,2.6309590186790364,2.8187580616550068
2020-10-21,431.63421192997026,413.5896110862387,451.52792901361585,396.3565753612466,375.6521267203905,423.75643467179884,307.3043330494379,291.96093921994407,325.13932183057835,110.86470641418599,104.28863697063174,122.01377195382224,11.313829818271318,10.620755601373295,11.85062384080132,367.89953714502656,348.66030539223004,396.27946733497515,161.004720972787,152.02269713091815,173.43560315656083,17.142236768836955,16.468859155853817,17.997039452572274,2.6553051472313363,2.563794378110513,2.7558930431303126
2020-10-22,467.3424946900866,447.4866039135839,489.8972902263707,429.1258584522284,406.8364168423076,459.63115672310505,332.26640678431386,314.8386251622144,352.3502793366694,118.8547525906879,111.60421465692883,131.14259430825396,11.805465474710793,11.05777868688974,12.369054754430032,396.3866388290037,375.45493842340113,426.95407759190516,170.14800604208057,160.54007587801553,183.35506813484403,17.16769306555672,16.47723351029636,18.050827942050468,2.597555072900667,2.503825488378145,2.699157501075467
2020-10-23,504.1686224288759,482.1030188535873,530.1436910824526,462.8669737403877,439.041151956142,496.04661560589403,358.02111825150087,337.80811374097846,380.14712950438474,126.88240691895261,118.83646229967422,140.35857404966578,12.240790904559582,11.465320456077679,12.882664735700871,425.623590344296,403.03337370549735,458.7189371509854,179.2019491804527,168.72900273081706,193.37127251477455,17.181956534646233,16.475808090833624,18.06712074825986,2.5426505641729507,2.4513238797223305,2.6414028035500605
2020-10-24,542.703845889125,517.9920716735962,572.1466803307702,497.73852500310477,473.16779611671575,531.7818890020517,384.3620131435475,360.6370255741586,408.7994539536449,134.9345933876432,125.94167638478186,149.32135276055968,12.691560268465054,11.830003010473204,13.35631561435838,455.3986489490572,430.15649081377575,491.2609526976782,188.40201511600054,177.4135889118521,203.6672850308533,17.157319787956066,16.421063878686834,18.0368476370369,2.4853154768783297,2.3946307536154765,2.5797143632419184
2020-10-25,580.3598300986546,550.9011366974795,615.9564675801321,532.1453375573823,504.8515228709036,566.7767465848347,410.20241099067346,381.79779701745946,435.81374619656646,142.58713522586532,133.1511800845707,158.20590878192104,13.09480353603548,12.125338928945999,13.785075200740396,485.0027969618169,455.997757454847,524.2765014431011,197.16001505299843,185.14791306228733,213.83834807086535,17.09301575006643,16.34684798104175,18.025410226663297,2.4277432439589353,2.3410337411866875,2.514399369761114
2020-10-26,615.5979609432734,579.5869992309804,659.2800918527485,564.1783941100477,531.2655144950356,604.55838651785,434.0192256188445,400.68648340257505,459.8475627304436,149.43040492576648,139.39452624037037,166.5076222800559,13.400616638218134,12.379031067203135,14.097173074968584,512.2530938356705,479.7641926738359,556.7153865159927,204.98909267023328,191.4158027768336,223.25981762430843,16.969013381627764,16.168643138922285,17.962892894007467,2.3671395603848717,2.2823167746215574,2.4526016350297772
2020-10-27,646.8762561669354,604.6654253873265,698.1272897622874,592.159030068581,551.6712334095868,639.7052386728229,455.0453065716106,417.9490754314838,483.79946583069074,155.08435376240746,144.6014457357937,173.28403655584555,13.64177808308288,12.595074267300435,14.43577093758154,535.2657863707524,500.4379321336119,585.8383028430887,211.26100021089084,196.16011030713437,231.23605351447068,16.73461998568123,15.731011216607998,17.818498207365657,2.2969762092193657,2.209521089107934,2.3883733879672997
2020-10-28,670.8915902858995,618.238635913259,721.4336155072936,613.5572143372514,565.6867124582712,668.3388312341631,470.78526746746746,430.2941815787151,504.79355217484243,159.1445103199467,146.83362334258,177.7943483296386,13.732388625267355,12.698581972099722,14.579609460385228,552.2376207072758,516.4340161822291,606.295720840845,215.32483219503084,198.65227768388002,236.2571277590748,16.37487392626882,15.176438508592867,17.541883649437896,2.2168347273071354,2.129447214453898,2.315884904069402
2020-10-29,686.6907617495501,625.616581893106,740.7844704710651,627.7378781309413,574.6477055790778,687.0551849409303,480.7059695372629,436.343673827288,521.5532588831811,161.36786279410458,147.24230649302265,179.9707460486324,13.689460423325125,12.671527087511855,14.625154228162835,562.4956279544263,523.996766057142,615.2966562587545,216.84912642909146,198.40754090095507,237.9466075525603,15.89916084717705,14.536552815667175,17.084167642579544,2.1272273750694537,2.0335989799664707,2.2303034516520066
2020-10-30,695.053386911122,627.3199588551647,758.3038277241978,634.2995042050975,578.213569547457,695.5243319655569,485.0565481282977,439.864906324768,529.9680612043875,161.82159968819354,145.92150455886267,179.63930452016447,13.525642642520372,12.497702503082234,14.55279861444139,566.1121353343246,524.3256888006617,617.2655192486397,215.9705846899496,195.4789873822649,236.75902936856923,15.311769456266076,13.841760290480732,16.5419635611617,2.0282321478014405,1.9286292402228178,2.133316144965165
2020-10-31,695.4998126358508,623.1642927657726,759.1244741670191,633.9301491399813,576.5214736604814,696.3438234989152,483.97055682296656,438.4905980552447,530.8039125367633,160.6401307488024,143.45826083190337,177.6704148718067,13.229182441850032,12.13397416281134,14.316371574493242,563.6580431159557,522.4466789778753,613.9772960864251,212.93038928277127,191.10737934939218,232.83974745806276,14.635767063733324,13.104412667957236,15.958703846906253,1.9223846391057657,1.8188384199201182,2.0255350422373897
2020-11-01,689.2712044419169,614.3482196886187,753.0956227503058,627.7172562779981,569.693984807955,694.9236210511133,478.1993193490318,431.28629377220864,525.3093210877348,158.07617050971723,140.40660247853987,174.1639634690392,12.83978639981749,11.682331472398644,13.968496215145738,556.1583767067623,516.1824644576892,608.1477581949327,208.06406744930652,185.6832523585026,227.04096521375436,13.89993738561869,12.358177725060557,15.255836898866924,1.811782368530998,1.7071795565031485,1.9114178115433087
2020-11-02,678.5048368263035,601.9446582421991,746.7205675954441,617.1600476256494,558.5316602825746,687.0007009051259,469.26705396769364,422.0568737050689,514.355455005608,154.35886032167068,136.62906424352155,169.91094933290324,12.38415461587221,11.224654004863739,13.516925017719018,544.9263401058662,504.4780410411056,599.9569623962134,201.92721456478333,179.32923850521695,219.73621597827466,13.132596278139872,11.626913206101849,14.516319352192035,1.7003610801013644,1.5954846223755368,1.8009318411966027
2020-11-03,664.0517166301031,588.0858572787404,740.0426267144369,603.2481193840842,545.2689352440622,674.985411293155,457.87218954315273,410.63432993516835,500.39691618670565,150.08388019025244,132.55065987526908,165.9871264491203,11.893296703512325,10.767184952567872,13.005691830877074,531.0276583264574,490.3827138151381,583.4367672603628,194.88169146090505,172.48479603950364,211.8526142037501,12.353058389629837,10.896975618452569,13.70943968812413,1.5897476436353868,1.4875001646444916,1.686833495849905
2020-11-04,645.6017037453287,571.1840818537864,727.873479748384,586.0965166848025,530.0615066053157,657.4247493624614,444.0726986641462,397.4758267765432,484.2091238218169,145.06396716608825,128.09559110742705,161.37913283938173,11.353123045995982,10.239513482667542,12.413407836193157,514.3476773367939,472.6738560586228,565.2032925635023,186.99518449196074,165.0401258266567,203.11920272711987,11.572281112554794,10.181980081409366,12.87200976756067,1.4793094120072605,1.3804353631922053,1.57377544897864
2020-11-05,624.1949953397819,551.7186889212246,708.5408477902649,566.2316035859149,512.6088731670394,636.8905643675582,428.35981343924794,382.6104649896157,465.7602900321377,139.39307444478217,123.11558237560973,155.7332189176328,10.779216685478874,9.755618848330249,11.787294069872969,495.4214262959626,452.53540439998903,544.8063980886819,178.5324963884815,157.2815097634331,193.81705812291375,10.794209497804426,9.487532814858803,12.05404022072354,1.3719954432812385,1.277098930220467,1.462959338742927
2020-11-06,600.6027255040923,530.9934691373505,683.3334234494321,544.398314026474,492.9379556009111,612.5003943050485,411.21719754076486,366.13293360509545,447.6175953253718,133.28508901961828,117.85458627716207,149.53014116927474,10.191922644730738,9.21103232755911,11.149984461092135,475.06407080030056,431.85560363397525,522.9875321562753,169.67092453486353,149.27178973650774,184.8450028597761,10.03622726870518,8.82315680791988,11.244074857110956,1.268659235105128,1.1776757795180692,1.354581243557668
2020-11-07,575.2628525698507,510.310964663586,653.8079406544178,521.0807820835865,471.3779628626239,585.956250140242,392.926924688269,348.7147878189326,429.32356212622807,126.87735541370152,112.2999820521369,142.89611739434991,9.592927273777255,8.649772623810767,10.50610281534886,453.56183615849943,412.21405782374785,500.8018646234926,160.59282297354986,141.27379491417304,175.74234870072425,9.301553880953334,8.174614934539123,10.44675626186763,1.1692483831244618,1.084654778320175,1.2507201920843833
2020-11-08,549.3548223168063,489.073205261515,621.6208799428086,497.24000023971576,449.9009071922666,559.4783806403221,374.29302717991,331.0594909393932,410.87524235857956,120.37912740146726,106.06230898223357,136.03437301144896,9.00638575316877,8.1433864584298,9.870119103957677,431.7960743532934,393.1361497070077,477.9541541793118,151.59923077985928,133.3561246302068,166.74363844377837,8.603513836413441,7.561085410061174,9.666480045545486,1.0754036890100074,0.9976582785993637,1.1512614594598505
2020-11-09,523.1237676759475,464.5789041509538,587.2524959556276,473.31009011655146,429.8643748703794,532.4692903857417,355.79887798635815,313.8291477380453,392.9344041006502,113.93372024602337,99.89214435376964,129.25965894718817,8.435774456072476,7.618798874316576,9.255796836346288,410.07563336249865,373.93660165615347,454.6094499680858,142.75291204664632,125.54328590172395,157.99599852067334,7.942223566610988,6.9967759818183195,8.9249283915489,0.9875489505568416,0.9140983083853528,1.0589083943900124
2020-11-10,497.5145421506959,442.03633843039654,554.3076860039358,449.9149774393471,410.12827354999774,505.7605214202369,337.7377296922012,297.13765985598457,375.11003915525777,107.73763457546717,93.85430883818302,122.71834521857849,7.887097207482229,7.1131967996638465,8.659534932341336,388.94309249539367,353.4200424371998,432.37486358128456,134.21884850986257,118.10593399547716,149.28252539680832,7.317312032315479,6.454194997830735,8.225370079399502,0.9045837244741907,0.8354434275342358,0.9719120473618217
2020-11-11,472.7975464417004,420.79325326234925,525.7949485987973,427.40595017533104,390.5467206677716,481.11487189456005,320.373545266909,281.1973537239631,357.9439347042352,101.78382299007515,88.07084138510706,116.5988184000622,7.366310816462408,6.641185170807399,8.109267829368273,368.62621239397106,331.19511826178535,411.1230473187318,126.06991901072084,111.02271281373407,141.02884710562782,6.734854266734967,5.948053388795132,7.570113888238488,0.8275898446757565,0.7633111879395363,0.8901222535759304
2020-11-12,448.8677325338071,399.9505332290229,498.5884352998934,405.6422403007017,371.5170746463717,459.87707937921823,303.6553175461728,266.02063275290396,341.40558099521274,96.09470181653016,82.5807013442073,110.85655473497025,6.872018572332515,6.181232636608346,7.578749501088385,349.06863275951207,309.44627990546763,390.5727551516953,118.32973471160827,104.2629913606749,133.12846246799285,6.191776561247376,5.48465521644895,6.956752343680243,0.7562704928539857,0.696927388781461,0.8141800491610238
2020-11-13,425.4494237918668,379.6171140778375,472.00510085599666,384.2884493800425,352.62942764657686,439.2048331504213,287.40932851702786,251.17506916401553,325.2714818369268,90.60618357312197,77.30396975757525,105.16766680286267,6.404812482470622,5.740371140535749,7.079818732021547,330.0103574484875,289.0950795525634,370.10170286560515,110.89589586930666,97.77611725184983,125.44301880738291,5.686505176370876,5.053357767692114,6.385042547230703,0.6900361692214141,0.6353782995795313,0.7437995302196457
2020-11-14,402.57389000248816,360.0263677372742,445.84962173038855,363.40016149884013,334.0450855611774,419.39253489476795,271.6072978494928,236.65986196989863,309.43548771579117,85.27950268930444,72.2615563504112,99.55833790013948,5.95969626524222,5.340729926021283,6.600379421244994,311.46292091941837,270.35963556153126,348.4046530645892,103.76098867096991,91.54297660879826,118.03185003300761,5.216339842782149,4.651465763299681,5.850901669217464,0.6288039719236229,0.5786983420858387,0.6783618086510304
2020-11-15,380.52069785245527,341.11611599919786,420.60339555879347,343.22761063791404,315.46403314656766,400.5982237807165,256.3996996386496,222.57107208001074,294.32398422172867,80.18959242542641,67.43653389669021,94.12485878947524,5.541466982099951,4.966308915899354,6.146354610844275,293.6393652065867,253.33070139640682,327.05840255944497,97.02557152015518,85.63592397439878,110.92014119891263,4.782017491860806,4.2791061275002304,5.356959926223549,0.5725561970759144,0.5265326855122305,0.6176784418515903
2020-11-16,359.4102243257539,323.06809937430245,396.4199206408441,323.90800815853623,297.02444856862144,382.4495991279124,241.79902563874188,209.04383021971452,279.6162372419966,75.33136390500341,62.93473722664009,88.8705760904742,5.149779718054802,4.61207616304518,5.721577144727198,276.621169098987,237.21940875655505,306.8281394413819,90.64391491665837,80.02825981726409,104.00413066264825,4.3807199415848785,3.9343307906474276,4.9044628272239965,0.5209419611479629,0.47891419488894993,0.5617288672857459
2020-11-17,339.81221471781816,306.2804292867901,373.9040967803703,305.938627013755,278.65354723014843,365.24539533027945,228.33398189139893,196.2923190653257,265.7525475141224,70.84596118921095,58.75397548362502,84.01292008852988,4.786220727938046,4.283661312464794,5.324886702081857,260.792009858093,222.4655493541425,290.33585089555567,84.7197647225542,74.84202583115082,97.52615847798758,4.012607304151732,3.6150382678517645,4.491857286537753,0.4736056615742932,0.4347768090170296,0.5109547114876096
2020-11-18,321.27336284972125,290.1675565087027,354.1168273314221,289.0246335794245,260.5138455210616,349.2699126957796,215.55036115266716,184.21483126753182,251.8196508592901,66.65849770045868,54.96420408807344,79.46807949831614,4.451422636578691,3.9811745591189838,4.959152451909066,245.89900872806183,208.5842899203169,276.243182278195,79.17884934034826,69.97475923493477,91.48805980673275,3.673826042774129,3.3180255827337155,4.114064737297195,0.43023309588370373,0.3944377014360214,0.46426297435889036
2020-11-19,304.0264893556048,275.0956760620588,336.55158248225246,273.26971707324395,243.59199396918228,333.7581386425101,203.71344219075482,172.99353391596543,237.82147420740455,62.805687946784055,51.64441841957337,75.25719123847155,4.144566245035646,3.70320206293385,4.623682596082697,232.0440885751633,195.72430626490012,263.1349278412408,74.04981738566045,65.44072426537221,85.7306341623611,3.3637055404175293,3.038052758838476,3.7708959284913344,0.3907108255407953,0.3579129074503046,0.4221608046358859
2020-11-20,287.94618930317034,257.16026911009266,319.70909873235064,258.6037633281791,227.9176344549942,317.3748441009216,192.71785638951062,162.54894546610296,224.59923615713123,59.254403431800206,48.451320395680845,71.34968745279868,3.862823135247967,3.446696006449061,4.314903312770939,219.17156918691876,183.78778153538966,250.73652143645225,69.29532171685678,61.07261746308078,80.4259027905262,3.080298279171471,2.782431652320777,3.4567796059242504,0.3547423052160247,0.32471831313048133,0.38398801061837456
2020-11-21,273.1484785322775,239.1129875434902,303.5262597462044,245.11394540598727,213.25387036998535,301.67936471833605,182.5551621297162,152.89780880402645,212.55541628594133,55.9732723435211,45.37363841243117,67.79311088200373,3.6064128343948565,3.2129747585929573,4.038558349452675,207.2473957899923,172.70355017323672,238.67598648822934,64.90576548423209,56.95105788393598,75.52812516777101,2.8211340966672895,2.5465662561046902,3.1690213952940183,0.3219950889954285,0.2945618008370206,0.3491561469600282
2020-11-22,259.2195809147544,222.3572939800136,289.95322765393655,232.40912195162596,199.72323304279098,286.7681726687124,172.99302216940205,143.89975877930934,200.9089320599006,52.93925400503415,42.56048185789891,64.39179676057498,3.3701272155108413,2.9958172924931046,3.784067944673757,196.0911065535572,162.4396068556803,227.4911427573935,60.828660634191806,53.245192846118755,70.95211201461797,2.5840321765787886,2.3229845500306396,2.905705496377844,0.2921698803608337,0.2671918458137137,0.31739532856721364
2020-11-23,246.02200311467956,206.72215912886128,277.20877915698696,220.38475045319672,187.17832247703137,272.44802071853184,164.08978911469472,135.45624963022166,190.14379396160572,50.09675090266575,39.9389758957111,61.22714190329071,3.1512395163666382,2.7953991529341424,3.5455811061260216,185.58537531382206,152.78406245134673,216.36074186272486,57.0070401758024,49.87325374898873,66.73193398362852,2.367888972544722,2.119269337355672,2.6667588202060934,0.26528957630941735,0.24233284227023452,0.288738358808977
2020-11-24,234.186522366639,192.58552881365853,265.98474197584926,209.61977770709663,176.03544094517216,259.7707229460889,155.87885425973593,127.97775106143332,180.25703979581198,47.5052050866617,37.52297502090013,58.335057874744,2.952239269234173,2.6139713965391786,3.336817331702737,176.0660360385665,143.86018258294501,206.35288471545607,53.51821911431183,46.705496154231696,62.8906723722229,2.16999039228725,1.934117825573446,2.4484349332029676,0.24078768684494486,0.21995349870048872,0.26245467790262206
2020-11-25,222.63989019328366,180.04002326657542,254.95119106400406,199.13120504769594,165.78197297232188,247.39728760811755,148.00675533684856,120.85933625915406,170.9414144795483,45.05537862354503,34.98066835438087,55.55588637526154,2.766133230695173,2.4411555587657077,3.1356091075140196,166.88183353423753,135.53913156663572,196.6103455797962,50.23702453519171,43.37312526155142,59.311019636666586,1.9881572149233375,1.7672818427813262,2.2489304671730004,0.21830666953887856,0.1993146743395371,0.23840270890046847
2020-11-26,211.74719801292542,169.29891008510157,244.33308692786852,189.2455692006555,156.45139744093518,236.19286066842633,140.68781457661584,114.25674591821644,162.13771052556316,42.75613716362838,32.56648839188972,52.8793612032667,2.5932248076524806,2.282132814926188,2.94872451892203,158.23065312623402,127.63272280837332,187.24400436850726,47.1416172530854,40.363203695575656,56.058417510923015,1.8224183148797097,1.6144997699957075,2.0663287032010467,0.19822672010083847,0.18059077466783408,0.21693015385789507
2020-11-27,201.59376233872206,160.14139936430115,234.32279935524147,180.03252334332495,147.8194059865837,226.37199656604648,133.84167122357735,108.10959274109294,153.87474884919274,40.65610999288302,30.402072833249697,50.47360282012229,2.4338227055325,2.136960939940922,2.7796013024720363,150.17093764413394,120.31676849971252,178.59059231010738,44.27897748681662,37.63496962593684,53.009378106820336,1.6708116241531985,1.4762094101153993,1.8977229649956477,0.17993121553681724,0.1639207448278825,0.19719207118829027
2020-11-28,191.77138448548314,150.91622525836684,224.77008845995266,171.15232432581087,139.53122755347934,217.09356852789216,127.25535751463174,102.26311912972906,146.9364752679502,38.66004888125443,28.519894985138286,48.31216842290714,2.2839780764201043,1.9985200369153004,2.6148097064454534,142.38621490976968,113.35912279856932,170.1135762117032,41.56352139520531,35.07971690550059,50.09733539108206,1.5302548198938681,1.3487335783609293,1.7427627658642242,0.16285318345102756,0.14829427646593568,0.17858181004568346
2020-11-29,182.58520344933618,141.9120712757325,215.55268880003874,162.8708043878432,131.90883335183628,208.16222327742838,121.0615026448714,96.67880121171365,140.3959781992659,36.732045661266,26.79856108544172,46.08337904344845,2.144985383349258,1.8701163601957933,2.4620214567630536,135.1106410792889,106.7182297959406,162.17414276270793,39.01697153088917,32.698403698826304,47.34516688459153,1.400754796863482,1.2302654631249113,1.6010666143359726,0.1474869836219342,0.13401767558434835,0.1617958419458589
2020-11-30,174.07314438200754,134.43463814489405,206.76778228609888,155.16895771488137,124.86273516686953,199.72193407660046,115.31621617022519,91.3333429312267,134.66045952814568,34.94835352513298,25.22941906187885,43.89188711575665,2.0166892520792508,1.7551248422064196,2.3267027431614924,128.3882125007387,100.60069914637468,154.93425736525796,36.66690462503115,30.501978005083,44.82498237144892,1.284014800219402,1.1230365008085235,1.4706531266737652,0.13416847094514248,0.12188990438786518,0.14739033954228895
2020-12-01,165.7468578437433,127.18868886469124,198.5749519305661,147.6405814077852,117.89729486527521,191.89154154299035,109.75056644534165,86.34581971926558,129.15719061229294,33.29169781972903,23.850215899550946,42.06604977870609,1.895464903776982,1.641940243754678,2.1970987152724684,121.85468872624136,94.8779017155238,147.80199316694683,34.45792352489346,28.441327073440817,42.39936420238125,1.1768046901153617,1.0281413519245646,1.3496835670381244,0.12166296364140902,0.11049072397956966,0.13393974678730544
2020-12-02,157.71038053949098,119.90773587852603,190.68072459871811,140.40988542073256,111.30062717684716,184.27169817950465,104.45249909152864,81.82532198541902,123.69778303042138,31.689461855659857,22.447011767477896,40.38305465493634,1.7800585295929496,1.534277596096422,2.0649581271389965,115.50703861316723,89.24964589774103,140.789619397934,32.33817661861256,26.489273053244787,40.022920531681486,1.0777282070030887,0.9389947884818352,1.243328113927658,0.10993689306565733,0.09955036303711304,0.12131561011021331
2020-12-03,150.51186693040881,113.49736109439016,182.9325874693669,133.92003536092443,105.50124027834646,176.84134754081572,99.61553059689253,77.32954783057168,118.73601318999437,30.173116775588294,21.07277777249737,38.614501733669385,1.6749461715944585,1.4369306705903349,1.9493279825525058,109.80133088578276,84.11571580849912,134.71912345649693,30.383358609923626,24.695560867519657,37.86608555960968,0.9879463440455226,0.8565618967548809,1.1433667148060487,0.10005462636029006,0.09046552359941022,0.11076265988288723
2020-12-04,143.85907481315888,107.41538937672581,175.8680063827669,127.90896612343958,100.04433626254136,170.10971939660251,94.94941726363939,73.16943418088496,114.25790105171697,28.77731378797636,19.944217050250437,37.021987960914984,1.576602944388631,1.345554059366471,1.8478528985655698,104.55843511088048,79.525579336986,129.07366263483138,28.599358920688886,23.064792424174406,35.89891558471899,0.9055844170321722,0.7840358395697946,1.0494780459390618,0.09103329289358131,0.08217223906523408,0.10107025653713339
2020-12-05,136.9822921748309,101.5265907624825,169.34472104874393,121.70579239711287,94.35469753288157,163.97134789720886,90.43154140609911,69.34369935718709,109.56717509308287,27.42161312240193,18.870906287256066,35.502194317292584,1.4811189032165375,1.2630187925911829,1.738260161183478,99.2195528396187,74.94396124036989,123.0895663360784,26.870729689756306,21.497482536348393,33.938641552887646,0.8298541855331039,0.7167113965472659,0.9684036216281859,0.08221850433780653,0.07382348351390083,0.09145063619343154
2020-12-06,130.56403977233336,96.09169716806655,162.54443513895336,115.92090609682234,89.29392083599203,157.6757014923727,86.29435377694706,65.71579064443989,105.02854916499572,26.109823877513865,17.684688157499227,34.06483446002887,1.3936775976629696,1.1812130886397751,1.6365455430047762,94.19367709429743,70.52998951335921,117.53819198944228,25.226335049569105,19.987588929685234,32.100827478454526,0.7610252498358665,0.6540522569826811,0.8927651783162199,0.07473644759816517,0.06679621436154123,0.08364549011772716
2020-12-07,124.85619059432041,90.95792961527434,155.76352828968606,110.77847388562407,84.81862091476792,151.5517572947763,82.31132235415,62.0735548763858,101.07750360503114,24.908269418832656,16.62419592344236,32.85782391997533,1.3133940018012964,1.1100724541254046,1.5547497406014104,89.70460452268985,66.6301598590711,112.64670988635137,23.750813530441576,18.68906937978566,30.457231696212673,0.6981314211348786,0.5986297466724247,0.8191605199732646,0.0683439784199301,0.060843055419537245,0.07657549073869888
2020-12-08,119.105760401276,86.01568071162735,150.06437686120668,105.6176991856014,80.11567004990518,146.3476440333434,78.44365099014308,58.85547894938742,97.13317171506012,23.77041004039433,15.786854204983257,31.605825840126524,1.2356709883075117,1.046924179892643,1.4706630684080757,85.30922998439871,62.93557054709356,107.67149052473367,22.369850342318898,17.42829853475027,28.829049534046902,0.6402674543803117,0.5477723922510915,0.7551390921680714,0.06188850498486953,0.054697880137801164,0.06928900281645883
2020-12-09,113.60876776542707,81.49759988022203,144.5412388972049,100.66302486957484,75.78901034542136,141.13087889199764,74.90363631333236,55.92454348845287,93.13061320045173,22.641264830695654,14.853607922470047,30.32249848211645,1.1617400248047425,0.979018571876134,1.3849596450576829,81.03880100538797,59.27482491304137,102.83986832129713,21.010201192153406,16.16532074784302,27.259152541102914,0.5873329988388002,0.49982575927790757,0.6986215470417977,0.056137349786493373,0.04926502910522663,0.06321917623488388
2020-12-10,108.71142815198453,77.33531118872007,138.7726351621794,96.24189844618539,72.00200842214502,135.93750379347802,71.53138980874995,52.82179590981232,89.63192232673099,21.59685297478312,13.995159110555887,29.08606407849712,1.0956387229050306,0.9170409251243687,1.309740354015544,77.19733465827434,55.97742245889992,98.56920974219899,19.772200121754416,15.07674624664213,25.816778335308662,0.5391992247359645,0.45740968362656076,0.641840799818323,0.05142927061654223,0.04492251511176214,0.05813699270889155
2020-12-11,103.87087302660998,73.0875118003773,133.6881206033415,91.8863554140283,68.11756681093712,131.32416030696967,68.20478625832901,50.02666511196412,86.26831751990927,20.61787008080388,13.26576490948118,27.94134983498271,1.0326956697751477,0.8652097038636369,1.2484970040191732,73.4922571703185,52.9346236257019,94.35446231319207,18.63041968056699,14.050084202368083,24.48425632627658,0.49490678219185924,0.41917252585004744,0.5895897632631889,0.046800625346214056,0.040638295607689986,0.05286983220725789
2020-12-12,99.08243755759827,68.9503818506252,128.82311289690372,87.59076362108586,64.3930772602642,126.6691623391631,65.11664942402112,47.587944691014016,82.72590681157288,19.645411297528273,12.488389763430556,26.759299532167393,0.9706888186646754,0.812894741745541,1.182986815615069,69.828195029161,49.874478943647006,90.12112160556906,17.514892455272022,13.061224442446882,23.088950016677714,0.45438581486474633,0.38260141106452683,0.5467840865530103,0.042538559636671545,0.03663934218816909,0.04831663858565799
2020-12-13,94.87428762894208,65.5393189654507,123.91154596437673,83.80536909695746,61.144675591114954,122.16185110191726,62.254058682825075,45.0469133897181,79.60468254242272,18.737054034880277,11.780336939921934,25.611911073647715,0.9153090712026238,0.7585277144426719,1.1201119766245684,66.56552790115599,47.11320110127217,86.42805560170655,16.490621144745862,12.181872748745162,21.85738644502767,0.4174400250877421,0.349091303843135,0.5040999447422639,0.038951935948021,0.03326143044130411,0.04446005166948222
2020-12-14,90.87911816528458,62.178793441150034,119.43241688086462,80.20487790076969,57.96218892964152,118.12728594470644,59.44054489147227,42.63466369453469,76.78516368319097,17.899131332308365,11.155369284585662,24.6105542826242,0.8631387384515776,0.7111991190854648,1.0687830266012666,63.48840148432276,44.64280357069247,82.91991298584122,15.55202369146987,11.351385670570764,20.733877366413328,0.3833308212167849,0.32031503300840586,0.4630409320002649,0.035561935793032504,0.030340119327355107,0.040588376046415464
2020-12-15,86.67293200462503,58.79149264406592,115.1246315288131,76.42782175555318,54.77848026997547,114.02170814969858,56.72356002225278,40.55852403811289,73.66544754259165,17.073382547847256,10.506142265018944,23.61216069729936,0.8118911263537154,0.6702826951247357,1.014922070444275,60.29888951949244,42.065508495461984,79.11619238743499,14.628450458140675,10.561231045907443,19.58784943090624,0.3523923088592897,0.2931980323335173,0.42928705500070063,0.03244284770243419,0.027542264383536796,0.037200514257429394
2020-12-16,82.94524017181779,55.837534084011345,110.79922031831525,73.08719770264663,51.960252783126215,109.95530094339671,54.23647927466962,38.44909464666899,70.78843393122945,16.282626723291376,9.897064128073998,22.60490444063144,0.7653782811090936,0.6269423039315566,0.9620901139889735,57.44952104261613,39.71000308017865,75.84211191365966,13.773874826941402,9.852968982312763,18.559641750692695,0.32408529114125184,0.268191804051867,0.39651412444342893,0.029728545994096262,0.0249346900007976,0.03427615410546382
2020-12-17,79.65475592203929,52.98815525928715,106.81779028239384,70.13884575411782,49.37901311885254,106.3566254742353,51.86639141974645,36.4347665071387,68.37298295871003,15.555396742498184,9.389688468650183,21.745709579593022,0.7219687224271085,0.5853775633613785,0.9179193750253728,54.91543019553412,37.67743132196046,72.9553139357161,13.004658315759366,9.196097654774954,17.62734445057505,0.29792083870882013,0.24594489280065254,0.3653722075106174,0.02718880184364643,0.02277484563606269,0.03137167455385776
2020-12-18,76.14435278520425,50.20044007643423,103.19718595694223,67.00175136224763,46.74765561797313,102.92051794728583,49.558391483616575,34.642394832314295,65.8101068496945,14.85735174288105,8.868093889478875,20.89081643215659,0.6800446871306393,0.550552652573279,0.8729652831656546,52.295919631579196,35.59158536196795,69.96305986633607,12.250836057504172,8.546327256575795,16.693109210153594,0.27424420960367474,0.22521575745309094,0.33859717660957395,0.024863301724314966,0.020689436888739955,0.028772536876916503
2020-12-19,72.83267167401561,47.619302011219794,99.36421683940311,64.03040087898881,44.28381827812102,99.29918850773852,47.382673218670824,32.85939891447169,63.26418602195103,14.171277637034603,8.321776467342785,20.02329461251062,0.6410952530823713,0.5159847712260979,0.8271829853474079,49.79239160815809,33.6031783439162,67.213892474808,11.537576963426757,7.969806936522519,15.813655005410103,0.25236189266562215,0.20633734866436448,0.3129688579616522,0.022815440592827523,0.018871024430224,0.026508697038941157
2020-12-20,69.73856897347144,45.17132004894004,95.46894185754401,61.22678757002847,41.97223328034331,95.73022660134144,45.31434878596371,31.140387001997095,60.86434839349856,13.525047258194933,7.851441383327551,19.235370336336143,0.6041058385993037,0.4821523350817481,0.7874322886950788,47.43644238218377,31.759020926832886,64.58388306910003,10.874398521268414,7.467364292563257,14.99100740516803,0.23223946971251383,0.18923094507540575,0.288866088290882,0.020936066173215893,0.017173879277818303,0.02441036780586027
2020-12-21,66.75424504917245,42.84723164774596,92.24743322530321,58.57746681625237,39.809692088077554,92.66961682464863,43.30852935309631,29.602165893829227,58.56225878484831,12.922195735063765,7.440063646118349,18.471142142403174,0.5691261464719535,0.4529167851974776,0.747981018973933,45.233237777142655,30.0313591229137,62.05013011374006,10.253224100940308,6.954003971577576,14.211119995239049,0.21394974532491734,0.17336620500710603,0.2676896996979249,0.01919453908981978,0.015606971220079051,0.02248022164251016
2020-12-22,63.90279351211133,40.64028493147202,89.01218202541064,56.03295053551273,37.70041756277905,89.57844344619431,41.39354814069536,28.079550025246927,56.339025190420735,12.324881260761632,7.003246669640353,17.700257419706944,0.5360770594661765,0.4240909693153039,0.7082718496129797,43.10770620445407,28.381814877189495,59.60897945711282,9.660948648980073,6.470883219146395,13.467709018435583,0.19693821859034588,0.1589190893662502,0.2476080564068578,0.017619263183853488,0.014246688202414256,0.020718623971755994
2020-12-23,61.203350627207435,38.54433078594745,85.66108016299498,53.59861914894046,35.66811300184821,86.4518130254351,39.567429690546966,26.55515654600292,54.20260603750074,11.753885442863437,6.595604916032521,16.97904452981495,0.5044062095691776,0.39580468268881125,0.6707691743900277,41.081191588802845,26.83263452237221,57.25542176937176,9.104576383475663,6.046070656630537,12.766270770905066,0.18130495478070469,0.14575575033015833,0.22887969651299125,0.01617928939236878,0.012980376767006092,0.019099412527746225
2020-12-24,58.58467231128057,36.55054528965265,82.66595152580585,51.27011205249932,33.78599240659072,83.58365679812793,37.80032507036678,25.219042683998698,52.12822925764939,11.21569723582935,6.226638143978408,16.287582247271686,0.47432423767526666,0.3708706635401102,0.6330673510556529,39.159074772887585,25.368778840805597,54.980223385004166,8.582720272310603,5.630600115478749,12.09918248985035,0.1670394801932157,0.1335729681618166,0.21208677954651822,0.014853210203921698,0.011822016299203087,0.017609369457774006
2020-12-25,56.0612722365559,34.65288928727416,79.67412665005497,49.02275600360092,31.952715805014314,80.71117830876173,36.106848843136596,23.929464947933383,50.10798831182512,10.68802627286866,5.8591072611858515,15.596912231139909,0.4458908033984621,0.34671293396357866,0.5981046818133274,37.30502718348672,23.968556861189665,52.78849792137818,8.08571009027138,5.245495756908096,11.462497316371495,0.1537995057182811,0.12246246098232233,0.1962733282805819,0.013644939014914296,0.010792100155419333,0.016246584027364487
2020-12-26,53.66058518401499,32.84554979377279,76.69148043257239,46.87047607783111,30.177897518794612,77.88646571209927,34.485403472679856,22.631260540674013,48.16373825479858,10.183774824900969,5.518330230348415,14.942424738795797,0.4187386176027575,0.32337597232975035,0.5649071362388329,35.53851578025393,22.650020204021597,50.6767290693325,7.617432583755205,4.894991634362035,10.859627120312844,0.14162450213728353,0.1123440985955181,0.18160237293066547,0.01253276056188355,0.00983158182264518,0.014984720079441632
2020-12-27,51.34319019535791,31.11411985492064,73.95127686175599,44.81265572606694,28.561376721357757,75.23901498653092,32.92252259572394,21.465651810452687,46.28833699489549,9.705060262449297,5.2025006767150055,14.312246401271082,0.3929826975277893,0.3023245386988027,0.5318385904856844,33.85867006714841,21.408637938714158,48.630431933050076,7.177063084462217,4.556430926789158,10.285704462885423,0.13046004663806515,0.10292413293505714,0.1683137322783701,0.011504527678786675,0.008952196566115641,0.013811346018370783
2020-12-28,49.10690189800283,29.45889641761315,71.22657754097918,42.82778375308415,26.99224100144922,72.59442720979243,31.43042536149591,20.3466649393602,44.46013118477594,9.239381339996742,4.88749603404058,13.704127874918573,0.36890018945384034,0.2821070964181067,0.5015146851001153,32.236216210679146,20.21420337660926,46.656649030220976,6.757666178862845,4.243253515614055,9.738242035110817,0.12006833293079947,0.09422009803221787,0.15572531895066638,0.010567239346850797,0.008178433657307726,0.012739552078045377
2020-12-29,46.973715475618064,27.900202579378206,68.48660187322085,40.92081003544463,25.468797856544754,69.95398490066883,30.006415494985998,19.24779744294844,42.69616916481045,8.794099320229511,4.5920282205923515,13.138710417495876,0.34610839833673895,0.2627596234127699,0.4737872322746385,30.685683087607494,19.081437014768973,44.782900329990106,6.361999917348958,3.960865086371993,9.219701100736806,0.11050289418043256,0.08644182865417628,0.14380126726389278,0.009711021713508284,0.0074657354208921755,0.011758033302109838
2020-12-30,44.9266011411185,26.420735641393573,65.97656128872359,39.10370807826436,24.088125675983914,67.50799496858852,28.631095560806802,18.23367736025452,41.00827387203434,8.374883410588147,4.333642213400942,12.612068310799131,0.32423184824262347,0.24541413465071618,0.44596337601384906,29.224221902642217,18.032948377964274,42.97161718734942,5.991549832007001,3.688956958976635,8.727052681033562,0.10180136356958958,0.07925606956222449,0.13320154213215007,0.008900902670764006,0.006774568224862609,0.010821944074095723
2020-12-31,42.9427617834784,24.998333309120156,63.63742623306458,37.35748415697641,22.763169273832585,65.14841763874348,27.30322217715261,17.26070642835674,39.358050796303345,7.9660193020949785,4.072779692147539,12.081450216855131,0.3036382035922683,0.2281967486352822,0.4187653919331888,27.816703909920143,17.033896294976184,41.18927573854098,5.638871394363154,3.4279759969642734,8.255800255872186,0.0936498103751553,0.07246674838040097,0.12340035013274664,0.008148418864020127,0.006175967067116559,0.00993303467066548
2021-01-01,41.04682674693219,23.646812100195543,61.15672146156436,35.67101983088278,21.463389220302492,62.71853567360144,26.04261504392486,16.32709381078782,37.76773422261495,7.570740774965603,3.811489063307888,11.563108615323493,0.2846169877707825,0.2125703692996234,0.39481328624350603,26.44982742640088,16.06581145202415,39.47204372681885,5.303868804064776,3.1972801947676164,7.807913410707733,0.08598357020336496,0.06635234686158929,0.11378860108358961,0.007479095660384421,0.005657294723261587,0.009140900145513883
2021-01-02,39.24916323787287,22.384625329109195,58.77037510154593,34.06202982423771,20.27781171004511,60.38645645122574,24.84853468003087,15.462500007012737,36.24275751833645,7.20246536670112,3.595294548835411,11.093131253038182,0.2664587455214103,0.1977672403464421,0.37203201392560653,25.16222705332551,15.164332413582681,37.86234786344491,4.990739409933521,2.9847365384443107,7.385018557955734,0.07905947920109392,0.06080904496271193,0.10501147681783328,0.0068597391970118445,0.005135668796831203,0.00841806657362461
2021-01-03,37.497542176758344,21.178201362650764,56.587606647315724,32.527611763866766,19.169920186818718,58.30205982953758,23.687942903866258,14.636014842231797,34.77511209502616,6.8508147429924175,3.3898150157719447,10.628527253455298,0.2491842183564115,0.1840012799618727,0.34918940322991926,23.944660737786233,14.311930922030923,36.290324159769895,4.694872222724324,2.7673521580552567,6.981759080348006,0.07279106462551414,0.055640500398043365,0.09746982501169037,0.0062706929628502765,0.004636854001141739,0.007730221711738779
2021-01-04,35.81620845697103,20.031154361489065,54.45823580520549,31.045996303443918,18.067606826440034,56.13905021205757,22.57637753099802,13.829613253793083,33.34719550052945,6.509327777486989,3.164872627273698,10.177684707015677,0.23314772855693308,0.17118249624604312,0.32855008713914335,22.76518377973512,13.499802073931043,34.771222429069695,4.413843513092813,2.5739827500567443,6.598758418820383,0.06687570089310604,0.050928313781269094,0.08989228837471436,0.005739273883932491,0.0042498926466517754,0.007100862567579993
2021-01-05,34.213063727521686,18.945297852058093,52.35064958428516,29.62482237911499,17.0368481122375,53.910822194584966,21.521911763319316,13.066098134979292,31.972544252823894,6.1850977003498215,2.9666428295115033,9.74621819315001,0.21812326559724962,0.15935538485791137,0.3092081397892103,21.63681725233874,12.734630935754744,33.31033268741232,4.149063939056185,2.4083347705897005,6.235252086751576,0.06139844216916954,0.04659649025709098,0.08248885068595559,0.005250809324502353,0.0038995449841846158,0.00651629312815829
2021-01-06,32.66745731239271,17.915996175199773,50.35917176690105,28.27253066484919,16.100304937494272,51.959473805901574,20.508600407022964,12.36584669247402,30.651635384126845,5.880234703512705,2.799543280158933,9.331008604427453,0.20383903619403085,0.14827259075734367,0.29045035019032733,20.57224185508518,12.010001500239863,31.904215533096895,3.900610758741249,2.2384506421783787,5.890293503169797,0.05643951540949315,0.042617258840606846,0.0763428474637556,0.004798465077117641,0.0035121893829162575,0.005974612830115491
2021-01-07,31.197677927470227,16.94185921166209,48.425888359827184,26.98054872734083,15.183985033769751,50.066313938719205,19.54346154009895,11.693660130826562,29.385438264042754,5.586947208395744,2.6256132225454714,8.933451301162956,0.19054098219102428,0.1376821661319294,0.27296810419891837,19.55479834847514,11.325118071932554,30.55383789456438,3.665737079092305,2.0777260855494784,5.563517324116234,0.051817183196822894,0.03896692806709476,0.07036834484462245,0.004382591399057346,0.0031899748129952626,0.00547479605545352
2021-01-08,29.798567160217605,16.02092648601618,46.555235276134596,25.748129624481408,14.322454998067427,48.155285036271856,18.630836194408406,11.058358165500417,28.174078004377314,5.309657229153808,2.467407359656185,8.553955030993272,0.17819845846690616,0.12816911156241606,0.2567303050347588,18.585266528819396,10.680456277732311,29.25934131355663,3.4448330051824327,1.9360348798179114,5.254323833192911,0.04756477689606542,0.03562114649554862,0.06480865135998252,0.004000421335701954,0.0028946991665726686,0.005014247465425027
2021-01-09,28.4561106004119,15.150637616401411,44.775569137644325,24.575829843079745,13.521184445199285,46.39795904246004,17.7582832703539,10.460925454505464,27.015736848473335,5.048549269311661,2.322097284038632,8.191774838886023,0.16664067324329201,0.11902109304593486,0.24135071089637605,17.66740231132774,10.071126863285285,28.019192246507416,3.237315483134946,1.7986703054610613,4.962041162392822,0.043667473139271225,0.0325566316182621,0.05971695499778607,0.003649729971613852,0.0026215026195620375,0.004590135105251454
2021-01-10,27.178980514694103,14.328369356647114,43.05697166518791,23.458239589442904,12.752791090410112,44.6854789625836,16.9292499667222,9.894429778060958,25.907332858564136,4.799631392025716,2.1800897434536957,7.846456650000206,0.1558998599758379,0.11071615762641225,0.227084185802228,16.792999290140294,9.496714355733445,26.831829089291862,3.0418698854060846,1.6725124043667783,4.685645384914638,0.04006755334925423,0.029751434525168145,0.05495172458271807,0.003328834004554,0.0023801355843594578,0.004200549907923745
2021-01-11,25.964578136582922,13.551639009801903,41.40491743314572,22.39496885416305,12.03660716851862,43.018453654098494,16.144172991501147,9.361553160707437,24.84841462050172,4.564659765502575,2.051530865012163,7.517135096509584,0.14591066444735257,0.10303488593284456,0.2137513756237102,15.963042779007449,8.956309621733874,25.695456790568304,2.8584318747441677,1.5565764751597984,4.424583629718933,0.03677081789195528,0.027184632134016402,0.0506170233038958,0.003035000530389794,0.002154622069773926,0.003842731769784039
2021-01-12,24.802683409851014,12.81864897220914,39.835113209523016,21.384384447383574,11.367249896090556,41.46185184839062,15.396172573978305,8.859242405963265,23.837163020275877,4.34321795650934,1.9308728038265972,7.203552530785081,0.1365736854783334,0.09575309205005264,0.20123296197504933,15.177030986216693,8.44561215085728,24.609576587396013,2.6861487990609016,1.4461633367648385,4.178181036398157,0.0337400356861961,0.02483696521196033,0.046601149726174865,0.002766607510090009,0.0019523354957056201,0.003514597891721093
2021-01-13,23.696996413767867,12.126682457217523,38.3201405866694,20.420765954298506,10.721509615227145,39.94331668605405,14.684127695429762,8.381677911840235,22.869381763536165,4.131541579580845,1.8118350568173045,6.90464370357938,0.1278795112790749,0.08916780825656642,0.18951480295378698,14.428029733657997,7.96415076615885,23.571037939519492,2.5238198579033924,1.345223228176982,3.9451493359039134,0.030942584140422603,0.02269050180441326,0.042838654985226036,0.002522073717687052,0.0017752039186459483,0.003214103105897553
2021-01-14,22.64511053034267,11.471205542115658,36.84439352400434,19.499276821534316,10.109143480462208,38.445431714814696,14.006169697334977,7.929535293741662,21.93825944839493,3.929472938762407,1.7023938243314491,6.618060331246257,0.11979966267479814,0.08317300366746222,0.1785765219368438,13.714024817848806,7.512558307982667,22.574173606773147,2.3712686242009555,1.253227138386121,3.724800909716911,0.02838537793202991,0.02072901405791063,0.039427991579389074,0.0022986995231204215,0.0016073440573001001,0.0029393202808299114
2021-01-15,21.64143030261952,10.852071362843729,35.446995147606195,18.626258657250187,9.556953750845508,37.05196036821114,13.362860313244227,7.507839167127301,21.053343880989186,3.740781159356589,1.6064272404364095,6.3445588317938935,0.11225063846538612,0.07733370306268673,0.16829867098417314,13.041617166582103,7.08752617666126,21.622554592962658,2.2288161405707734,1.164479189586956,3.5175864559723116,0.026062760882004047,0.018937208476787325,0.03637974387984703,0.002094413468594589,0.0014392500500604824,0.0026883187839060185
2021-01-16,20.687344876137427,10.270809306086939,34.13707365494649,17.800917503160314,9.027035637216368,35.7505911524452,12.753981078725298,7.109602309629563,20.215384737694574,3.5627936791453947,1.5099513790044998,6.085429795588355,0.10518168951321641,0.07187528847403679,0.15854150065085054,12.405520923593158,6.6834170378486295,20.71808107007823,2.0948587810237704,1.0815006682738149,3.3226893839033638,0.023905607896454673,0.017300560494712305,0.033454340510482336,0.0019092240875451375,0.0013060384811425716,0.0024591503560398324
2021-01-17,19.78354792651634,9.72351272964075,32.86280806842822,17.014913821513954,8.504846904801287,34.436071142691446,12.17487692952157,6.726588685271765,19.415477672375467,3.3911968781396555,1.4138960475808116,5.838310806513092,0.09859915418343401,0.06717917749004476,0.1494656635449172,11.797761497776445,6.3034047765966,19.853156717708398,1.9682532288280836,1.0081412178180267,3.1378900675866532,0.021898781024457175,0.015805944579156184,0.03065815922043766,0.0017433124146620145,0.0012108389612944016,0.0022506404925793314
2021-01-18,18.915467317121347,9.20176983650017,31.610441529310524,16.258913361006115,8.033317149396986,33.14920183058144,11.619422973652014,6.365109557612416,18.635550880085116,3.2280316463088994,1.33474354675667,5.599327895174905,0.09246997512922137,0.06269034092788628,0.1411062643316766,11.218538010428986,5.949068277289305,19.018403521805695,1.8497278496866953,0.939535096126006,2.962750712294307,0.02009750315194673,0.014441753818653187,0.028260268000706964,0.0015923910100028968,0.0011131404845399237,0.002059898708878811
2021-01-19,18.085029235368648,8.708472418318081,30.444747029695254,15.541833078504665,7.606557838738271,32.02217703334309,11.092585295401232,6.035487156623812,17.892152143764303,3.076951845128847,1.2612693046886971,5.372023418659746,0.08672175817030098,0.058056481531633466,0.1331401773868399,10.674511634982169,5.612992282131536,18.223742131588256,1.739206456560072,0.8714028502491787,2.798602275069229,0.01846934777915649,0.013196979634923271,0.0261003793812685,0.001452382305720012,0.000989177315934107,0.0018866784631599181
2021-01-20,17.3012272251237,8.246107360455998,29.325015390356796,14.861157204011702,7.171727798941768,30.904484040639616,10.59325598084232,5.716543344926825,17.18674910990493,2.9316066296738956,1.1795438768828705,5.156799632321821,0.0813276994861065,0.054150514508214766,0.1254841668163813,10.154794663833993,5.292438584790709,17.467874640994452,1.63449566551308,0.8109988651569097,2.643739667081392,0.01694503063821728,0.012060505359582335,0.02396965949916533,0.0013236575185153615,0.0008973510318185818,0.0017288635516125223
2021-01-21,16.551604145243658,7.807372187836978,28.220726926644875,14.2073028671591,6.75363350700457,29.729029489126113,10.115373611761608,5.403729977770276,16.507576191294685,2.7899931127930393,1.1056244236514179,4.9490544485469155,0.07632148740099028,0.05084573350058816,0.11849132492418278,9.656168112060115,4.995032169834619,16.73957823780127,1.5361121670532993,0.7565870884415054,2.496803610650779,0.015553007915457325,0.011022281995120797,0.022076291697256327,0.0012065825648282405,0.000819486034175429,0.0015848356081094145
2021-01-22,15.832198493383302,7.392219249403516,27.188764343281157,13.58929793185091,6.403722465951636,28.67608260267075,9.661549922442038,5.121283495870367,15.860219550937762,2.6592753095795025,1.0465597318359132,4.750490442616625,0.07165692599092967,0.04731511778904546,0.1119847221917141,9.19047296951597,4.717150174141202,16.04393346982694,1.44477209480337,0.7020385560995026,2.358863673677113,0.014289365392219647,0.010076559497665779,0.020389683680340304,0.0011050118726889527,0.0007381433204987572,0.0014547223682863269
2021-01-23,15.151598445702223,7.001802250858908,26.208971532003158,13.002105917561424,6.053681780241085,27.74071315784391,9.23127183761244,4.860001804093696,15.239043015415014,2.5364067670878243,0.984161001664352,4.562378067475032,0.06725493873927342,0.04396979730509536,0.10561089521032604,8.747101026970887,4.447971830577404,15.381543038648326,1.3583044744554695,0.6529726418610918,2.228874501919718,0.013115906929530264,0.009213038991052334,0.01874862191184056,0.0010133337195396708,0.0006738450586353059,0.001334624964897664
2021-01-24,14.504269894167956,6.631940082558017,25.237345193516646,12.437139463013192,5.697339504227213,26.73032055584543,8.819527342505362,4.598110888755402,14.643806683591121,2.41634245874825,0.9252782826676448,4.3813375334500835,0.0631146659514237,0.04119376160458338,0.09975534615626097,8.319968466700509,4.196052610782401,14.744611475111151,1.2766337675065427,0.6093356833495943,2.1054236291008848,0.01204846548353641,0.008419794848535304,0.01727595885296898,0.0009249986290250234,0.0006122407445957843,0.0012266142347797234
2021-01-25,13.88432947265723,6.281496856434085,24.312749947771945,11.902005553837892,5.395697168487939,25.75306405758138,8.42714123026623,4.353451242927754,14.078095034367992,2.304294082019001,0.8736723602188474,4.207364459760672,0.059280770614371106,0.038316680367798034,0.09438442349143498,7.920199016527698,3.9643680127859944,14.134183720156411,1.2009508784977603,0.565801721823758,1.9894924733289427,0.011081028127395795,0.007700508177431837,0.01597955975393704,0.0008457080271441219,0.0005501760865299512,0.0011268701577245585
2021-01-26,13.293160790721707,5.952119245597446,23.455647627055562,11.395043030489958,5.107085901423159,24.917108944139045,8.056178911758355,4.132034305786912,13.535109707885637,2.198686352818253,0.8218432449087731,4.042736399599992,0.05571706391037823,0.035699373298555,0.0890954088417528,7.54081156560052,3.741175834500021,13.553593896070955,1.1297237885879798,0.5258868085453149,1.8807332279315554,0.010177782255037102,0.007034319980473934,0.01470798361130076,0.0007778964003224535,0.000505270998666664,0.0010367696117795308
2021-01-27,12.730013511477923,5.640838715357433,22.60478795184128,10.906969500658715,4.816390644500993,24.04822843479582,7.701427787078721,3.9149453726538965,13.011393163595741,2.0963575259927105,0.773991944688585,3.8853425613886023,0.052325738932035876,0.033407268636632105,0.08415546155406052,7.175117895291047,3.5282384549519925,12.996716092402025,1.062026610556418,0.490966841625538,1.7771444343677745,0.009347778959430536,0.006443763766640378,0.013522357076729,0.0007129912504116964,0.00046683823964107263,0.0009545659006107267
2021-01-28,12.191733583881065,5.343888309216352,21.77720011678088,10.442120124306223,4.5597571757575945,23.201217136521613,7.3616711251637055,3.7103364625410693,12.511784858901667,1.9999239528851585,0.7306986741078882,3.7322356001849757,0.04914973881793641,0.03109396987284421,0.07970546887115293,6.830699891594961,3.332482198679878,12.45924053651772,0.9989665685750833,0.4565652590954248,1.6790324107407466,0.008608864420903344,0.005897316268736154,0.01254231383979367,0.0006501571847819154,0.000415327446212733,0.0008793400531149942
2021-01-29,11.679172682577622,5.064553820997391,21.017045201010816,10.002244008866569,4.314744521376465,22.436549123434492,7.040118031390653,3.5197296434499457,12.036218677853405,1.9088151474998132,0.6872845877059637,3.587115079091743,0.046241443620096634,0.028988424414829413,0.07537220968898228,6.504789446861394,3.146147216705336,11.948241560634052,0.9402146077003024,0.42382169970407085,1.5877638469502273,0.007919522943937243,0.005374323713693418,0.011582548547285644,0.0005988118358789518,0.00037612620678805007,0.000811348569379157
2021-01-30,11.191093318985837,4.802748330160709,20.27437375216711,9.581324861272767,4.0741956065194564,21.666398875148012,6.734481137686943,3.3363673449431075,11.579153504265523,1.8213739153820112,0.646322954828268,3.4500627105820696,0.04347488779878298,0.027165965615967295,0.07115627846596184,6.1919844887236986,2.9678090989124666,11.461232862131734,0.8843884261598784,0.3956064411145962,1.5017982211126273,0.0072714349183957035,0.0049281991393991765,0.010619261709914458,0.0005532604417050224,0.00035358845476305887,0.0007473344533182859
2021-01-31,10.72019066074434,4.552352378627345,19.538532352241937,9.176152716981932,3.857565586607209,20.9195556161236,6.440795559521992,3.164133656596956,11.13500574741297,1.7383789716124634,0.6117076302720392,3.3163300398099977,0.04084909397914121,0.025320172883722566,0.06740755576632872,5.894387909699553,2.802638168960017,10.988609916105958,0.8318355072546102,0.368757071427794,1.4190518191605572,0.006699452179796721,0.0045126870850498435,0.00983902767892171,0.0005053000335481781,0.00032002122075082444,0.0006907984296139318
2021-02-01,10.27269806005508,4.314102924161827,18.857406908661844,8.791609668213507,3.651100641966701,20.233241769763154,6.16052795461323,3.002014152506579,10.713446848558334,1.6601929935519573,0.5768039779411689,3.1875787841794674,0.0384503088881253,0.02352696248927707,0.06390316181903659,5.61356345507088,2.6459564174112367,10.537013467419458,0.7831152189535217,0.34203206841606876,1.3416975739078525,0.006177173890435195,0.0041386557606096636,0.009133968587169732,0.00046299330818053944,0.0002789369869937342,0.0006382898074911163
2021-02-02,9.850694120624944,4.092315074997044,18.208334474381402,8.42778156664246,3.448150241878142,19.54939974176219,5.895832306569549,2.846176788865032,10.31517658342794,1.584993600457651,0.539840568704036,3.0667374514631294,0.036173813796648004,0.022074346306731774,0.06032995346936124,5.345698456234487,2.496427332968202,10.108975611564485,0.736900453162821,0.3189082280288304,1.2691485281633363,0.005676060763122752,0.003783059721386602,0.008385487354140238,0.00043031219210376364,0.0002589288665801618,0.0005911821606882267
2021-02-03,9.441942795397523,3.8819752351629524,17.56537074528434,8.077701564597838,3.2640635555320476,18.873506916918807,5.64243420752309,2.698968666064884,9.926671969566973,1.5124697086811807,0.5087263988395303,2.950130755306564,0.034012558501796575,0.020763340374132237,0.05711541827392385,5.088994167500287,2.3574824627437363,9.694598846736257,0.6931915435554994,0.29773787590682554,1.1997129486329459,0.005225123054318537,0.003473034521379173,0.007742031057845318,0.000395725588519216,0.0002475013607485258,0.0005460190124148208
2021-02-04,9.0474379607114,3.6793196855058548,16.95318099391316,7.740787274081235,3.094122716641392,18.26540199054276,5.398286370421499,2.5631156092389533,9.549439486522248,1.444530530619437,0.481614513823103,2.8365470211724833,0.03202741762621776,0.019274310842827293,0.05421530727852329,4.845899606923128,2.22622633284031,9.295445514675164,0.6527406135203272,0.2762443159149583,1.1346137802532636,0.004823504211107449,0.003179330506999395,0.007200063683477526,0.00036154303513357203,0.00021662966164016838,0.0005057781350977581
2021-02-05,8.67804645191867,3.490260277825744,16.371882622348235,7.422410904036705,2.922652549473151,17.669867976495343,5.167379350410266,2.4316001590640486,9.195738625828755,1.3803389067923515,0.45284996271026823,2.72935828396072,0.03015330419153225,0.017994477504097033,0.05124264322392234,4.615408925216353,2.1000519188044553,8.917168658633678,0.6144295768262322,0.25733517124798677,1.0733911399868767,0.004441737283570804,0.0029107419950983224,0.006635926892983686,0.00033595256180987936,0.0001926589716417833,0.0004685659668839464
2021-02-06,8.324121871970648,3.311988762737141,15.803771103111501,7.1175043331607135,2.759600385737694,17.05023228300771,4.947669663985631,2.303453177853872,8.856338655060467,1.3181787049588602,0.4269509319259082,2.62650810165699,0.02835561864787404,0.016892012139259602,0.04849825789424721,4.3945095149106645,1.9828120525041109,8.553009927273319,0.5780785140291294,0.2403010810913278,1.0149644548014751,0.004094133239321954,0.0026740771981806264,0.006134802538609474,0.00031055659158598286,0.00019311381947785904,0.00043379172529135204
2021-02-07,7.980031260972491,3.14042965324316,15.260798412582485,6.823619413199293,2.6188672384186984,16.47580313793962,4.736171834484924,2.1861890416032987,8.523282148383647,1.2594980280435895,0.4034704884348502,2.526563885503456,0.026703305923950958,0.01572103714380176,0.04604117649558004,4.185170567475015,1.8735813910473231,8.20105231270347,0.5444382476471751,0.22312069221458047,0.9600794832686558,0.003779315570067253,0.002446306340706985,0.005700236107308857,0.000283456613276271,0.00016240821589301197,0.00040307676760942696
2021-02-08,7.65381834756664,2.979527038372619,14.740537750701748,6.54503548898695,2.4786584454784157,15.956948624617688,4.534462236886871,2.0762570417583963,8.207516962939069,1.2038210784550232,0.37978521465459225,2.4316964605854374,0.02516744674539226,0.01469230717198585,0.043567657382809294,3.9861503001444816,1.7673712625346703,7.8664748230262465,0.5126793317741173,0.20777934592493635,0.9085883310091598,0.0034836298107073006,0.002240843658195323,0.005262143359502538,0.00026394004193979647,0.00015079871920290613,0.0003732834876874212
2021-02-09,7.344017984028774,2.8275740954178135,14.23567315532686,6.278383059773705,2.3409241382937265,15.424457700576282,4.342422309801016,1.9698756419576706,7.905139701514053,1.150067887331368,0.35838574934515366,2.3407396779205465,0.023675871716294487,0.013770709241741941,0.04123846361414297,3.7951026195260154,1.6673011838353575,7.545274077535789,0.4824320685344523,0.19404347701240868,0.8593167281686244,0.003216013543277871,0.0020629466186183063,0.0048727090292465984,0.0002455143393226055,0.00014663373592793178,0.00034647989398482997
2021-02-10,7.046053541485282,2.6821302553081385,13.751627729808078,6.022616052032253,2.2198969084594267,14.912369834115008,4.158811078604012,1.8705543679694352,7.61230506191995,1.0991812511265318,0.3386924101991994,2.2524029395748233,0.022287417096056927,0.012827548798102308,0.03915491015969378,3.6146161581055827,1.5759480743086756,7.234753060212973,0.45436903636867754,0.18026966540451697,0.8127105390409345,0.002971432974260527,0.0018904806475494125,0.004533398605197229,0.00022313061573562567,0.00012787239098750264,0.00032269749829794294
2021-02-11,6.7593395599499155,2.545296562919212,13.286837783782612,5.777881244998395,2.10231778784863,14.43378852972225,3.9832758932392993,1.7753217234901524,7.332516217202035,1.0509797835146426,0.31872058248128016,2.1683195577605887,0.02102560640817493,0.011988121242222772,0.0370933388758637,3.4433818742474567,1.4883983130293215,6.938981978488333,0.42806469377024936,0.16779562612795956,0.7694138260563363,0.0027389979238450113,0.0017245632198770373,0.004186651161599398,0.00020701089313736673,0.00011258838934886196,0.00030061869897930944
2021-02-12,6.486345485270396,2.4161187008459413,12.836590823790456,5.54329400600383,1.9870715453928394,13.9561998340886,3.81567105890259,1.6848308749174898,7.063000677636148,1.0044282796206865,0.3002348906744665,2.0880223665680164,0.01981607299401112,0.01126143349700529,0.03509964806866398,3.278166116813047,1.4029051076454115,6.6559038327097495,0.4029865912619254,0.15680139960126185,0.7284776650140237,0.002528773095753164,0.0015897376007173367,0.0038687632501892004,0.00019457398061760317,0.0001123124621521976,0.0002783445757999311
2021-02-13,6.224994198381368,2.292355406917824,12.399927105782194,5.318327526229746,1.8836777751691673,13.49828690937952,3.6549629850942242,1.6007826074100897,6.803328139778111,0.9601634271007575,0.28459814399905603,2.009635729796809,0.018645252574892173,0.010495695204195184,0.03333240054998375,3.121659594125521,1.325056960402354,6.3814974694313005,0.3794810685649157,0.14580304739714256,0.688911304972819,0.002344603116973319,0.0014623879757645656,0.0036231361680484097,0.00017810022283402965,0.00010062223941865896,0.00025960300881014577
2021-02-14,5.974534782964751,2.175518649910922,11.984202008902633,5.102902301571752,1.7839985304301638,13.06505783088304,3.501752908038592,1.519976247142757,6.555842972009418,0.9185793218550006,0.26836991949565325,1.934608638453781,0.017583244860327783,0.00976669517968525,0.031641430469318006,2.97443555503616,1.2523872304339896,6.119494885908715,0.3576298646551765,0.13553449816263347,0.6519821925459173,0.0021635197184792683,0.0013438414608150215,0.0033553674941302395,0.0001635204119689157,8.509164938502683e-05,0.0002418654341606763
2021-02-15,5.73581170440025,2.065928898182364,11.585375620741805,4.896740940502376,1.6856911646270887,12.63238570815286,3.3557265291424874,1.4421667751321374,6.317133196543839,0.8782286463631802,0.2512506542315437,1.8636008901416654,0.01658396158061983,0.009196818620801654,0.02991383708780896,2.832235567417637,1.180578693642671,5.87010338999438,0.33684413070119557,0.12670767724227636,0.6173389241907394,0.0019920132027337425,0.001229556242133691,0.003082548352450939,0.00015495816354388478,8.412966752680623e-05,0.00022669530911509893
2021-02-16,5.5047255262744725,1.9610737446820157,11.195676961641217,4.698282916019739,1.5977149680997078,12.21273149907568,3.215545663934046,1.36905458194878,6.0850159038503175,0.8391880474002934,0.23734407769459362,1.7945839372090535,0.015619985411682628,0.00865627282260665,0.02838678529654922,2.6960508106017285,1.114389590523512,5.628280893153908,0.31716761992304504,0.11809309160086376,0.584015666247111,0.001846932162090248,0.0011365751095887414,0.002880220553452658,0.00014379889320097233,7.990791729790741e-05,0.00020965862829716982
2021-02-17,5.283550069985532,1.8609265031177673,10.819363372882817,4.5081128648292355,1.5151563070935108,11.826972744283768,3.081095979795987,1.3019581306454102,5.863883124764913,0.8026911261126475,0.2247987778075634,1.7271475883716467,0.01473566476784143,0.008034933453559373,0.027017990407203037,2.5681832558215567,1.052692411664788,5.395541624671979,0.29896608184167756,0.10960821871467687,0.5528090614090656,0.0017130771165425054,0.001042309246048829,0.002700531931942368,0.00012997292324635579,6.439018273241438e-05,0.00019601098583961425
2021-02-18,5.075079257228342,1.7673502017232419,10.458915727330869,4.3266870454323065,1.4309552288215515,11.442511374059116,2.9534175713942843,1.2361330550270804,5.653334967245022,0.7679718670979061,0.21142879553769126,1.6636396363116983,0.013900786461448173,0.007521768009537205,0.025554202642439263,2.4462204091054103,0.992636436920356,5.175107528768495,0.28170270630902716,0.10236679781603511,0.5234891438251416,0.0015786002520604846,0.0009559053971094344,0.0024784550933377816,0.0001226122934059319,6.536287330377878e-05,0.00018426680408818825
2021-02-19,4.872866224160278,1.678438104383432,10.109212693949756,4.151935093996171,1.352227096202538,11.052727075724546,2.8315717252619788,1.1711750186463616,5.4492382251352804,0.7344134778728012,0.1996816214997584,1.6030686493903217,0.01308790836196847,0.007068280076050261,0.024201759457789948,2.3289921798659328,0.9368996549818365,4.962889131778524,0.2652163205770852,0.09564073854650555,0.4953149131100747,0.001458565442796333,0.0008832719354665978,0.0022835624088520384,0.00011601596866560616,6.42378947815012e-05,0.00017034470535485862
2021-02-20,4.676983494870801,1.5928870308466154,9.772017525562193,3.9836061971906718,1.283694304884678,10.69152366567728,2.7137320583184894,1.1133009743112763,5.250391306130476,0.7025029964254269,0.18875915261666815,1.542956775453289,0.012347217677348588,0.0065807024134296455,0.023051661824501028,2.2177987674875954,0.8847905009975445,4.756625160014165,0.2500136903633277,0.08875206728407933,0.46886191646570835,0.0013554649166784812,0.0008089816424717577,0.0021555396416608596,0.00010459636683733106,5.067256443645473e-05,0.00016049620992603355
2021-02-21,4.492656045134586,1.5127233833540914,9.447690298695067,3.823477003956351,1.2144890128953099,10.35317318640734,2.6011979419560083,1.0586402530888535,5.061290580073003,0.6719873670202301,0.1777664333271196,1.4857996433975136,0.011664527324175436,0.0061622267317787026,0.021856784072687867,2.1122112861976934,0.8342056794626385,4.560879799677166,0.23570310822526838,0.08276949331435804,0.44416855721529086,0.0012535788617925904,0.000740879640141656,0.001995811918571553,9.682822633909e-05,4.574590425175441e-05,0.00015046717148001136
2021-02-22,4.315658474960863,1.4368590333535967,9.133140609700414,3.669748457510414,1.1478939315320116,10.00890205346273,2.4944788830848372,1.0046918997772294,4.879580381863642,0.6428156544370155,0.16797001237101977,1.431667864025574,0.010980385086128025,0.005781232929896138,0.020676397841578605,2.011337382585791,0.7867653699025601,4.373524268755913,0.22194771397662916,0.07737557122000553,0.42040197397806556,0.0011581671956250735,0.0006876014943402005,0.0018351527268135736,9.276421001035514e-05,4.623313368784705e-05,0.00014116223352087905
2021-02-23,4.14379080856969,1.3639316219071411,8.829576549671508,3.5217692633943485,1.089007806067864,9.68079299475563,2.3918311352889834,0.9545231740951019,4.702956087908981,0.6150600740583373,0.15874548548692116,1.3783568083135151,0.01034995359296689,0.005386003991052508,0.019672893908086575,1.9152542001314754,0.7432342270818999,4.19155456203708,0.2091701198289664,0.07185929425467426,0.39774397890139374,0.0010755649411640614,0.0006322421517256805,0.0017277573141697218,8.37913729330156e-05,4.091367528201707e-05,0.00012988223699667034
2021-02-24,3.980047261242054,1.2953766115937717,8.538212159145113,3.3801543930518165,1.0307535163470212,9.371162563546946,2.29286964652595,0.9069233537689565,4.534115219549041,0.5883903639023298,0.14939146244829377,1.3272915864230768,0.009786938993409634,0.005043753597887268,0.018682629699701903,1.823818981784565,0.7007640641354184,4.018234600037788,0.1972540763728082,0.06697446441430452,0.3768754726830553,0.0009960351522969625,0.0005734903246276642,0.0016047083610787984,7.658187863108815e-05,3.100315478945462e-05,0.00012299001418855556
2021-02-25,3.8241762837753086,1.2307084845226466,8.25675399431516,3.244614121595225,0.9742910126911042,9.061844064544879,2.1989086253961583,0.8616741804136784,4.371708307909437,0.5627732634663942,0.14097143072463292,1.2786739109928777,0.009227200203989911,0.004745694644829706,0.01767718755947116,1.7363443387765496,0.6597264178118352,3.852495676285967,0.18586727615558785,0.06260107427678932,0.3572170899389713,0.0009214904912254184,0.0005312277483319976,0.0014836186692067542,7.437032123588184e-05,3.244200154328843e-05,0.00011570612774219283
2021-02-26,3.6737305958961235,1.1684398644038771,7.981525157473883,3.1145210397340124,0.9237531921474323,8.76567889708526,2.10912402957621,0.8193815077003442,4.214207595878237,0.5384389285828819,0.13364974387816747,1.2311838280064176,0.008689307838043012,0.00441784459178248,0.016805248244695137,1.6531678614633178,0.6228934033677859,3.691837366725398,0.17513623880721108,0.05817182304359558,0.33792998586547196,0.0008579174061130314,0.0004902996634254299,0.0013972086724703477,6.804429393701271e-05,3.538284811966498e-05,0.00010598956965369661
2021-02-27,3.528830322192397,1.1095779558624514,7.7183334313766885,2.98961835147084,0.874852411004856,8.484787183747107,2.022613457009605,0.7780695250085046,4.063726313980747,0.5153435039626426,0.12585956216601157,1.1856005774829295,0.008213287649387602,0.004115902600112752,0.01597379798038933,1.5745207635607776,0.5886998940252083,3.538518282948727,0.16514360347721807,0.05419652575706937,0.31997941892181897,0.0007952146899573041,0.00045447779535578823,0.0012966017277160232,6.140171340902996e-05,2.2956993329916126e-05,0.00010063925214127408
2021-02-28,3.391441171976357,1.0545308448877397,7.4682690677542745,2.870322814520403,0.8265710544853605,8.205777170590178,1.9400621376135998,0.7388763753645446,3.919567681485262,0.49296160074559553,0.11790551437735788,1.1421142256857424,0.007762900513274426,0.0038883677072458294,0.015141599887432541,1.498990964279578,0.5543090109770848,3.3922675479281454,0.1557140963432375,0.05068768822752333,0.30324810024346033,0.0007340960878672228,0.0004187580111650554,0.001197316181944165,5.939110593919211e-05,2.5576687509187513e-05,9.749930139243024e-05
2021-03-01,3.2588665846222122,1.0018179362299457,7.222455888719432,2.755552212202402,0.7828755493258608,7.935337279470036,1.8607838696573318,0.7026117347920131,3.7790431304495327,0.4714252244722429,0.11145955802459757,1.0998534027799831,0.007319512037116454,0.0036606364092877527,0.01437025116372511,1.4267966811796673,0.5221354755629287,3.250778199039766,0.146768151354062,0.04719552351411514,0.2870810160039226,0.0006821338764608227,0.00038691589218596534,0.0011222817243118058,5.5938887408745464e-05,2.5934381817891377e-05,8.665889847619604e-05
