"Date","S1_incidences_mean","S1_incidences_median","S1_incidences_LL","S1_incidences_UL","S1_load_mean","S1_load_median","S1_load_LL","S1_load_UL","S2_incidences_mean","S2_incidences_median","S2_incidences_LL","S2_incidences_UL","S2_load_mean","S2_load_median","S2_load_LL","S2_load_UL","S3_incidences_mean","S3_incidences_median","S3_incidences_LL","S3_incidences_UL","S3_load_mean","S3_load_median","S3_load_LL","S3_load_UL","S4_incidences_mean","S4_incidences_median","S4_incidences_LL","S4_incidences_UL","S4_load_mean","S4_load_median","S4_load_LL","S4_load_UL"
2020-03-01,0,0,0,0,0,0,0,0,0,0,0,0,0,0,0,0,0,0,0,0,0,0,0,0,0,0,0,0,0,0,0,0
2020-03-02,0,0,0,1,0,0,0,1,0,0,0,1,0,0,0,1,0,0,0,1,0,0,0,1,0,0,0,2,0,0,0,2
2020-03-03,0,0,0,3,0,0,0,3,0,0,0,3,0,0,0,3,0,0,0,3,0,0,0,3,0,0,0,3,0,0,0,4
2020-03-04,1,1,0,7,2,2,0,7,1,1,0,7,2,2,0,7,2,1,0,6,2,2,0,8,1,1,0,6,2,2,0,6
2020-03-05,3,3,0,8,5,5,0,12,3,3,0,9,5,4,0,14,3,3,0,9,5,4,0,13,3,3,0,9,4,4,0,11
2020-03-06,5,5,0,13,9,9,1,19,5,5,0,14,10,9,2,21,5,5,0,12,9,9,2,20,5,5,0,12,9,9,2,19
2020-03-07,8,8,2,17,17,17,6,30,8,8,0,18,17,16,3,32,8,8,1,20,17,16,4,32,8,8,0,16,16,16,5,30
2020-03-08,12,11,4,23,27,27,17,42,12,12,1,23,27,27,11,43,11,11,3,24,26,26,10,45,12,11,3,22,27,26,11,40
2020-03-09,16,16,4,29,41,41,25,63,16,16,6,30,41,41,22,61,16,16,4,31,40,40,20,62,16,16,3,30,40,40,18,65
2020-03-10,22,22,10,37,60,60,40,80,22,22,7,39,60,60,32,84,23,23,10,40,59,60,35,82,22,22,10,39,59,59,36,85
2020-03-11,30,30,17,51,86,86,63,119,30,30,17,49,86,86,56,123,30,30,16,51,85,85,58,112,30,31,14,48,85,85,56,117
2020-03-12,41,41,21,60,119,119,88,154,41,40,26,65,120,120,88,160,41,41,22,61,119,119,83,159,40,41,19,62,119,118,89,154
2020-03-13,54,54,34,85,164,164,124,207,54,54,34,78,164,164,123,203,55,55,36,75,164,164,122,205,54,54,32,76,163,163,124,205
2020-03-14,72,72,43,103,223,222,174,267,73,73,51,99,223,224,173,269,72,73,48,95,223,223,176,269,72,72,49,96,222,222,179,270
2020-03-15,96,96,67,128,300,300,244,355,96,96,59,126,302,302,251,352,97,97,68,132,302,301,233,358,96,96,67,131,300,300,233,371
2020-03-16,127,127,86,162,403,403,336,475,127,127,90,173,404,405,334,477,128,128,91,167,405,404,320,472,128,128,93,167,403,403,319,476
2020-03-17,167,167,131,209,536,536,454,624,169,168,127,213,539,539,449,615,168,168,135,208,540,541,448,627,168,168,128,211,538,537,453,624
2020-03-18,219,218,171,271,711,712,599,834,219,219,166,275,713,712,617,808,219,218,173,275,714,714,604,812,220,219,177,284,713,710,600,841
2020-03-19,278,278,227,325,929,932,784,1090,278,277,233,343,931,932,821,1058,279,279,214,329,933,936,805,1045,277,277,228,332,931,928,808,1077
2020-03-20,337,336,279,416,1190,1193,1041,1362,338,337,278,411,1192,1191,1055,1372,337,338,268,396,1192,1194,1019,1348,338,338,258,413,1192,1190,1033,1364
2020-03-21,392,392,318,467,1482,1481,1304,1666,391,391,326,454,1484,1485,1315,1680,392,390,326,454,1485,1488,1281,1648,391,392,314,464,1484,1483,1292,1675
2020-03-22,437,437,366,513,1795,1798,1593,1984,439,440,371,508,1800,1798,1611,2043,437,437,363,513,1798,1799,1583,1990,436,436,376,521,1796,1794,1601,2020
2020-03-23,472,473,390,553,2116,2117,1909,2326,474,473,406,555,2121,2118,1867,2351,474,475,400,551,2120,2121,1894,2350,473,473,397,545,2117,2116,1903,2361
2020-03-24,501,502,417,599,2437,2439,2193,2658,502,502,429,598,2442,2439,2208,2661,501,500,434,573,2440,2440,2236,2691,501,502,433,582,2437,2432,2217,2714
2020-03-25,521,522,445,603,2747,2752,2523,2992,522,522,449,611,2753,2750,2444,2982,520,520,432,612,2750,2750,2508,3041,522,523,448,600,2749,2744,2520,3067
2020-03-26,533,530,461,606,3040,3044,2773,3294,534,533,455,611,3046,3042,2718,3273,534,532,464,606,3043,3049,2814,3350,532,531,460,612,3038,3035,2800,3359
2020-03-27,542,542,467,621,3312,3310,3054,3590,539,538,457,625,3314,3310,2951,3564,539,538,466,606,3311,3314,3052,3633,539,540,455,649,3308,3305,3016,3625
2020-03-28,540,541,462,628,3553,3552,3256,3867,541,539,458,619,3557,3558,3188,3834,541,541,468,614,3553,3557,3297,3903,541,540,472,625,3550,3548,3257,3876
2020-03-29,536,536,439,626,3764,3762,3438,4103,538,537,456,629,3770,3766,3402,4086,538,538,456,619,3767,3768,3466,4163,537,536,467,608,3762,3762,3467,4113
2020-03-30,532,531,446,622,3947,3946,3611,4287,532,532,463,622,3953,3951,3558,4237,531,530,464,611,3949,3948,3621,4371,530,531,462,600,3944,3941,3636,4302
2020-03-31,521,521,428,594,4096,4096,3745,4414,521,521,440,607,4103,4103,3719,4385,520,520,432,598,4099,4098,3735,4520,522,521,442,602,4097,4096,3747,4439
2020-04-01,508,507,428,588,4215,4217,3841,4537,508,508,433,581,4223,4226,3851,4539,509,508,442,583,4219,4214,3902,4668,510,510,427,591,4216,4218,3828,4585
2020-04-02,495,494,421,577,4304,4299,3897,4632,492,492,422,566,4310,4310,3909,4634,494,494,426,568,4307,4310,3992,4759,494,493,411,574,4303,4308,3906,4692
2020-04-03,479,479,403,556,4361,4364,3953,4693,477,477,400,552,4366,4363,3992,4750,479,479,413,567,4366,4364,4060,4796,477,478,393,573,4362,4366,3966,4757
2020-04-04,464,462,389,535,4394,4393,3992,4745,463,463,372,544,4397,4394,3980,4760,463,465,396,536,4399,4404,4041,4862,461,462,389,520,4394,4398,4006,4746
2020-04-05,446,446,388,518,4401,4401,3990,4760,444,444,375,538,4403,4400,3994,4749,444,443,364,536,4404,4404,4058,4877,444,444,366,512,4399,4402,4018,4741
2020-04-06,428,427,362,492,4385,4386,4018,4750,426,426,366,507,4384,4386,3994,4696,429,428,364,501,4391,4393,4061,4897,427,426,361,500,4385,4385,3999,4738
2020-04-07,409,407,345,490,4349,4348,3965,4737,408,408,344,476,4347,4354,4002,4673,408,408,346,472,4353,4348,4038,4909,410,410,350,481,4350,4352,3967,4670
2020-04-08,391,393,322,458,4294,4292,3927,4658,391,390,318,465,4290,4292,3937,4632,392,392,341,451,4300,4294,3947,4863,391,390,328,448,4295,4298,3900,4620
2020-04-09,373,373,317,466,4223,4222,3887,4567,374,374,306,449,4220,4221,3859,4558,374,374,320,427,4229,4229,3884,4744,374,375,307,431,4224,4223,3811,4522
2020-04-10,357,357,300,431,4140,4134,3795,4460,357,357,292,427,4138,4136,3783,4461,357,356,296,421,4145,4142,3801,4653,357,357,280,444,4143,4144,3725,4435
2020-04-11,340,340,277,408,4045,4044,3701,4335,339,339,278,400,4042,4048,3641,4361,340,340,287,411,4050,4048,3693,4474,341,342,281,405,4050,4057,3656,4364
2020-04-12,323,322,270,374,3940,3940,3583,4213,324,322,267,394,3939,3942,3557,4285,324,324,258,380,3945,3938,3587,4315,324,324,261,384,3947,3946,3540,4255
2020-04-13,307,307,259,370,3827,3827,3478,4121,308,307,248,362,3828,3830,3452,4148,307,306,256,371,3833,3830,3509,4206,308,307,251,380,3836,3834,3438,4120
2020-04-14,292,292,248,352,3709,3709,3403,4033,291,290,244,355,3709,3708,3369,4002,293,293,245,369,3716,3716,3395,4061,291,292,246,351,3717,3716,3312,4017
2020-04-15,276,276,222,330,3588,3587,3305,3891,277,277,232,331,3588,3592,3284,3863,279,279,226,333,3594,3597,3283,3943,277,277,225,329,3593,3593,3225,3872
2020-04-16,264,265,208,311,3462,3460,3196,3734,262,262,205,314,3460,3464,3145,3737,263,262,220,333,3466,3464,3197,3856,263,263,225,331,3466,3464,3085,3743
2020-04-17,250,250,206,303,3335,3337,3075,3627,251,252,199,303,3334,3334,3014,3630,250,249,204,306,3340,3336,3056,3709,250,250,202,299,3338,3338,2969,3590
2020-04-18,237,236,190,294,3206,3206,2938,3462,238,238,193,288,3206,3208,2918,3491,236,236,184,278,3212,3214,2943,3525,237,236,194,287,3210,3206,2867,3455
2020-04-19,225,224,172,281,3079,3081,2820,3328,224,223,179,271,3079,3081,2780,3341,225,223,185,276,3081,3080,2853,3392,224,223,182,275,3080,3080,2746,3316
2020-04-20,213,213,169,252,2953,2951,2716,3180,213,213,164,256,2951,2952,2711,3209,213,212,172,258,2953,2950,2712,3243,213,212,170,260,2954,2956,2638,3185
2020-04-21,202,201,163,264,2828,2828,2598,3066,201,200,164,264,2826,2827,2604,3080,200,200,163,246,2825,2824,2594,3112,201,202,162,242,2827,2826,2533,3076
2020-04-22,190,190,147,232,2703,2702,2462,2909,191,191,153,238,2703,2706,2475,2933,189,189,142,239,2700,2696,2467,2980,190,189,148,230,2702,2700,2408,2954
2020-04-23,180,179,136,220,2582,2578,2379,2780,180,180,136,224,2582,2583,2336,2810,180,181,139,215,2580,2577,2326,2856,180,180,137,218,2580,2576,2347,2790
2020-04-24,170,169,130,223,2463,2460,2275,2649,170,170,132,204,2462,2464,2224,2674,171,170,133,204,2461,2460,2216,2688,170,170,130,207,2461,2460,2274,2635
2020-04-25,162,162,128,200,2348,2347,2158,2529,160,160,124,202,2346,2348,2166,2565,160,161,124,200,2344,2341,2104,2540,161,161,120,196,2345,2344,2141,2526
2020-04-26,152,152,117,187,2236,2237,2036,2425,152,152,121,209,2233,2237,2050,2448,151,152,105,190,2232,2230,2013,2452,153,152,122,193,2234,2230,2071,2420
2020-04-27,145,145,112,182,2130,2130,1930,2324,144,143,108,185,2124,2126,1936,2321,144,144,110,184,2123,2118,1884,2342,144,144,114,178,2126,2123,1949,2293
2020-04-28,136,136,104,166,2024,2024,1814,2228,136,136,100,167,2020,2020,1822,2226,135,135,104,174,2019,2017,1798,2215,135,135,102,163,2020,2016,1865,2174
2020-04-29,129,128,92,164,1924,1924,1750,2100,129,129,97,168,1920,1920,1739,2097,129,129,98,162,1920,1918,1744,2084,128,128,86,165,1919,1915,1740,2069
2020-04-30,121,122,90,162,1826,1825,1660,2003,122,122,92,159,1824,1824,1657,2009,121,121,91,168,1823,1817,1680,1989,122,121,89,158,1822,1820,1641,1996
2020-05-01,116,115,84,150,1734,1734,1571,1897,114,114,79,144,1732,1730,1584,1929,115,115,82,155,1730,1728,1594,1910,116,116,86,148,1731,1731,1561,1915
2020-05-02,109,108,76,149,1644,1646,1485,1797,108,108,77,142,1642,1642,1492,1815,110,109,84,144,1644,1642,1499,1835,108,109,76,143,1642,1643,1491,1828
2020-05-03,102,103,72,146,1560,1561,1418,1699,103,102,75,137,1556,1558,1428,1717,103,102,75,140,1560,1560,1414,1734,103,103,67,134,1557,1560,1437,1731
2020-05-04,97,97,69,127,1478,1483,1334,1601,97,97,68,134,1476,1477,1348,1609,97,96,70,131,1479,1478,1351,1667,97,97,70,128,1476,1477,1362,1642
2020-05-05,92,92,65,126,1400,1406,1249,1523,91,92,64,122,1398,1400,1278,1521,91,91,58,123,1402,1400,1271,1563,92,92,66,124,1400,1402,1282,1551
2020-05-06,86,85,60,113,1326,1329,1183,1457,86,85,62,121,1324,1321,1183,1448,87,86,58,114,1328,1327,1214,1492,86,86,62,113,1326,1326,1207,1480
2020-05-07,81,81,49,115,1255,1256,1133,1401,82,82,57,111,1255,1253,1133,1380,81,81,54,107,1257,1258,1154,1398,83,82,57,109,1257,1257,1155,1409
2020-05-08,77,77,48,108,1188,1188,1035,1333,77,77,51,103,1188,1186,1062,1315,78,78,51,114,1191,1190,1070,1339,77,77,50,107,1189,1189,1089,1326
2020-05-09,73,73,52,100,1125,1126,1006,1256,73,74,51,97,1124,1125,1018,1250,73,73,50,102,1127,1127,1019,1260,74,74,44,100,1127,1127,1019,1255
2020-05-10,69,68,47,100,1065,1066,957,1194,69,69,47,98,1064,1065,945,1166,69,69,49,98,1067,1068,960,1200,69,69,45,102,1067,1067,959,1201
2020-05-11,65,65,41,98,1007,1008,901,1127,65,65,45,90,1007,1007,883,1116,66,66,41,92,1010,1012,902,1140,67,67,42,97,1011,1012,899,1126
2020-05-12,62,63,40,88,954,954,838,1069,63,63,37,100,954,955,850,1067,63,63,42,87,957,957,858,1071,62,62,39,89,957,957,864,1081
2020-05-13,59,59,36,82,903,902,789,1019,60,60,40,85,904,905,817,1011,61,60,40,83,907,906,821,1016,59,59,37,83,906,907,804,1016
2020-05-14,57,57,34,84,857,855,766,955,57,57,36,82,857,857,761,945,57,57,34,78,860,859,771,955,58,58,36,82,859,858,771,953
2020-05-15,54,54,34,83,813,811,722,934,55,54,35,79,813,813,722,908,55,55,35,80,816,814,721,925,54,54,32,75,815,813,715,928
2020-05-16,53,53,35,76,773,771,680,874,53,52,34,75,772,771,686,852,53,52,32,82,774,775,682,875,53,53,30,85,775,774,678,884
2020-05-17,51,50,32,74,734,733,633,828,50,50,31,72,734,733,648,826,51,51,32,78,737,735,647,835,51,50,25,79,736,736,647,836
2020-05-18,49,48,29,69,698,697,600,787,49,49,29,75,699,700,609,791,48,49,31,70,700,700,596,787,49,48,30,72,701,700,602,791
2020-05-19,47,47,25,66,664,663,589,765,47,47,31,69,666,665,597,754,47,47,23,68,667,666,555,749,47,47,30,71,667,666,569,754
2020-05-20,45,45,26,65,634,633,557,727,45,45,26,74,635,634,564,724,45,45,28,78,636,636,531,722,46,45,25,67,636,634,537,718
2020-05-21,44,44,24,66,606,605,522,686,43,43,25,67,605,605,538,695,43,44,27,65,606,606,507,709,43,43,26,65,607,606,514,690
2020-05-22,42,42,27,60,579,579,491,665,43,42,24,64,578,579,515,671,42,42,22,68,579,579,493,676,42,42,24,62,580,580,490,676
2020-05-23,41,41,23,63,553,554,480,652,41,41,20,59,553,553,484,642,41,41,25,63,554,553,474,654,41,40,21,63,554,554,476,646
2020-05-24,39,38,22,59,530,530,456,627,40,39,20,62,530,531,471,625,39,39,24,59,530,529,449,604,39,39,21,63,531,531,453,611
2020-05-25,38,38,17,60,507,508,437,608,38,38,22,64,508,506,445,611,37,37,20,55,507,506,430,589,38,38,22,57,508,509,422,590
2020-05-26,37,36,18,56,487,488,412,584,37,37,21,64,487,487,429,570,37,37,18,53,486,485,411,558,37,37,18,54,488,486,395,563
2020-05-27,35,35,19,56,468,469,395,569,36,36,17,58,468,469,408,551,36,35,19,58,467,465,397,552,36,35,16,55,468,467,384,557
2020-05-28,35,35,14,56,450,451,375,543,34,34,18,51,449,450,375,543,34,34,18,56,448,448,376,546,34,34,17,60,450,449,374,557
2020-05-29,34,33,19,52,433,433,356,501,33,33,19,55,432,433,363,527,33,33,16,50,431,431,357,538,33,33,19,55,431,430,346,527
2020-05-30,32,32,16,51,416,417,345,481,32,32,14,54,415,415,347,506,32,32,13,47,415,414,352,509,32,32,11,50,415,414,340,501
2020-05-31,31,31,17,49,400,401,341,471,31,31,13,52,400,400,328,490,31,30,16,50,399,398,337,489,31,31,14,46,399,398,337,465
2020-06-01,30,30,9,45,385,385,311,464,30,30,16,47,385,385,304,474,30,30,15,48,384,383,326,460,30,30,15,50,385,385,322,452
2020-06-02,29,28,14,49,372,371,302,442,29,28,16,45,371,371,301,466,29,29,15,46,370,369,312,439,29,29,13,48,371,371,309,428
2020-06-03,28,28,15,46,358,358,292,421,28,28,13,51,357,355,286,434,28,27,12,49,357,357,297,419,28,28,12,44,357,358,283,421
2020-06-04,27,27,14,45,345,346,279,409,27,26,13,53,344,345,274,423,27,27,14,44,344,343,289,409,27,27,12,47,345,346,268,408
2020-06-05,26,26,9,40,333,334,270,397,26,26,14,41,332,332,270,411,26,26,11,40,332,332,277,392,26,26,12,48,333,334,259,400
2020-06-06,25,25,12,42,322,321,259,385,25,25,13,44,320,320,258,394,25,25,13,48,320,320,259,380,25,25,9,42,322,322,255,386
2020-06-07,25,25,11,39,310,310,250,378,24,24,10,38,309,307,252,381,25,25,11,38,309,309,242,379,25,25,9,45,311,311,240,368
2020-06-08,24,23,10,42,299,298,241,361,23,23,12,39,298,297,238,374,23,23,11,38,299,297,236,355,23,23,11,37,299,299,228,353
2020-06-09,23,23,9,36,289,288,231,351,23,23,12,40,288,287,233,363,23,22,12,40,288,287,227,343,23,22,9,38,289,288,226,347
2020-06-10,22,21,10,37,278,277,222,348,22,22,11,39,278,278,232,351,22,22,8,36,277,277,226,342,22,22,10,36,278,278,216,341
2020-06-11,21,21,8,34,269,268,212,341,21,21,9,38,268,268,219,332,21,21,9,40,268,268,222,335,21,21,7,40,269,270,211,331
2020-06-12,21,21,5,37,260,260,214,326,20,20,9,38,259,259,207,336,20,21,7,34,259,258,206,315,21,20,6,35,260,260,203,334
2020-06-13,20,20,7,35,251,251,203,323,20,20,9,34,250,250,199,337,20,19,9,34,250,249,194,308,20,20,7,35,250,249,190,319
2020-06-14,19,19,4,33,242,242,195,314,19,19,7,35,242,241,191,332,19,19,7,32,241,240,194,305,19,19,8,32,243,242,186,309
2020-06-15,18,18,3,35,234,234,184,291,18,18,6,32,233,232,185,317,19,18,8,35,233,231,188,290,18,18,6,33,235,233,186,302
2020-06-16,18,18,5,31,225,225,170,287,18,18,4,34,226,225,170,300,18,17,7,36,225,224,185,281,18,17,6,32,226,225,179,288
2020-06-17,17,17,7,34,217,217,170,274,17,17,6,34,218,217,166,286,17,17,6,33,217,217,179,266,17,17,7,32,218,217,167,286
2020-06-18,17,17,6,28,210,209,159,265,17,17,6,32,211,211,154,280,17,17,7,31,210,209,167,257,17,17,6,38,211,210,164,265
2020-06-19,16,16,7,34,203,203,141,251,16,16,4,34,204,203,154,270,16,16,5,30,203,202,153,254,16,16,6,29,204,203,153,256
2020-06-20,16,16,5,32,196,196,136,248,16,16,6,29,197,196,142,252,16,16,5,32,196,196,150,250,16,15,5,26,197,196,153,257
2020-06-21,15,15,4,27,189,189,137,236,15,15,5,27,190,190,141,243,15,15,5,28,190,190,145,244,15,15,5,28,190,189,144,248
2020-06-22,15,14,5,34,183,182,131,233,14,14,5,26,183,183,131,243,15,15,4,27,184,183,142,228,14,14,3,30,183,183,142,239
2020-06-23,14,14,4,26,176,177,124,220,14,14,5,26,177,177,132,226,14,14,5,28,178,178,133,225,14,14,4,29,177,177,138,229
2020-06-24,14,13,5,35,170,170,119,217,13,13,5,27,172,171,125,225,13,13,3,27,171,171,128,215,14,13,4,26,171,171,124,217
2020-06-25,13,13,3,31,164,165,119,228,13,13,3,26,166,166,123,223,13,13,4,25,166,166,125,207,13,13,4,25,165,165,124,208
2020-06-26,13,13,5,28,159,160,118,215,12,12,1,24,159,159,119,215,13,12,2,25,160,159,122,199,12,12,2,25,159,159,120,198
2020-06-27,12,12,3,24,153,154,110,203,12,12,4,26,155,154,111,200,12,12,3,28,154,154,116,193,12,12,2,28,153,153,111,193
2020-06-28,12,11,2,22,148,149,109,191,12,12,3,23,150,150,105,197,12,11,2,25,149,149,112,195,12,11,4,25,148,148,107,194
2020-06-29,12,12,4,24,144,144,100,194,11,11,3,23,145,144,99,202,12,11,1,27,144,145,106,188,11,11,3,23,143,143,102,184
2020-06-30,11,11,1,21,139,139,92,189,11,11,3,23,140,140,97,195,11,11,3,21,139,139,103,179,11,11,2,21,139,139,97,186
2020-07-01,11,10,3,23,134,134,85,193,11,11,2,21,135,135,93,192,11,11,3,25,135,135,95,173,11,10,2,22,134,134,89,186
2020-07-02,10,10,2,22,129,128,86,179,10,10,2,22,130,130,92,190,10,10,3,20,130,130,90,169,10,10,2,22,130,130,95,187
2020-07-03,10,9,2,22,124,124,90,166,10,10,1,22,126,126,89,184,10,10,2,24,126,126,87,159,10,10,2,21,125,125,87,179
2020-07-04,9,9,2,20,120,120,91,157,10,9,2,25,122,121,83,173,10,9,2,23,122,122,82,160,10,9,1,18,121,120,84,179
2020-07-05,9,9,1,22,116,116,89,156,9,9,1,20,117,117,82,165,10,9,2,19,118,118,78,156,9,9,1,21,117,116,80,175
2020-07-06,9,9,1,20,113,112,79,159,9,9,1,22,113,113,77,162,9,9,2,18,114,114,72,148,9,9,2,18,113,113,79,165
2020-07-07,9,9,1,21,109,109,77,153,9,8,1,20,109,109,73,158,9,9,1,22,110,110,66,151,9,9,3,19,110,110,76,156
2020-07-08,9,9,2,19,106,105,72,150,9,8,1,18,106,105,70,157,9,8,2,18,107,106,70,145,9,9,2,20,106,106,71,143
2020-07-09,9,9,0,22,103,103,70,142,9,9,2,20,103,102,68,152,9,8,2,19,103,103,70,142,9,9,2,21,103,103,64,138
2020-07-10,9,9,2,20,101,100,68,145,9,9,2,20,100,101,71,149,9,8,2,21,101,100,68,134,9,9,1,19,101,101,63,135
2020-07-11,9,9,1,21,99,98,69,141,9,9,1,19,98,98,70,151,9,9,1,18,99,98,63,131,9,9,1,20,99,99,61,138
2020-07-12,10,9,2,24,98,97,64,137,9,9,1,21,97,97,63,149,9,9,1,22,96,97,60,132,10,10,2,20,98,98,61,134
2020-07-13,10,10,2,20,97,96,60,132,9,9,0,22,95,94,62,152,9,9,2,23,95,95,60,131,9,9,1,23,96,96,63,140
2020-07-14,10,10,1,23,97,96,59,131,9,9,2,22,94,93,66,149,9,9,2,21,94,94,61,129,10,10,3,20,96,97,64,129
2020-07-15,11,10,1,24,97,97,64,133,10,10,1,21,94,93,61,149,10,10,2,24,94,94,61,127,10,10,2,22,96,96,63,131
2020-07-16,11,11,2,27,98,96,64,141,10,10,2,22,94,93,56,153,10,10,1,20,94,94,62,128,11,11,3,20,97,97,59,132
2020-07-17,11,11,2,24,99,99,62,136,10,10,2,22,94,94,55,147,10,10,3,21,94,93,60,129,11,11,3,22,98,98,57,136
2020-07-18,11,11,2,25,100,99,62,139,11,11,3,24,95,95,55,135,11,11,3,23,95,94,56,138,12,12,3,23,99,99,58,141
2020-07-19,12,12,4,24,101,101,62,143,11,11,2,28,97,96,63,137,11,11,2,26,96,95,54,139,12,12,3,24,101,101,64,137
2020-07-20,13,12,3,25,104,103,72,149,12,11,3,27,98,98,64,133,12,11,4,25,97,96,57,144,13,12,5,23,103,103,63,141
2020-07-21,13,12,3,24,106,105,72,150,12,12,3,24,100,100,68,143,12,12,3,24,99,98,65,135,13,13,2,25,106,106,66,142
2020-07-22,14,14,3,25,108,107,71,155,12,12,3,27,103,103,66,149,13,13,4,23,102,101,69,144,14,13,5,27,108,109,67,151
2020-07-23,14,14,4,28,112,110,68,156,13,13,3,28,106,105,67,150,13,13,3,28,105,103,75,146,14,14,2,29,112,112,71,157
2020-07-24,15,15,5,30,115,114,68,164,14,14,3,26,109,108,71,164,14,14,2,30,108,106,76,153,15,14,4,26,115,115,75,156
2020-07-25,15,15,4,28,119,119,75,169,14,14,4,25,112,112,69,169,14,14,5,28,111,110,76,157,15,15,5,28,119,118,75,159
2020-07-26,16,16,3,33,123,123,82,175,15,15,4,28,115,115,72,167,15,15,4,25,115,114,75,165,16,16,7,29,123,123,78,173
2020-07-27,17,16,4,30,128,127,83,176,15,15,3,28,119,119,78,179,16,15,6,29,119,118,75,173,16,16,6,31,127,128,81,179
2020-07-28,17,17,5,33,132,131,90,181,16,16,4,34,124,123,79,178,16,16,2,33,123,123,79,179,17,17,5,33,132,132,84,188
2020-07-29,18,18,7,33,137,136,95,186,17,17,5,39,128,127,71,179,16,16,5,31,127,127,81,186,18,18,7,30,137,138,88,198
2020-07-30,19,19,5,38,143,142,99,195,18,18,5,32,133,132,72,186,18,17,4,35,132,132,90,189,19,19,7,32,142,142,95,201
2020-07-31,20,20,7,42,148,148,102,202,18,18,6,33,138,137,80,187,18,18,5,34,137,137,93,189,20,20,7,35,148,148,97,209
2020-08-01,20,20,9,35,154,154,103,207,19,18,7,41,143,142,91,194,19,19,7,35,143,142,94,196,20,20,6,37,153,153,101,220
2020-08-02,22,21,10,40,160,159,101,221,20,19,7,37,149,148,99,205,20,19,6,32,148,147,99,214,21,21,8,43,160,160,103,223
2020-08-03,22,22,9,39,166,165,105,224,21,20,9,38,155,154,108,213,20,20,8,41,153,153,100,222,22,22,7,39,167,166,108,233
2020-08-04,23,23,10,46,173,172,118,237,22,21,9,38,161,160,112,222,21,21,9,40,159,158,100,229,24,23,10,41,174,174,117,242
2020-08-05,24,23,11,39,179,178,120,244,22,22,7,41,167,166,109,232,22,22,8,42,166,166,109,235,24,24,10,42,181,180,115,259
2020-08-06,25,24,7,42,187,186,126,257,23,23,9,44,173,172,114,237,23,23,8,40,173,173,119,234,25,25,9,43,188,188,125,261
2020-08-07,25,25,7,41,194,193,127,264,24,24,9,40,180,178,112,245,24,24,7,39,180,180,124,245,26,25,10,41,195,195,128,267
2020-08-08,26,26,13,45,201,199,124,274,24,24,8,44,186,184,107,263,24,24,11,44,187,187,136,255,26,26,11,49,202,201,133,288
2020-08-09,26,26,12,46,207,206,133,284,25,24,11,43,193,191,117,285,25,25,11,49,193,194,133,261,26,26,12,44,209,206,134,296
2020-08-10,27,27,12,53,214,211,138,310,26,25,11,47,199,197,120,294,25,25,11,44,200,199,135,273,27,27,14,42,215,215,139,298
2020-08-11,27,27,12,49,220,217,136,313,26,26,10,47,205,205,122,294,26,26,10,43,205,205,137,281,27,27,12,48,221,220,146,308
2020-08-12,27,27,12,47,225,222,141,319,26,26,11,46,211,211,138,303,26,26,11,47,211,211,141,291,27,27,12,44,227,226,160,318
2020-08-13,27,27,11,47,230,229,149,332,26,26,10,44,216,216,138,311,26,26,12,50,216,215,152,296,27,27,11,44,231,230,160,315
2020-08-14,27,27,10,43,234,232,155,331,26,26,11,46,221,221,144,312,26,26,13,44,221,220,154,308,27,27,10,45,235,235,163,315
2020-08-15,27,27,11,45,237,236,159,335,26,26,11,48,225,224,147,315,26,26,11,46,224,223,159,304,28,27,13,51,239,240,158,332
2020-08-16,27,26,12,47,240,238,160,333,26,26,8,46,228,227,146,331,26,26,12,46,229,228,162,302,27,27,11,50,242,241,164,330
2020-08-17,26,26,12,42,242,240,158,339,26,26,7,43,231,228,148,323,26,26,14,47,232,231,159,312,26,26,11,47,244,244,164,322
2020-08-18,27,27,11,46,244,242,164,335,26,26,12,45,234,232,148,328,26,26,9,46,235,236,159,312,27,26,14,45,246,245,165,324
2020-08-19,26,26,12,45,246,244,159,343,26,25,12,46,236,234,150,324,26,25,9,45,237,238,156,322,26,26,10,44,247,246,168,334
2020-08-20,26,26,10,44,247,246,158,355,26,25,6,47,237,235,148,329,26,25,12,44,238,238,159,322,26,26,13,49,248,246,169,352
2020-08-21,26,25,11,43,247,247,155,348,25,25,8,46,238,236,145,344,25,25,11,50,240,240,158,326,26,25,12,49,248,248,170,329
2020-08-22,26,26,13,48,247,246,160,345,25,25,12,42,239,238,152,347,25,25,9,43,241,241,155,315,26,26,10,45,248,247,163,337
2020-08-23,26,25,10,46,248,246,164,352,25,25,10,41,240,238,157,348,25,25,10,49,241,240,156,324,26,26,11,42,248,247,166,339
2020-08-24,26,26,8,57,248,247,160,373,25,24,10,44,240,238,152,341,25,24,9,45,240,240,157,327,26,26,11,44,249,248,171,338
2020-08-25,25,25,11,40,248,247,162,380,24,24,10,47,240,238,149,348,25,25,9,43,240,240,160,340,25,25,8,43,249,247,162,338
2020-08-26,25,24,11,46,248,247,162,372,25,24,8,42,239,238,154,330,24,24,9,41,240,240,164,328,25,25,11,42,248,248,166,326
2020-08-27,25,25,8,45,248,246,164,374,24,24,10,42,239,238,151,324,25,24,10,43,240,240,157,321,25,25,9,41,248,246,165,331
2020-08-28,25,24,8,44,246,245,168,371,24,24,8,43,238,237,142,327,24,24,8,41,240,240,157,326,25,25,11,45,248,246,165,334
2020-08-29,25,25,12,42,245,243,171,351,24,24,8,44,238,236,144,335,24,24,11,44,239,238,154,327,25,24,10,40,247,246,164,339
2020-08-30,25,25,9,44,245,243,162,350,24,24,7,40,237,236,148,329,24,24,11,42,238,238,151,326,25,25,12,42,246,246,159,321
2020-08-31,24,24,11,42,243,240,158,345,24,23,9,43,235,235,139,318,24,24,9,49,237,236,159,319,24,24,11,43,245,244,158,319
2020-09-01,24,24,10,43,242,239,155,332,23,23,10,42,234,234,138,320,24,23,8,43,236,235,162,333,24,24,8,40,243,242,151,331
2020-09-02,24,24,8,43,240,238,136,339,23,23,9,38,233,231,140,322,23,23,9,42,235,234,159,322,24,24,9,42,242,241,149,326
2020-09-03,23,23,9,45,239,236,139,339,23,23,6,41,231,232,141,316,23,23,11,47,234,232,153,330,23,23,9,40,240,241,152,322
2020-09-04,23,23,10,40,237,234,145,336,23,23,9,42,230,229,136,312,23,22,7,39,232,231,150,341,24,23,10,44,239,240,149,329
2020-09-05,23,23,10,45,236,232,153,350,23,23,10,38,229,229,138,316,23,23,9,42,231,230,148,332,24,24,9,39,237,238,147,319
2020-09-06,24,24,6,43,235,233,159,336,23,23,10,47,229,229,142,309,23,23,7,42,230,229,137,337,24,24,9,40,236,236,147,318
2020-09-07,24,24,7,42,234,232,152,348,23,23,9,41,228,227,142,314,23,23,9,41,228,229,148,343,24,23,9,41,235,235,158,316
2020-09-08,24,24,9,44,234,232,155,345,24,23,10,44,228,227,145,313,24,23,5,45,228,228,139,347,25,24,11,42,235,234,154,319
2020-09-09,26,26,9,50,235,233,159,356,24,24,7,47,228,227,145,310,24,24,9,39,227,226,145,341,25,25,10,51,235,234,150,327
2020-09-10,26,25,11,49,236,234,161,373,25,25,10,46,229,228,144,315,24,24,9,42,228,226,148,339,26,26,11,46,237,237,157,335
2020-09-11,27,27,12,46,238,236,159,382,26,25,11,51,230,230,143,326,25,25,9,48,229,228,152,334,27,27,12,49,240,239,154,349
2020-09-12,29,28,14,49,243,240,163,391,26,26,9,45,233,233,145,341,27,27,11,44,233,231,154,342,29,29,11,49,243,243,157,353
2020-09-13,30,30,14,48,247,245,170,381,28,27,12,47,236,235,153,368,28,27,12,54,237,235,155,344,30,30,9,50,248,248,151,360
2020-09-14,32,32,16,54,254,251,172,379,29,29,15,53,241,240,152,373,29,29,16,51,242,240,164,353,32,32,17,51,255,254,160,368
2020-09-15,34,34,16,60,262,260,173,400,31,31,14,58,247,247,158,380,31,30,15,50,247,245,162,360,34,33,17,55,262,261,172,374
2020-09-16,36,35,19,60,271,269,171,421,33,32,16,59,255,254,160,392,33,33,15,57,255,253,176,372,36,35,14,57,271,270,174,394
2020-09-17,39,39,16,64,282,280,177,444,35,34,14,55,264,264,164,412,35,34,13,59,264,262,178,394,38,37,14,62,282,281,181,416
2020-09-18,41,41,22,63,295,294,184,458,37,37,21,64,275,274,182,412,37,36,19,63,274,271,185,411,41,40,24,64,294,293,184,418
2020-09-19,43,43,19,69,309,308,205,464,40,39,21,71,287,287,196,440,39,39,15,66,286,284,197,440,43,43,20,68,308,308,182,436
2020-09-20,46,46,26,76,324,323,219,474,42,41,22,76,300,301,205,471,42,41,24,64,299,296,208,446,46,45,21,69,323,322,197,446
2020-09-21,49,48,27,82,341,338,235,487,44,44,25,68,315,313,209,491,45,45,24,75,315,312,215,469,48,48,26,77,339,336,215,469
2020-09-22,51,50,25,90,359,356,241,525,46,46,23,77,330,328,226,499,47,46,25,73,331,328,225,472,52,52,26,79,358,356,224,494
2020-09-23,55,55,27,82,379,376,257,535,49,49,26,78,347,346,244,518,49,49,23,78,348,346,229,489,56,55,32,90,379,378,240,518
2020-09-24,59,58,27,87,401,398,281,565,53,53,20,85,366,363,246,551,53,53,23,87,367,364,229,510,59,58,32,86,401,400,250,541
2020-09-25,62,62,32,102,424,421,292,620,57,56,30,92,387,385,267,585,57,57,32,87,389,385,237,530,62,62,31,90,424,423,261,566
2020-09-26,65,65,41,107,448,444,315,668,61,60,32,106,409,406,276,632,61,60,32,90,412,410,273,566,66,65,39,104,449,448,273,599
2020-09-27,70,70,36,113,475,472,320,703,65,64,34,106,434,431,289,648,64,63,35,100,435,434,291,581,70,70,36,103,476,476,292,643
2020-09-28,74,74,38,121,503,501,347,737,68,67,23,116,460,458,312,696,68,68,39,105,461,458,307,622,75,74,47,117,504,503,325,664
2020-09-29,79,78,47,116,534,534,379,778,72,72,35,117,488,485,331,747,72,72,41,107,489,488,308,652,79,79,48,119,535,534,349,725
2020-09-30,84,84,47,120,566,567,399,823,78,78,45,130,518,517,347,773,76,76,46,110,518,516,342,696,84,83,49,127,567,566,374,782
2020-10-01,89,89,47,142,601,602,413,878,82,81,47,138,551,549,372,837,81,81,48,118,550,548,359,730,89,88,53,132,601,596,390,827
2020-10-02,95,94,53,142,638,638,439,945,87,86,49,134,584,581,396,862,87,88,38,128,585,584,387,782,94,94,47,147,637,633,417,871
2020-10-03,101,100,55,142,677,678,461,962,93,92,53,136,621,618,421,908,91,91,58,128,619,622,406,822,102,101,60,154,678,673,448,929
2020-10-04,107,107,59,156,718,715,485,1018,98,97,59,158,660,657,445,975,98,97,51,146,657,658,433,867,108,107,68,153,720,716,482,986
2020-10-05,114,114,63,167,763,759,496,1051,105,104,65,168,700,700,488,1020,104,103,58,160,698,700,450,949,114,113,63,169,765,761,490,1057
2020-10-06,121,121,66,179,811,810,505,1128,112,110,67,175,744,740,513,1102,110,110,67,170,741,742,488,986,122,121,75,184,813,813,527,1142
2020-10-07,129,129,79,184,862,858,542,1192,118,118,72,180,790,786,548,1182,118,116,71,177,788,788,520,1055,129,129,80,194,865,865,566,1205
2020-10-08,138,138,85,196,918,917,584,1243,127,126,80,200,842,836,595,1231,126,125,80,178,838,838,578,1116,139,138,91,195,921,918,623,1293
2020-10-09,151,151,100,208,981,977,631,1318,137,136,86,200,898,890,650,1296,135,135,88,193,893,893,612,1204,151,149,96,224,983,982,668,1368
2020-10-10,164,164,114,237,1050,1048,666,1383,147,146,84,219,958,951,680,1382,146,146,84,229,954,953,622,1321,165,164,89,239,1054,1048,703,1458
2020-10-11,181,181,120,246,1131,1132,741,1477,160,159,94,237,1027,1016,725,1475,162,162,101,229,1023,1024,673,1412,180,179,117,257,1133,1129,765,1576
2020-10-12,198,198,127,268,1220,1220,822,1602,175,174,118,272,1103,1092,755,1602,175,175,114,236,1100,1102,733,1502,199,198,122,278,1223,1216,818,1674
2020-10-13,218,218,136,298,1322,1323,910,1731,193,192,122,269,1192,1176,839,1703,193,192,130,266,1188,1186,797,1600,219,219,146,304,1326,1320,891,1816
2020-10-14,241,240,159,330,1438,1437,987,1891,212,212,150,309,1290,1275,913,1848,213,213,144,284,1287,1287,882,1724,243,242,151,335,1443,1435,960,1976
2020-10-15,267,268,184,363,1569,1571,1097,2094,237,237,148,339,1405,1394,975,1972,233,234,159,328,1398,1396,986,1873,268,267,178,389,1574,1570,1076,2183
2020-10-16,294,294,193,385,1715,1714,1194,2261,261,260,179,379,1533,1512,1073,2190,259,259,184,372,1525,1518,1088,2067,295,293,218,407,1720,1713,1204,2362
2020-10-17,327,326,206,486,1880,1883,1294,2491,288,287,197,402,1676,1657,1208,2378,287,288,191,435,1669,1666,1206,2245,328,327,230,447,1886,1876,1310,2573
2020-10-18,361,362,243,469,2064,2070,1429,2672,319,316,208,464,1838,1818,1310,2578,317,316,207,425,1829,1824,1287,2450,362,360,264,486,2071,2063,1465,2823
2020-10-19,401,400,271,543,2271,2270,1577,2976,352,350,229,486,2018,2002,1425,2806,353,351,236,509,2011,2013,1393,2701,401,401,281,538,2279,2268,1642,3072
2020-10-20,440,439,303,593,2500,2500,1767,3272,392,386,270,559,2221,2210,1576,3094,389,387,272,515,2212,2214,1504,2938,440,438,309,583,2505,2494,1791,3297
2020-10-21,486,485,358,651,2753,2752,1955,3604,433,430,299,612,2446,2422,1748,3430,430,431,312,581,2436,2440,1702,3218,490,487,350,650,2761,2753,2038,3639
2020-10-22,535,534,368,695,3033,3031,2185,3939,476,474,336,680,2694,2666,1924,3797,473,475,322,684,2682,2682,1909,3624,538,536,393,711,3043,3036,2253,3939
2020-10-23,589,589,437,784,3340,3333,2429,4366,523,522,359,704,2966,2940,2138,4119,521,517,391,717,2954,2951,2121,3959,588,585,426,752,3348,3336,2465,4317
2020-10-24,647,644,470,823,3676,3672,2727,4761,571,572,389,800,3262,3241,2350,4498,569,568,413,754,3249,3254,2331,4348,644,642,447,831,3682,3672,2750,4717
2020-10-25,710,710,509,948,4044,4038,3045,5121,622,622,429,869,3580,3563,2546,4936,620,620,444,810,3568,3577,2599,4774,697,692,477,884,4038,4026,3031,5112
2020-10-26,776,774,582,1030,4444,4431,3380,5604,670,665,461,925,3918,3898,2784,5371,668,670,483,907,3904,3912,2830,5221,741,738,526,966,4404,4400,3303,5551
2020-10-27,848,845,637,1101,4880,4862,3717,6181,714,708,503,996,4268,4238,3061,5832,711,711,514,937,4251,4266,3123,5696,782,780,523,991,4777,4774,3546,5994
2020-10-28,924,919,688,1225,5350,5340,4089,6815,751,746,485,1040,4622,4587,3285,6306,748,745,546,1066,4605,4608,3398,6230,811,805,597,1047,5143,5142,3816,6521
2020-10-29,1005,1002,738,1345,5859,5846,4426,7538,780,777,547,1076,4971,4935,3585,6799,778,778,573,1082,4953,4950,3728,6710,824,823,588,1038,5486,5476,4059,6955
2020-10-30,1097,1093,823,1412,6412,6392,4892,8258,802,798,578,1083,5307,5286,3830,7269,796,794,543,1049,5287,5264,4014,7108,831,826,612,1045,5802,5786,4284,7383
2020-10-31,1183,1186,892,1503,6999,6994,5399,8962,815,810,527,1123,5622,5612,4008,7692,812,806,568,1152,5601,5586,4300,7600,819,820,601,1080,6072,6048,4482,7704
2020-11-01,1279,1275,970,1623,7625,7612,5924,9727,821,816,563,1131,5911,5890,4168,8119,818,814,601,1238,5887,5863,4504,8142,802,804,582,1026,6293,6265,4659,7986
2020-11-02,1375,1372,1007,1732,8286,8268,6356,10545,822,819,606,1176,6172,6143,4332,8482,820,814,606,1165,6146,6104,4685,8559,774,772,562,979,6462,6432,4772,8075
2020-11-03,1476,1471,1153,1870,8989,8955,6891,11424,820,818,549,1118,6403,6386,4459,8770,818,816,572,1176,6373,6328,4799,8890,750,752,565,948,6586,6562,4902,8195
2020-11-04,1578,1573,1217,2050,9726,9682,7476,12303,813,812,538,1101,6597,6580,4608,8996,811,804,601,1159,6569,6523,4925,9170,718,713,532,885,6659,6628,4912,8271
2020-11-05,1680,1677,1329,2125,10494,10450,8153,13197,805,797,560,1153,6758,6728,4710,9154,802,802,538,1103,6732,6704,5015,9417,683,685,505,872,6683,6644,4963,8205
2020-11-06,1776,1773,1375,2285,11286,11250,8829,14244,805,798,555,1195,6900,6866,4821,9394,802,800,583,1188,6872,6831,5096,9706,646,645,491,809,6658,6620,4985,8141
2020-11-07,1866,1856,1460,2385,12090,12054,9499,15301,808,804,547,1142,7023,6998,4901,9603,804,798,577,1144,6998,6969,5139,9918,613,609,420,787,6598,6553,4900,8171
2020-11-08,1923,1918,1529,2389,12875,12835,10225,16293,816,804,530,1218,7142,7118,5040,9913,814,818,565,1229,7116,7092,5217,10118,572,574,440,737,6495,6458,4888,8018
2020-11-09,1962,1964,1584,2444,13619,13598,10843,17193,823,818,559,1209,7251,7214,5089,10144,823,819,544,1209,7227,7214,5332,10357,535,536,413,672,6362,6324,4828,7858
2020-11-10,1964,1958,1621,2461,14288,14276,11464,17981,832,826,538,1232,7354,7303,5181,10350,828,825,564,1132,7329,7318,5388,10474,499,498,358,631,6198,6168,4687,7678
2020-11-11,1928,1926,1587,2410,14849,14844,11980,18723,824,816,544,1244,7436,7379,5238,10597,823,822,528,1197,7413,7422,5415,10591,463,463,330,595,6008,5986,4506,7445
2020-11-12,1864,1858,1473,2302,15287,15276,12380,19187,813,814,533,1205,7497,7421,5253,10790,810,805,560,1161,7470,7482,5452,10711,427,426,297,546,5797,5770,4337,7197
2020-11-13,1796,1786,1436,2180,15598,15582,12658,19517,791,789,546,1184,7525,7455,5235,10873,789,782,525,1170,7500,7504,5408,10797,395,395,267,496,5571,5553,4197,6920
2020-11-14,1742,1740,1433,2156,15809,15780,12897,19764,772,764,490,1187,7530,7492,5256,10909,765,762,506,1140,7500,7501,5365,10736,363,364,283,468,5333,5319,4031,6638
2020-11-15,1705,1706,1395,2063,15949,15928,13087,19875,744,742,483,1161,7505,7457,5291,10976,743,742,482,1087,7474,7450,5344,10724,336,336,236,437,5088,5084,3805,6359
2020-11-16,1685,1676,1356,2026,16040,15982,13127,19792,722,717,451,1154,7454,7410,5256,11010,717,715,447,1010,7423,7376,5244,10605,310,308,222,418,4838,4828,3655,6028
2020-11-17,1678,1674,1383,2021,16103,16054,13248,19607,698,701,425,1100,7379,7343,5217,10971,695,686,444,1001,7348,7286,5157,10490,286,286,210,368,4587,4581,3433,5701
2020-11-18,1680,1670,1336,2061,16148,16092,13406,19480,676,674,437,1087,7286,7246,5143,10987,675,672,442,1014,7261,7195,5112,10379,266,266,196,334,4340,4338,3226,5361
2020-11-19,1690,1690,1401,2031,16190,16122,13548,19399,655,650,418,1043,7178,7142,5023,10884,650,646,423,1008,7151,7118,5016,10283,246,246,195,314,4097,4088,3062,5036
2020-11-20,1699,1696,1387,2092,16229,16169,13611,19283,642,633,397,1002,7066,7028,4922,10766,633,631,385,968,7034,7009,4916,10052,230,229,171,296,3864,3861,2887,4715
2020-11-21,1711,1700,1363,2043,16274,16198,13702,19146,638,626,397,998,6960,6909,4854,10668,613,611,371,900,6905,6871,4781,9844,213,212,159,300,3636,3640,2753,4419
2020-11-22,1721,1712,1385,2050,16315,16228,13783,19135,644,637,390,980,6868,6804,4749,10495,591,585,364,921,6763,6722,4662,9728,200,199,150,258,3419,3420,2619,4146
2020-11-23,1726,1722,1318,2076,16359,16248,13672,19002,656,647,422,1025,6795,6758,4687,10350,571,564,359,886,6617,6580,4484,9525,186,186,132,239,3210,3214,2518,3909
2020-11-24,1729,1722,1393,2148,16395,16304,13667,18928,677,676,429,1091,6752,6699,4650,10370,553,547,335,861,6463,6414,4419,9320,174,174,130,239,3012,3012,2388,3709
2020-11-25,1724,1715,1364,2126,16425,16320,13596,18999,704,698,422,1084,6743,6676,4617,10330,534,525,303,855,6306,6247,4282,9137,163,162,122,220,2826,2827,2252,3475
2020-11-26,1714,1714,1368,2129,16438,16338,13619,19142,732,726,461,1165,6763,6707,4566,10335,516,510,302,859,6145,6102,4158,8915,152,151,114,200,2647,2651,2127,3261
2020-11-27,1703,1704,1325,2111,16435,16355,13592,19236,763,756,486,1223,6815,6765,4594,10393,500,492,309,853,5981,5928,4023,8743,142,141,98,185,2481,2478,1999,3057
2020-11-28,1687,1682,1340,2186,16418,16335,13620,19210,800,791,521,1244,6900,6881,4606,10452,479,481,274,754,5814,5762,3891,8518,134,134,101,170,2324,2319,1893,2876
2020-11-29,1668,1665,1269,2122,16380,16328,13462,19255,837,830,569,1296,7019,7006,4656,10510,463,457,252,820,5647,5596,3793,8443,125,125,89,168,2176,2170,1786,2668
2020-11-30,1642,1636,1290,2130,16318,16252,13327,19250,876,868,560,1370,7166,7134,4731,10717,445,437,265,761,5479,5444,3633,8293,117,116,86,152,2038,2028,1685,2488
2020-12-01,1614,1615,1242,2077,16232,16198,13149,19271,916,912,629,1379,7345,7292,4872,10966,429,422,227,726,5313,5252,3498,8141,110,109,73,149,1909,1904,1571,2308
2020-12-02,1578,1564,1178,2045,16116,16066,12918,19386,952,945,585,1384,7545,7521,4975,11221,415,406,227,729,5148,5087,3313,8012,103,103,68,142,1786,1780,1427,2146
2020-12-03,1535,1530,1132,2012,15964,15938,12659,19338,995,989,627,1523,7772,7708,5076,11641,398,394,194,728,4981,4928,3131,7799,96,96,63,129,1671,1664,1343,2009
2020-12-04,1497,1498,1088,1985,15789,15724,12396,19413,1036,1028,683,1492,8020,7972,5263,11999,384,380,190,658,4820,4774,2992,7591,89,89,61,127,1563,1558,1268,1873
2020-12-05,1451,1446,1093,1945,15579,15538,12161,19296,1073,1061,695,1616,8285,8221,5399,12454,369,365,187,666,4660,4622,2855,7404,84,84,58,116,1463,1457,1222,1722
2020-12-06,1404,1402,1034,1969,15340,15316,11880,19222,1115,1106,720,1672,8569,8504,5552,12910,354,347,178,615,4503,4465,2736,7181,78,78,45,110,1367,1364,1134,1606
2020-12-07,1356,1353,997,1938,15076,15051,11629,19058,1149,1140,766,1620,8861,8808,5787,13264,340,338,171,604,4349,4303,2596,6999,74,74,49,103,1279,1276,1048,1514
2020-12-08,1301,1296,968,1860,14780,14762,11398,18767,1185,1173,757,1697,9159,9086,5909,13622,327,320,168,639,4198,4166,2438,6869,68,68,45,96,1197,1194,972,1442
2020-12-09,1249,1246,890,1807,14459,14426,11117,18520,1216,1210,830,1663,9464,9390,6181,13825,313,312,143,576,4049,4008,2304,6698,64,64,38,97,1120,1123,925,1362
2020-12-10,1197,1195,849,1685,14111,14109,10841,18237,1253,1248,898,1739,9775,9693,6464,14121,300,293,128,585,3903,3864,2174,6493,60,60,34,86,1048,1048,862,1263
2020-12-11,1141,1136,825,1649,13739,13728,10556,17951,1281,1270,890,1706,10085,9972,6711,14391,288,282,126,526,3758,3716,2098,6298,57,56,34,88,981,981,827,1170
2020-12-12,1091,1089,769,1601,13353,13368,10316,17644,1307,1302,864,1798,10388,10291,6913,14692,276,270,130,534,3618,3564,1992,6110,53,52,31,78,919,920,778,1104
2020-12-13,1035,1032,689,1543,12949,12978,9975,17334,1332,1330,924,1740,10684,10572,7160,14850,266,258,136,507,3484,3431,1896,5969,49,49,27,70,859,859,705,1026
2020-12-14,982,975,699,1437,12530,12512,9560,16941,1351,1351,961,1818,10968,10842,7361,15225,253,244,120,497,3350,3288,1798,5836,47,46,29,68,803,801,648,943
2020-12-15,930,930,658,1344,12093,12075,9191,16459,1368,1363,984,1865,11244,11142,7624,15435,243,235,110,495,3221,3162,1708,5693,44,44,24,71,752,751,607,880
2020-12-16,883,880,613,1339,11658,11648,8796,16070,1383,1379,1010,1781,11503,11382,7839,15506,233,225,104,446,3094,3048,1620,5542,41,41,19,61,704,703,571,843
2020-12-17,832,832,572,1288,11212,11208,8381,15596,1396,1392,974,1797,11748,11682,8130,15615,224,217,96,448,2974,2928,1530,5392,38,38,19,64,658,656,513,784
2020-12-18,786,778,560,1168,10765,10750,8016,15099,1400,1395,1008,1823,11968,11898,8403,15662,214,209,89,425,2857,2812,1449,5250,36,35,19,58,616,616,467,744
2020-12-19,737,732,493,1189,10312,10313,7639,14645,1404,1406,978,1821,12166,12106,8643,15787,203,198,86,424,2740,2693,1394,5101,34,33,16,51,577,575,444,698
2020-12-20,692,689,440,1121,9860,9862,7249,14183,1399,1407,1010,1833,12337,12300,8875,15973,196,188,89,406,2630,2580,1315,4939,31,31,15,59,540,540,406,657
2020-12-21,648,646,427,990,9412,9406,6903,13628,1393,1398,979,1803,12484,12484,9005,16132,187,180,76,406,2524,2483,1229,4818,29,29,10,50,505,503,377,625
2020-12-22,609,605,408,934,8969,8964,6512,13089,1382,1382,948,1780,12601,12616,9006,16312,181,177,68,384,2423,2382,1163,4624,27,27,14,51,472,471,356,596
2020-12-23,567,562,364,881,8530,8543,6133,12504,1364,1372,918,1837,12684,12704,9069,16364,176,172,60,401,2329,2288,1082,4542,25,25,12,45,442,442,336,562
2020-12-24,524,524,361,820,8093,8113,5792,11917,1339,1338,892,1761,12729,12750,9186,16405,172,168,74,410,2241,2200,1047,4458,24,24,9,39,413,413,320,524
2020-12-25,482,479,307,755,7663,7672,5461,11292,1295,1299,897,1704,12719,12765,9201,16426,169,164,73,401,2159,2114,1022,4379,22,21,8,38,386,386,293,493
2020-12-26,439,437,296,716,7231,7226,5143,10697,1238,1240,846,1645,12648,12678,9209,16281,165,160,71,348,2083,2040,978,4257,20,20,7,34,360,360,266,452
2020-12-27,394,390,260,635,6801,6798,4817,10175,1165,1166,764,1538,12508,12536,9022,16066,162,156,61,338,2013,1970,938,4142,19,18,7,37,336,337,240,432
2020-12-28,350,347,217,569,6373,6377,4508,9590,1082,1085,700,1441,12293,12320,8795,15704,155,147,60,334,1944,1892,896,4029,17,17,6,34,313,314,220,406
2020-12-29,309,307,197,482,5947,5942,4206,8975,992,999,645,1326,11998,12035,8501,15358,147,144,57,350,1876,1824,833,3941,16,16,4,29,292,291,206,380
2020-12-30,268,266,161,434,5524,5506,3929,8452,898,905,582,1205,11634,11678,8142,14883,138,134,51,284,1806,1755,799,3811,14,14,4,27,272,271,193,357
2020-12-31,233,231,140,393,5114,5106,3620,7846,798,797,482,1059,11194,11232,7773,14374,128,122,53,320,1733,1693,763,3682,13,13,4,26,253,252,181,333
2021-01-01,200,198,110,335,4711,4702,3280,7222,705,704,479,960,10700,10726,7380,13738,117,114,44,271,1656,1619,732,3565,12,12,3,25,235,235,167,317
2021-01-02,171,170,97,287,4323,4306,2983,6674,617,612,412,891,10156,10200,6990,13139,106,101,44,231,1579,1536,696,3408,11,11,2,23,218,218,160,297
2021-01-03,146,144,89,240,3950,3937,2696,6103,535,533,364,728,9579,9627,6530,12374,96,93,34,232,1498,1455,657,3225,10,10,0,21,202,202,143,265
2021-01-04,123,122,69,206,3597,3580,2459,5620,463,464,289,664,8978,9026,6133,11675,87,83,25,195,1417,1377,604,3054,9,9,1,19,187,188,134,248
2021-01-05,105,103,56,182,3261,3247,2219,5102,397,399,255,554,8366,8405,5684,10941,78,75,27,185,1334,1300,573,2896,9,8,0,22,173,172,114,235
2021-01-06,88,87,50,174,2946,2934,2018,4651,340,340,239,471,7756,7789,5224,10211,70,67,20,169,1253,1216,535,2725,8,8,0,19,159,160,101,216
2021-01-07,75,74,44,138,2655,2637,1833,4186,291,292,201,405,7153,7184,4816,9467,63,61,22,176,1174,1141,501,2592,7,7,1,18,148,148,88,197
2021-01-08,63,63,29,117,2385,2365,1633,3739,251,250,171,381,6569,6600,4427,8754,57,54,16,138,1096,1063,482,2424,7,6,1,16,137,137,82,193
2021-01-09,54,53,24,96,2137,2116,1450,3351,218,218,138,323,6010,6052,4019,8091,51,48,11,144,1019,986,442,2285,6,6,0,13,126,126,79,189
2021-01-10,46,45,22,90,1910,1894,1297,2975,191,190,115,288,5483,5510,3672,7352,46,44,10,139,947,916,410,2156,6,6,0,15,117,116,73,182
2021-01-11,40,39,18,78,1703,1683,1160,2651,172,170,98,275,4993,5022,3330,6776,43,40,10,117,877,848,364,2015,5,5,0,14,108,108,65,168
2021-01-12,36,35,10,65,1516,1500,1024,2376,156,154,102,230,4540,4568,3034,6139,40,38,11,101,814,783,339,1896,5,5,0,11,99,100,54,144
2021-01-13,31,31,13,60,1350,1334,889,2159,143,143,88,212,4124,4148,2752,5567,37,35,7,100,755,729,304,1772,4,4,0,16,92,92,54,136
2021-01-14,28,28,10,55,1200,1188,800,1949,135,135,76,194,3747,3774,2495,5100,35,32,9,102,700,674,270,1667,4,4,0,14,85,84,52,126
2021-01-15,25,24,10,46,1066,1056,721,1744,125,124,77,180,3404,3426,2274,4627,32,30,7,83,648,626,252,1538,4,4,0,10,78,78,43,119
2021-01-16,23,23,10,48,947,940,631,1562,120,119,76,182,3097,3114,2091,4266,30,29,5,74,601,580,232,1418,4,3,0,11,72,71,43,110
2021-01-17,21,21,8,40,840,835,569,1388,114,113,67,184,2821,2839,1899,3911,29,26,1,86,557,537,209,1317,3,3,0,12,67,66,38,103
2021-01-18,19,19,7,36,745,742,506,1236,109,108,63,201,2574,2584,1747,3570,27,26,5,68,518,498,188,1229,3,3,0,9,62,61,36,94
2021-01-19,18,17,3,34,663,658,446,1105,105,103,65,162,2352,2361,1587,3255,26,24,3,83,481,466,173,1174,3,3,0,12,57,57,28,91
2021-01-20,16,16,4,33,589,584,387,981,100,100,59,166,2156,2158,1456,2984,25,23,4,72,448,432,161,1117,3,3,0,8,53,53,26,88
2021-01-21,15,14,4,30,523,522,328,905,97,96,57,149,1980,1981,1341,2768,24,22,4,70,418,400,146,1055,3,2,0,9,49,48,24,82
2021-01-22,14,14,3,30,466,465,299,804,93,91,47,156,1824,1816,1239,2562,22,20,3,69,390,381,134,992,3,2,0,9,46,45,23,76
2021-01-23,12,12,2,26,416,414,269,746,91,89,52,150,1685,1677,1152,2348,22,20,2,68,365,348,124,936,2,2,0,9,43,42,22,72
2021-01-24,12,11,2,26,371,368,240,647,86,85,49,136,1561,1556,1076,2189,21,19,1,60,341,325,117,866,2,2,0,7,40,39,19,72
2021-01-25,11,10,1,27,331,329,218,573,83,82,46,148,1451,1448,999,2059,20,18,3,57,320,304,112,817,2,2,0,7,37,37,20,69
2021-01-26,10,10,2,23,297,294,186,522,81,81,48,143,1353,1352,942,1948,18,17,2,62,300,287,102,775,2,2,0,9,34,34,14,62
2021-01-27,9,9,1,21,265,264,168,470,78,77,42,146,1266,1262,891,1833,18,17,2,62,282,268,95,762,2,2,0,9,32,32,15,56
2021-01-28,9,8,1,22,238,235,146,439,75,74,35,137,1187,1178,824,1781,17,16,2,64,265,252,86,731,2,1,0,7,29,29,12,53
2021-01-29,8,7,1,22,214,211,135,391,73,72,40,134,1116,1106,783,1698,16,15,1,44,250,236,78,680,2,1,0,6,27,27,13,54
2021-01-30,7,7,1,21,192,190,113,357,71,70,34,147,1053,1042,734,1652,15,14,2,53,236,224,76,659,1,1,0,6,25,25,12,47
2021-01-31,7,7,0,15,174,171,99,330,68,67,32,119,996,985,679,1574,15,13,2,42,223,213,68,610,1,1,0,6,24,24,10,42
2021-02-01,6,6,0,15,157,154,93,293,67,65,30,138,945,934,639,1516,13,12,1,37,211,201,62,584,1,1,0,7,22,23,10,41
2021-02-02,6,5,0,20,142,140,75,268,65,63,30,123,899,888,604,1468,13,12,1,38,200,190,56,562,1,1,0,7,21,21,7,39
2021-02-03,5,5,0,16,128,125,68,251,61,60,27,119,855,838,545,1434,12,11,1,42,189,176,56,531,1,1,0,6,20,19,7,38
2021-02-04,5,5,0,15,116,115,61,231,60,58,23,130,815,798,525,1398,12,11,1,41,179,165,49,513,1,1,0,7,18,18,6,37
2021-02-05,4,4,0,14,106,104,55,203,57,55,21,121,778,765,483,1350,11,10,0,34,169,158,45,491,1,1,0,4,17,17,6,34
2021-02-06,4,4,0,12,96,94,55,187,55,54,24,114,744,727,443,1297,11,10,0,35,160,150,41,460,1,1,0,8,16,16,4,32
2021-02-07,4,4,0,14,88,86,49,178,54,52,24,122,713,694,416,1251,10,9,0,33,152,142,36,443,1,1,0,7,15,15,2,33
2021-02-08,4,3,0,12,80,78,42,170,52,50,21,109,683,666,396,1205,10,9,0,30,144,135,31,428,1,1,0,5,14,14,3,28
2021-02-09,4,3,0,13,73,72,38,165,51,50,17,106,656,643,358,1191,9,8,0,30,137,128,28,411,1,0,0,4,13,12,3,28
2021-02-10,3,3,0,10,67,66,36,159,49,47,16,104,630,614,344,1152,9,8,0,28,130,120,26,394,1,1,0,5,12,12,2,28
2021-02-11,3,3,0,11,62,60,30,137,47,45,17,106,607,592,324,1114,9,8,0,32,124,114,25,394,1,0,0,5,11,11,2,28
2021-02-12,3,2,0,9,57,55,27,128,46,43,20,109,583,570,310,1097,8,7,0,27,117,108,25,368,1,0,0,5,11,10,3,27
2021-02-13,3,2,0,10,52,50,23,114,44,42,15,101,562,545,300,1070,7,7,0,23,111,102,22,351,1,0,0,4,10,9,1,25
2021-02-14,2,2,0,8,48,47,19,107,42,40,11,97,541,522,285,1063,7,7,0,29,106,98,19,345,1,0,0,4,9,9,2,23
2021-02-15,2,2,0,9,44,43,17,108,41,39,13,88,521,500,271,1014,7,6,0,27,102,93,18,334,0,0,0,3,9,8,2,23
2021-02-16,2,2,0,8,41,39,15,98,40,38,9,86,503,482,244,976,7,6,0,26,96,89,17,313,0,0,0,3,8,8,1,20
2021-02-17,2,1,0,8,37,36,13,87,38,36,13,90,485,464,233,948,7,6,0,27,92,84,16,292,0,0,0,4,8,7,1,20
2021-02-18,2,1,0,7,34,34,12,84,36,34,12,90,467,444,223,941,7,6,0,26,89,81,16,277,0,0,0,3,7,7,0,18
2021-02-19,1,1,0,6,32,31,10,80,34,33,8,86,450,426,211,902,6,6,0,22,85,78,17,265,0,0,0,3,7,6,0,17
2021-02-20,1,1,0,6,29,28,8,75,33,30,7,73,432,410,201,875,6,5,0,22,81,74,17,243,0,0,0,5,6,6,0,17
2021-02-21,1,1,0,6,27,26,7,68,30,28,7,73,414,394,190,853,6,5,0,24,78,72,18,233,0,0,0,3,6,5,0,17
2021-02-22,1,1,0,5,25,24,5,63,28,27,6,68,396,377,176,819,6,5,0,19,75,68,17,223,0,0,0,3,5,5,0,18
2021-02-23,1,1,0,5,23,22,5,63,25,24,7,66,377,360,164,790,6,5,0,21,72,65,16,213,0,0,0,3,5,5,0,14
2021-02-24,1,1,0,5,21,20,5,62,23,21,5,55,358,339,150,754,5,4,0,17,69,63,12,200,0,0,0,3,5,4,0,13
2021-02-25,1,0,0,4,19,18,5,59,20,19,3,56,336,317,142,710,5,4,0,22,66,60,13,189,0,0,0,3,4,4,0,13
2021-02-26,1,0,0,4,17,17,5,49,18,17,3,48,316,296,126,666,4,4,0,17,63,57,13,175,0,0,0,3,4,4,0,12
2021-02-27,1,0,0,5,16,15,4,45,16,15,3,51,295,279,111,663,4,3,0,15,59,54,11,164,0,0,0,2,4,4,0,11
2021-02-28,0,0,0,3,14,13,2,38,14,13,1,42,276,260,97,626,4,3,0,16,56,51,10,157,0,0,0,2,4,3,0,11
2021-03-01,0,0,0,5,13,12,2,37,13,12,2,42,257,243,88,571,4,3,0,18,54,48,9,151,0,0,0,3,3,3,0,11
2021-03-02,0,0,0,3,12,11,1,35,12,11,0,36,239,227,79,532,3,3,0,15,51,46,7,148,0,0,0,2,3,3,0,12
2021-03-03,0,0,0,3,10,10,1,32,11,10,1,31,222,210,75,501,3,3,0,17,48,43,6,144,0,0,0,2,3,3,0,11
2021-03-04,0,0,0,3,9,9,1,28,11,10,1,29,206,193,70,473,3,2,0,14,46,42,5,138,0,0,0,2,3,2,0,11
2021-03-05,0,0,0,3,8,8,0,26,10,9,0,27,191,180,58,433,3,2,0,13,43,40,5,135,0,0,0,2,2,2,0,9
2021-03-06,0,0,0,2,7,7,0,23,9,9,0,31,178,168,58,393,3,2,0,13,41,38,5,121,0,0,0,2,2,2,0,9
2021-03-07,0,0,0,3,7,6,0,22,9,8,1,29,165,156,50,373,2,2,0,12,39,35,4,114,0,0,0,2,2,2,0,9
2021-03-08,0,0,0,2,6,6,0,20,9,8,0,29,154,144,52,348,2,2,0,13,37,33,6,110,0,0,0,2,2,2,0,8
2021-03-09,0,0,0,2,5,5,0,18,8,8,0,28,144,135,49,330,2,2,0,13,35,31,5,103,0,0,0,2,2,2,0,7
2021-03-10,0,0,0,2,5,5,0,14,8,7,0,30,135,126,44,332,2,2,0,11,33,30,5,96,0,0,0,3,2,1,0,8
2021-03-11,0,0,0,2,4,4,0,12,8,7,0,26,126,119,42,311,2,2,0,9,31,28,5,92,0,0,0,2,2,1,0,8
2021-03-12,0,0,0,2,4,4,0,12,7,7,0,27,119,110,40,300,2,1,0,10,29,27,5,89,0,0,0,2,1,1,0,8
2021-03-13,0,0,0,2,4,3,0,11,7,7,0,22,112,104,37,288,2,2,0,10,28,25,3,82,0,0,0,1,1,1,0,8
2021-03-14,0,0,0,2,3,3,0,10,7,6,0,22,105,97,32,280,2,1,0,10,26,23,2,82,0,0,0,2,1,1,0,8
2021-03-15,0,0,0,2,3,3,0,9,6,6,0,26,99,90,33,270,2,1,0,8,25,22,2,78,0,0,0,2,1,1,0,7
2021-03-16,0,0,0,2,3,3,0,8,7,6,0,29,94,86,31,270,2,1,0,9,24,21,3,72,0,0,0,2,1,1,0,8
2021-03-17,0,0,0,2,3,2,0,8,6,5,0,21,89,81,29,256,1,1,0,8,22,20,2,74,0,0,0,1,1,1,0,7
2021-03-18,0,0,0,2,2,2,0,8,6,5,0,22,84,76,25,246,1,1,0,10,21,19,2,68,0,0,0,1,1,1,0,6
2021-03-19,0,0,0,1,2,2,0,8,6,5,0,30,80,72,22,243,2,1,0,8,20,18,3,63,0,0,0,1,1,1,0,6
2021-03-20,0,0,0,2,2,2,0,8,6,5,0,22,77,70,21,233,1,1,0,8,19,17,3,63,0,0,0,1,1,0,0,5
2021-03-21,0,0,0,2,2,1,0,7,5,5,0,25,73,66,20,223,1,1,0,8,18,16,2,64,0,0,0,1,1,0,0,5
2021-03-22,0,0,0,1,2,1,0,7,5,4,0,18,70,63,21,208,1,1,0,7,18,16,2,62,0,0,0,1,1,0,0,5
2021-03-23,0,0,0,2,1,1,0,6,5,4,0,20,67,61,15,210,1,1,0,7,17,15,1,57,0,0,0,1,1,0,0,5
2021-03-24,0,0,0,1,1,1,0,5,5,4,0,21,63,57,15,197,1,1,0,9,16,14,1,57,0,0,0,1,1,0,0,5
2021-03-25,0,0,0,1,1,1,0,5,5,4,0,21,61,54,13,193,1,1,0,7,15,14,1,53,0,0,0,2,1,0,0,4
2021-03-26,0,0,0,1,1,1,0,5,4,4,0,19,58,51,13,183,1,1,0,8,15,13,0,55,0,0,0,2,1,0,0,4
2021-03-27,0,0,0,1,1,1,0,5,4,4,0,21,56,49,12,180,1,1,0,5,14,12,0,50,0,0,0,1,0,0,0,4
2021-03-28,0,0,0,2,1,1,0,5,4,4,0,16,54,48,11,170,1,1,0,6,13,11,0,45,0,0,0,2,0,0,0,4
2021-03-29,0,0,0,2,1,1,0,5,4,3,0,17,52,46,11,171,1,1,0,7,12,11,0,47,0,0,0,2,0,0,0,4
2021-03-30,0,0,0,1,1,1,0,5,4,3,0,20,50,44,12,170,1,0,0,6,12,10,0,44,0,0,0,1,0,0,0,4
2021-03-31,0,0,0,2,1,1,0,4,4,3,0,20,48,42,10,170,1,0,0,5,11,10,0,40,0,0,0,1,0,0,0,3
2021-04-01,0,0,0,2,1,0,0,4,4,3,0,21,46,41,9,160,1,1,0,8,10,9,0,40,0,0,0,1,0,0,0,3
2021-04-02,0,0,0,1,1,0,0,5,3,3,0,17,45,39,7,162,1,0,0,6,10,9,0,38,0,0,0,1,0,0,0,3
2021-04-03,0,0,0,1,1,0,0,4,4,3,0,22,43,36,6,164,1,0,0,4,9,8,0,38,0,0,0,2,0,0,0,5
2021-04-04,0,0,0,2,1,0,0,5,3,3,0,14,42,36,6,164,1,0,0,5,9,8,0,35,0,0,0,1,0,0,0,5
2021-04-05,0,0,0,1,1,0,0,4,3,3,0,17,40,34,6,154,1,0,0,3,8,7,0,31,0,0,0,2,0,0,0,4
2021-04-06,0,0,0,1,0,0,0,4,3,2,0,16,39,33,8,152,1,0,0,4,8,7,0,28,0,0,0,1,0,0,0,3
2021-04-07,0,0,0,2,0,0,0,3,3,2,0,12,37,32,7,141,1,0,0,5,8,7,0,27,0,0,0,2,0,0,0,3
2021-04-08,0,0,0,1,0,0,0,3,3,2,0,16,36,31,7,142,0,0,0,4,7,6,0,27,0,0,0,1,0,0,0,3
2021-04-09,0,0,0,1,0,0,0,3,3,2,0,19,35,30,5,135,0,0,0,5,7,6,0,27,0,0,0,1,0,0,0,4
2021-04-10,0,0,0,1,0,0,0,4,3,2,0,10,34,28,5,129,0,0,0,4,7,6,0,25,0,0,0,1,0,0,0,3
2021-04-11,0,0,0,1,0,0,0,4,3,2,0,18,33,27,3,130,0,0,0,6,6,5,0,28,0,0,0,1,0,0,0,3
2021-04-12,0,0,0,1,0,0,0,4,2,2,0,13,32,27,3,129,0,0,0,4,6,5,0,25,0,0,0,1,0,0,0,3
2021-04-13,0,0,0,2,0,0,0,3,2,2,0,14,30,25,3,127,0,0,0,4,6,5,0,25,0,0,0,1,0,0,0,3
2021-04-14,0,0,0,1,0,0,0,3,2,2,0,11,30,25,2,123,0,0,0,4,5,4,0,26,0,0,0,1,0,0,0,3
2021-04-15,0,0,0,1,0,0,0,3,2,2,0,11,29,24,3,118,0,0,0,4,5,4,0,24,0,0,0,1,0,0,0,3
2021-04-16,0,0,0,1,0,0,0,3,2,2,0,15,28,23,3,113,0,0,0,4,5,4,0,23,0,0,0,1,0,0,0,3
2021-04-17,0,0,0,1,0,0,0,3,2,2,0,13,27,22,2,110,0,0,0,3,5,4,0,22,0,0,0,1,0,0,0,3
2021-04-18,0,0,0,2,0,0,0,3,2,1,0,15,26,21,2,109,0,0,0,3,5,4,0,19,0,0,0,1,0,0,0,3
2021-04-19,0,0,0,1,0,0,0,3,2,2,0,13,25,21,3,103,0,0,0,4,4,4,0,19,0,0,0,1,0,0,0,4
2021-04-20,0,0,0,1,0,0,0,3,2,1,0,11,24,19,3,102,0,0,0,3,4,3,0,19,0,0,0,1,0,0,0,4
2021-04-21,0,0,0,1,0,0,0,3,2,1,0,13,24,19,2,107,0,0,0,3,4,3,0,18,0,0,0,1,0,0,0,4
2021-04-22,0,0,0,1,0,0,0,3,2,1,0,16,23,18,2,105,0,0,0,4,4,3,0,17,0,0,0,1,0,0,0,4
2021-04-23,0,0,0,1,0,0,0,4,2,1,0,11,22,17,2,103,0,0,0,3,4,3,0,17,0,0,0,0,0,0,0,4
2021-04-24,0,0,0,1,0,0,0,3,2,1,0,11,21,17,2,101,0,0,0,3,4,3,0,18,0,0,0,1,0,0,0,3
2021-04-25,0,0,0,1,0,0,0,3,2,1,0,10,21,16,2,95,0,0,0,3,3,3,0,17,0,0,0,1,0,0,0,2
2021-04-26,0,0,0,1,0,0,0,3,2,1,0,11,20,15,2,89,0,0,0,3,3,3,0,17,0,0,0,1,0,0,0,2
2021-04-27,0,0,0,1,0,0,0,3,2,1,0,12,19,15,1,92,0,0,0,4,3,3,0,17,0,0,0,1,0,0,0,2
2021-04-28,0,0,0,1,0,0,0,3,1,1,0,11,19,14,1,88,0,0,0,3,3,2,0,18,0,0,0,1,0,0,0,2
2021-04-29,0,0,0,0,0,0,0,3,1,1,0,12,18,13,1,91,0,0,0,3,3,2,0,16,0,0,0,0,0,0,0,2
2021-04-30,0,0,0,0,0,0,0,3,1,1,0,8,17,13,0,86,0,0,0,2,3,2,0,16,0,0,0,1,0,0,0,2
