,A01,A02,A03,B05-09,C10-12,C13-15,C16,C17,C18,C19,C20,C21,C22,C23,C24,C25,C26,C27,C28,C29,C30,C31-32,C33,D35,E36,E37-39,F41-43,G45,G46,G47,H49,H50,H51,H52,H53,I55-56,J58,J59-60,J61,J62-63,K64,K65,K66,L68,M69-70,M71,M72,M73,M74-75,N77,N78,N79,N80-82,O84,P85,Q86,Q87-88,R90-92,R93,S94,S95,S96,T97-98
A01,1037.74112009094,58.051998790012,0,2.48120642452666,8440.54168545652,46.3548496193578,0,0,0,0.063507829442021,111.15844089829,4.73523687444309,14.1464197658427,0.144020979187972,0,0,0,0,0,0.419140631809994,0,0.386182756608146,0,4.96644449477588,0.672307490936533,4.11080066576212,43.28817818846,0,155.585355454818,27.1376169697586,7.25380338638017,0,0,11.011599883289,0,361.542175618102,0,0,0,0.873936275031053,0.006656369987024,0,0,0,86.4740263129136,5.93036274409583,3.32403302935446,0,0,0,0,0,123.753375384277,15.4867379099395,0,10.9488206275092,81.4127508289681,0.136156719608931,2.69126979123763,16.2410653301964,0,1.28483460268204,0
A02,8.18487517866835,0,0,0,0.412830538163561,0,312.410565015524,101.483297289819,0,0,5.7929036753347,0,0,4.16331960716337E-05,0,0,0,0,0,0,0,10.9795590491622,0,0,0,0,0.383095270334735,0,10.2401823523258,0,0,0,0,0,0,0.176422122150987,0,0,0,0,0,0,0,0.280218142551095,0,0.09071747115516,0.005277507455588,0.398506501763823,3.05779051781691E-07,0.511926136416451,0,0,22.5184536726044,0,0,0,0,0,0,0,0,1.0625395885878,0
A03,0,0,0,0,32.2871422438342,0,0,0,0,0,0.193787822933046,0,0,0,0,0,0,0,0,0,0,0.010397610285788,0,0,0,0,0,0,4.80610224520666,0,0,0,0,0,0,110.273474085202,0,0,0,0,0,0,0,0,0,0,0,0,0,0,0,0,0,0,0,0,0,0,0,0,0,0,0
B05-09,2.83627147580454,0,0,200.522308655367,62.3512185857548,1.74922176513189,0,8.47412610721997,0,10959.8390658533,572.214439798314,0,0.000258235879537,403.052021141619,1184.84996993269,0.306318514753857,16.073755584876,17.0024883268069,0,0,0,259.28644923888,0,46.0935776589496,0,0,459.386345688976,0,221.430723187156,0,4.32319522379369E-05,0,0,0.003912852144195,0,0,0.000403953885098,0,3.02597445725745E-05,3.31188952938068,0,0.367414351459737,0.008414301593194,18.3294404098359,0.339697152997154,0.007755808133052,0.046490579383438,0,0.00141153593225,0.194132339245842,0,0,14.4462533448139,5.93142728596568,0,1.12241399362394,0,4.08855293170551,0.134484918875156,1.42922265994072,0,0,0
C10-12,2152.12069562949,0.198497684243004,0.028090786523892,0.141178803379776,9388.43003672842,10.3230834849443,1.62660101658898,41.0040982777748,1.29734015688828,98.9148611315941,623.942732465394,6.44511866057937,3.43769711552342,1.05627126353747,1.26718621940271,16.8452271439243,0.067683406161395,0.598140104396925,3.31567651576648,3.314089498541,0.027584236947322,3.12582439382135,2.39102031282793,21.3148161947178,0.035245408683626,43.2336127740178,38.6966293227743,4.99612359907887,713.740114129815,15.5374217059767,12.0044605070383,0.128058785737273,1.41143098577001,77.4149665392815,1.01128457306156,3619.81095075703,3.61103738057405,15.2708661618161,6.56308436422028,14.8375223866208,4.16445281750903,0.919908618053268,4.84113501029251,0.25857950387023,158.601255604647,18.0212879656492,6.60132412196253,8.62905967929764,6.37886785878707,18.45304694052,2.27654047756757,1.48297437237196,46.7806229360342,217.165951011139,43.329694882772,323.469064614526,352.889711110349,30.1328866359241,82.7367583000188,6.5920118996234,1.78554162797249,15.799759708663,0
C13-15,5.34527253843643,0,7.64647727488528,1.69481523183232,11.3114635207904,1193.5920762027,0.123347672530896,65.7824709432475,0.34880937201563,1.65013599853051,34.8284743379458,1.48757671858496,27.5009390049008,10.5596425266318,1.26790777842628,6.56537348620611,0.260640667535788,0.833690094252299,2.51180298062994,121.039335727529,1.35544083090783,168.230447445723,26.6077952091894,0.00018507015487,0.39142588687655,5.11482235143481,204.512787052363,37.4673371155049,86.5385861371361,18.0331360354318,3.65967957543699,0,0.468607767418793,5.56008939502104,0.352491647271388,26.2747127189405,3.13276421667095E-05,0.305610255048873,1.76844558104299,0.222822586270995,0.005942577705456,0,0.00199360676017,7.09736548779712,4.77386839094989,11.1468912238035,4.67873439327702,2.44496859514504,10.4669806684378,3.76090259443816,1.19891504860961,0,37.1744504771335,30.2938266782291,2.03201171300411,60.769329235988,21.9697045249177,0.521724981459702,8.77322604165965,0,7.01768367751632,37.4634029868742,0
C16,8.71876250412432,0,0,4.38122880554195,84.2448637595814,1.43168223437542,701.756958795417,38.2346156066529,1.71095428689558,3.57625757647806,34.1728769669009,0,15.5306302002456,38.6538910778498,12.6288690428016,20.8180112618601,1.16988995377511,8.4545261992534,39.4706789611429,6.57407290334948,1.71111749843668,261.223928842577,5.75641364554787,138.493434338786,0,2.29562983554558,1153.50986553418,5.6457208134992,48.5843385615808,0.802828533411028,17.5584717633824,0,0,7.90856335176065,0,0,0.000130556852529,0.871148190102333,9.73823541713951E-06,0.008750530983861,0.020214033477568,0,0,80.6458602360814,15.5169539061077,4.73311154303148,4.0196003656515,0.804663377844524,3.42111978701193,2.73075776675154,0,0,30.2660459909179,4.40128776990097,0,0,0.183590499613751,0,0,1.4203195399412,2.86177737355347,20.4848396912236,0
C17,3.09430471005473,1.4460589474348E-06,0.000361404397095,0.294875905756483,772.970921717338,17.2417980544886,66.7800970162834,860.818646791395,718.982482658126,3.19799947145852,122.621355803857,60.6697045358923,108.158936873097,73.6710151424271,19.8513693105321,14.7083397238212,5.48252760113341,21.0341288243377,5.79280965917502,14.6644099320362,0.67816785706177,67.0691317715785,2.91637531788131,0.60648566860003,0.492078877967571,6.08727297469042,13.2431425250023,9.51901701583781,294.557530294773,70.5164332870485,7.18941630911513,0.093986470658167,0.604748301677899,225.650859228745,2.07709304190439,39.1110292735066,55.5180925885095,0.713278142011963,1.5173973753406,3.56591009601287,14.3307928324105,3.47510140561422,18.3106839243723,12.4783375864655,40.7588259500187,16.4121206489824,9.97011069445278,5.76391564622656,5.72769921652456,4.29848358069861,2.3332762492861,2.34852832499617,124.956158567388,67.8133821694232,10.3178598781199,101.107823178547,14.0277457083484,4.76562839890173,3.7252116083988,7.64020261395294,0.284034524918116,7.22866411293005,0
C18,1.78700880413227,0,0,0.58825989373141,68.6149971744197,7.87070326934795,6.79849413143928,4.48233055340453,268.533939800142,0.508709288478949,17.9420838893274,8.86474163261061,0.36127332258409,4.24305210904847,3.26436144458089E-09,1.62425468769435,0.473138899468302,1.76330248695159,1.97563624803554,0.651643715723357,0.206753607230739,8.30402255652294,0.662966521046172,0.008207026883393,0,0,20.358590236219,79.6311059112267,219.125312276072,323.527265563581,2.09209261596288,0,0,0.25395329261972,2.93771650409739,13.7008970509855,438.12652009695,43.5038929976212,10.3731727295003,9.3823440833555,21.2909798460958,0.978270170566507,39.8717521884808,3.80617194489049,130.531946591354,4.85270066744255,7.95969855001872,143.799414942041,19.271253836041,13.8804360965903,0.886310940870385,5.17404163133378,126.373109597125,202.516649070851,44.8613097621752,10.1281990960591,7.34830325933655,10.3217781893006,12.9416704598614,39.996358612285,2.42547530354601,12.0772129843876,0
C19,205.748613528022,78.4029960154366,19.1109871561066,35.8421729796688,50.7662940113529,8.51108538669547,10.6456297713325,21.9947573823508,2.68698352336872,4388.41220309165,4696.88148667542,5.61347478623899,26.3162823166619,139.574865436195,95.2572803669496,22.1471060117962,2.30303450704446,10.1799682662957,14.0345757920522,10.421302606948,0.630480408590149,58.2975314778288,21.6204565303521,12.4894744443601,0.801864684268786,56.9455145022746,352.726004816095,90.8450942686591,405.701235468755,43.6621635200529,629.519032150625,305.928093239429,921.238856487424,114.321453656293,14.4012609945279,60.4979986943398,5.7676438323055,4.35025537744255,11.5049806422604,46.1707232178678,27.1371128586365,6.79559944973282,55.8787847451263,36.1905351057246,74.5534964605486,77.2226253483179,12.2372618889562,3.80275244602422,3.40145530417232,184.062934915611,3.16622859005538,2.48691578685023,106.848901203628,241.746611352072,30.865317654922,113.070967488192,62.4175171234897,6.89756903958557,5.34414206168507,6.23901620956135,4.86409717568092,19.4460220301481,0
C20,473.946347311358,15.203483224904,0,46.9894599352873,852.335620372305,758.75930655702,193.04848139525,638.958022886626,158.977103738619,1028.25801007565,11718.15132335,214.944025382761,2618.63842971267,347.870827045073,288.048520032147,133.771908474634,40.4042682797455,126.605038020507,50.6524533049452,119.562098458339,8.40217313868159,167.417630192005,22.439514602996,204.204298380045,16.9507805082671,63.677183322194,340.942067720021,67.3578936287403,440.695608704996,21.8699156805483,2.60339410278181,0,0.870010062123646,63.3807465477228,0.05505398734095,16.0520246987596,2.8552547483994,0,5.57325679078163E-05,1.19913530996461,0.000479031429679,0,0.000374393227358,46.4461255430944,25.3243193023081,34.0267188548227,145.948784815952,0.780763348585341,31.2794014436248,8.76621012293078,0,0,125.891756102427,40.6331246535464,21.3604241335662,493.578050382595,49.6907599893166,0.790555815758055,6.43864858801147,0.320314138600388,2.44452184651341,77.4796864994629,0
C21,76.0296790739164,0,0,0.004291401089512,242.393917699324,0.265852929391447,0,0,0,0.308363773820847,106.576830555847,1172.44221778618,0.644884720563737,0,0,0,0,0,0,0.926672261501497,0,0.244123015829599,0,0.001809840264821,0,0.472818947778987,0.001577566678527,0.44545740997845,89.7560549842185,0.351600652435485,1.67670802534356E-05,0,0,0.040839261244431,0,0,0.000156669473838,0,1.17359392632655E-05,0.005470479930144,0,0,0,0,0.429983208659024,18.0894489528837,172.329466232527,0,118.868472949355,2.85709286563276,0,0,0.177924069605034,7.89605734541391,203.138050468012,3213.98297383319,66.1033930783173,1.79957569858395,0,0,0,0,0
C22,11.1648391485303,0,0,6.63198128927837,881.545741627657,43.217087517122,32.0949735333234,218.729708151475,131.062703549143,12.8382942262615,399.913611679328,35.6502919810373,612.083594383761,111.041802144708,115.14430538616,57.9935228746664,29.1083431280843,76.1089021055981,156.888286099193,502.317157514395,22.8937453590192,185.325100969469,46.112472308119,0.007227283538784,0,21.3613749039002,1477.29630833425,221.426576943227,177.178809570906,21.6919425463301,38.1530280478602,0,0,29.0222775905761,0,80.6720569713517,3.91946974957943,0.082260688010855,3.2901830618349E-06,0.568933807030977,2.09780474451454,0.670708480479793,2.50264735045315,55.3876811985743,15.7580130852708,8.73737769949859,30.2818514515254,1.3138383448123,1.71862771910607,3.02052223943885,0.365448410889826,0.68447691524791,67.0591161592686,49.9123607307252,0.863674949472891,30.8415017146336,21.7900299312487,0.314686809175045,1.99896969238792,0.218957584181663,16.7252166544628,33.0014434709222,0
C23,7.41044299505057,0,0,15.275570293437,151.062515079603,3.39900519590685,3.26348263165286,0,0,3.21207969217858,25.2367577547756,54.7657685583798,39.1309588929902,756.932344107075,113.879954180931,26.9995774897578,8.91475030867935,22.389366493954,4.84948330066057,116.798787202971,0,15.2179723975933,0.435184410013319,0,0,7.79188101362542,3583.79342308673,173.361541968987,77.473012362496,0.17738709649132,7.59365415831473E-06,0,0,0.000250437371829,0,10.0542109663474,7.09541424930311E-05,0,5.31509735989748E-06,0.011413615481419,0.000160252309269,0,0,141.438885035972,0.154574577046831,5.3188403448639,2.13688076748753,0,10.7133844904566,1.99952857177503,0,0,154.556094120246,4.56577419778129,0,1.41559080340785,0.242707989941803,0,0,0,0,6.90305159904217,0
C24,7.6654152539819E-05,0,0,14.4475712640079,10.0542802333059,0.000359731479066,9.74131352332631,0,0,6.73311340004485,218.367984136463,0,31.6291342554047,168.643068961829,7531.4746157078,1614.41438388627,122.14528603804,523.121764831972,841.924667237446,145.252109776587,16.7875420585139,87.9887157189026,67.9762451628171,4.03829233179113E-05,0,0.193572820780968,1023.79829549253,11.4774156163626,46.8937655940982,2.51361192648941,2.27312966706529E-06,0,0,0.00100619302674,0,0,2.12398356495447E-05,0,1.59105290288921E-06,0.015491988457249,0,0,0,20.2269686811443,0.023415882751139,0.002916229054772,0.013576518658908,0,0.056955634593817,0.563495042571408,0,0,5.87018185306274,22.6262337026458,0,0,0,0,0,0,0,0,0
C25,8.98336917368482,0,2.92768281121388,11.6117624421625,242.521232301316,23.1290455752119,27.889576373188,19.1155775868127,8.61656405778101,45.9738208085867,230.542821542943,2.2650771069994,29.6784519027502,98.5448001799972,325.405607054147,1420.32877467465,96.1672185948006,61.3699563084689,371.736389877426,479.268073921688,43.0223093967707,76.6110592123125,421.970508569408,0.000595334967805,18.5694890035698,5.57966959936215,2172.61965855203,121.069728590726,62.5697543088225,17.6151062397798,16.5616144802155,0,0,0.814599643920229,1.7788457516584,43.4110008149774,0.000226912896866,0.041734015745731,7.69183168624593,0.292751867277271,8.67766658388473,0.805189064252888,8.94566059378458,100.752783766464,0.661154033766056,20.8913448571384,13.839494317964,4.18940896334642,7.47515678308337,1.51335289409577,0,0,65.6731160924241,151.282787436436,3.06219202587405,19.1400001407357,2.94271759436484,3.80648960472284,0.096929416240133,0,9.92419731834849,5.00625161488581,0
C26,0.99948380543109,0,0,0.034666754663288,0.233347483460712,0,0,0,0.000715364173189,8.96601680948267,49.379347480987,23.9274781881292,0.008024382970315,0.003607766357817,4.99468833473108E-09,3.34100321521116,691.604603441819,145.485547829072,121.146454512226,503.821827679678,12.2445288041871,0.45024709120001,246.17467228399,0,0,0,163.654232655545,140.970139297239,156.47212320157,3.39499661389875,1.16155284278136,0,0.610507578782157,0.418639313117348,0.360030570644163,0,0.470445392814822,3.48423072819921,334.106642731036,212.197988282528,29.7620644887777,8.4905219155805,62.8007802088967,5.02489493303791,2.15529608174815,26.2524646468234,19.4111957376849,7.37672977505862E-09,1.95939212181967,0.62963200277063,0,0,4.02418821663203,58.5824293642538,5.76421234453106,28.3966939322752,3.55717653103975,1.08552118125966,0,0,48.3235583002824,0.118244508539249,0
C27,4.35118655902675,0,0.946030097371854,0.041396088887952,0.102277051046224,2.98920322111571,0,0,3.9253482972406,5.9511961331473,26.6948892926606,0,0.003701761271584,0,8.39030307330614,6.8112756235439,92.8018649825258,494.284810170136,323.720306623628,365.510746572613,1.50733688664952,93.4133657729866,404.374274272488,0.484908977131276,0,0.358521835805603,1028.93616865429,67.6161746789837,51.1471470417917,0.924400301862931,4.27854642586813,0,0,0.204384388391942,0,0,0.028102065826702,0,40.4119758240361,16.4823217511835,0,0,0,20.1465531740129,0.232013866047624,15.3890910648929,1.13926712504559,0,1.32452801552035,0.007182891191904,0,0,2.18950497963854,19.2747414500548,0,0.489342308523778,0.487854979598064,0.528158796478,0.066715653600046,0,3.04205982520054,0.886421981486605,0
C28,22.2523769795384,86.901444376023,1.12021482722922,3.81927152818587,0.245323255922874,0.261395404620249,0,6.47206886549493,0,29.0530609163683,177.232570528939,1.49769949889307,2.00287119715223,0.347411799737218,17.0803406776749,98.1276685604075,21.6655829802404,0.460747594988474,2167.88604709747,524.414747356273,4.19451970857901,4.10521154870384,415.737300489337,0,0,7.14679334585121,741.509517236116,85.4230141711799,86.9202735448568,14.5366181506952,15.2116649719278,0,0,85.3812218341559,1.96078960131938,0,0.000581472110773,0.814424905497736,1.74839578767346,0.049090258307542,0.036082014690591,1.28222225485141,0.040240583433109,13.7441295677788,27.3806664020944,9.32220972136895,96.4604105744582,0,0.002033463394562,17.667583035417,0,0,22.0001850071384,30.112218539527,0,39.9489914217751,0.119530107635839,0,0,5.96497039289911,0.336207902785494,2.5742253478763,0
C29,1.48280704596455,0,0,0.001613847562027,0.005711156561348,0,0,0,0,0.106184480961297,4.35359270705586,0,3.03434686560321E-05,0,0,0.844713697988059,0,0,7.82143863636508,7150.50024157879,16.5573833512686,0.006723167819146,0.090404246597619,0,0,4.66971304439742,6.12033698194908,299.325954926926,0.83094182306362,0.305806357524433,119.285578222676,0,0,2.11671573550064,0,0,8.11258953529666E-07,0,6.07705226304753E-08,3.62833101261845E-05,0.244591988378375,0,0,0,0.00115404381038,7.04326350214198E-05,8.38945396294794,0,0.242907803623335,143.981257769417,0,0,8.56348842409116E-06,11.8674761471322,0,14.3364490821453,0.266388982003833,0,0,5.09304208789693,0,0,0
C30,0,0,1.61803443185918,0,0.012964827865139,0,0,0,0,0.118137943919484,0.417196458117334,0,0.000219225279053,0,0,0.599960023317091,0,0,0,5.81950220701378,483.047690178042,0.022766295344699,291.564071724611,0,0,0,2.32431455353935,0,10.4569942334973,0.033832368684957,62.0626212047859,0,61.2461409387173,6.71318472404317,0,0,0,0,0,0.000214543104419,0,0,0,0,0.003772185620583,0.000468925788156,4.09289812204062E-05,0,1.79650194214847,0,0,0,6.16993086427311E-06,72.9239580819843,0,0.891770476093929,0,0,0,0,0,0,0
C31-32,1.04516765946321,0,0,1.76751950785404,0.83513230372579,3.59127647524,0,0,3.55015906879838E-05,0.830921614369047,16.3151424168878,24.8101771641604,7.21712545655452,2.75511156328606,2.93025235756885,5.15650478781573,21.6001195362216,0,6.15435389373536,123.247901656781,2.6258647662084,137.329553906616,12.0151546541575,0,0,3.07593484960735,142.549247670853,1.2601390650138,84.2370350698763,18.3054462960232,26.2499984781574,0,0,15.8852162237384,0,4.18765697698317,2.97514406795456,0,0.075191870139617,0.320114182338482,1.48156164643015,0.646855679357047,0.883707435849483,1.11505590028492,4.66918311531425,5.09332539266147,15.1588868232033,1.85325207892954,23.4205509442988,6.9795406762691,0.048495577543398,0,17.2585172985321,6.31703771616238,3.22371660954215,704.204241663907,67.6867833317178,1.95900902319975,55.4417867972609,0,0.886682148724586,19.7175944348512,0
C33,213.747262019048,10.5942459737601,8.72738651480734,37.1060263581585,252.413416905684,77.8363732529749,110.696864649951,191.821983977808,47.9651970635583,35.7740123068386,141.698603708728,40.2419899945973,67.4055063920154,93.9093339059761,407.256719559903,124.728674854337,33.2684226078326,31.4810489839313,117.757955869051,67.0578819703283,126.706988939303,56.8604248215159,455.11167337403,161.684921755603,52.3900313313258,277.865280617388,187.940103544801,21.6812484615256,143.691061676635,172.55108108423,193.133259362614,114.515726300275,391.162207239524,151.059739834148,22.7541711480527,78.4733698233751,4.02332504322679,23.4678427494762,123.652335325601,27.4203428245405,7.11416376778571,0,9.07915095414638,32.5886789053913,221.692814620878,65.637379931773,270.90729757902,0,17.4774058366098,228.321867460584,0,2.61391777429546,165.040946870878,134.363362954927,17.8413952659263,162.802950367924,74.9943644687467,45.1367810020717,50.5781784386791,10.0746984032519,2.62048203847076,41.9325839194843,0
D35,208.364695398402,0,0,60.3470489622069,557.540898297224,96.5332640101192,64.3457193774888,122.430508928474,64.3177116903869,187.846573924109,1202.12875689802,41.0735819179793,89.5800542266661,237.346715802845,876.41773048091,64.1541259719812,19.6438206455009,33.0784527968488,64.5835002850246,65.1740738339698,13.2714481064164,38.6252383342399,23.5554440829549,2127.88334962904,1.46127344704972,163.325204049903,131.976161077114,49.7854584822231,105.242298802527,410.742205895112,239.816212735113,0.008430520472656,1.6442959750037,181.141577382674,13.3904603909247,191.131265916768,1.0636833016061,16.2557343075585,98.2413137020813,121.470906388884,72.2565348986243,8.34117689843754,113.589995433264,154.138764354228,158.069924513574,43.2814649303068,210.481163529481,11.5802560944936,12.6677680380431,15.2811598640724,7.91947805920524,1.02494125045486,74.834989640692,105.593067286278,42.8793883381731,133.65330892618,250.153267320515,46.1105860189072,61.6299511590474,16.8659313033425,2.5947483237819,66.4255696355099,0
E36,6.06201230662151,0,0,0.307571864962726,23.2029347779746,3.56955776313894,1.63991009586093,1.70348284420228,1.60698436928408,12.4469135648441,23.2208213691344,3.93070266797931,3.52415588282643,5.45260858710489,60.7853026772637,4.53484826792358,0.976558552862155,0.637408428782175,0.900070534670273,2.79594550723755,0.380014924188415,0.992742804294322,2.15292329452674,4.79171532433961,12.6070141530516,11.2462167257413,11.6213593983024,2.52717083501004,14.8008667165116,11.6088844300679,8.44040646832824,1.23838921912964E-05,0,10.8325306367954,1.01847169249275,29.448823663359,0.548285121445245,0.632646943146333,0.997110448465955,2.692100910989,4.03072022521701,0.588315274303114,4.67674074793492,46.9597337294087,9.31514253760702,2.01386903492966,15.4659101518186,0.327272059413432,3.92705240874561,1.90575441671313,1.37812820927546,0,4.69886634191514,19.422830513935,5.53306892280976,24.6011466188821,36.1631288232838,3.09015697580732,14.2286165100242,7.26512737505718,0.163507315637863,4.43148351805475,0
E37-39,5.88429334366334,2.31665354351939,0.972689136612734,15.6659003011025,85.2242612407319,18.6978472007123,164.181055313056,297.88753773852,7.96219846736473,40.7103648028907,293.599358770532,25.4882552730636,74.1660678769097,76.9989212502883,2018.80528112869,387.712553112963,4.96265279388878,3.33349148065373,6.34542557809036,9.67491551793261,260.186168033299,4.88711461703431,230.539419191853,20.2233054171498,675.677182463449,3943.91957364499,306.737777510682,4.25647919657321,122.609701165518,39.9941299777998,24.3656648948817,8.29029491524124,2.32268860693184,41.7010808209285,16.4913549499374,56.8714545730967,0.982925066399442,4.19715987411955,2.99304620795311,5.42606756937828,0.00857824111989,0,2.94208356363255,23.355291787998,6.4275341170427,12.9971074091543,121.186170126338,0.076953951714012,10.8153080753301,19.5660926718515,1.86244377363976,0.864983990219814,134.530908063344,494.719097348601,9.11911780986431,26.0036713160155,21.4241382823736,1.2693144626843,2.70183169043863,0.391848085811514,0.241795508606207,3.52578436693203,0
F41-43,98.8953904025277,0,0,23.0970976068218,99.8615918448454,9.28173096005303,8.49721699444846,25.7231952297373,12.761367531961,26.1532135526397,199.619096946412,102.979789813981,15.5598563106213,45.1068807488939,35.0756469481318,89.7827549958395,6.3851184473652,13.5045207845582,18.6568996772708,46.4439690953217,5.83491327079485,11.9501128084223,644.969388810301,1005.53228054546,10.4176990816608,215.688799845302,22005.6207731246,48.7665850044465,200.495177974193,270.432667764621,126.720013080617,0.379218918850522,0.529494657590086,306.160345050609,0,106.989751512496,10.5456606902859,8.95952525051935,22.4906988833683,59.9547920698137,0.164221489819119,0,12.1854140427255,763.204193143108,132.958854002867,194.14410525503,162.519901479941,1.76721313527979,16.2278562133058,399.207893316452,16.4120882283,27.3365596445143,51.4708594619608,281.438984076615,102.24892751696,115.390043642922,149.825545587641,37.2612573937859,45.2527642777525,63.7486562139415,5.58649555695772,147.640674571176,0
G45,19.4016400354916,0,0,2.12471308359275,22.8988957556449,3.56441735891695,4.30219676920005,0.765581501419991,2.29839443300581,0.374067828791805,3.15875223968371,3.42918852149261E-08,19.8396216985481,16.550518673412,8.56919338107795,21.6130949806803,0.138788406487674,3.42939967072699,25.2046829023526,395.250257444601,5.05127972827067,6.6146086613363,18.4168543376346,0.000133504148768,1.71987496655435,46.3473109463158,242.531725970924,92.8527222729264,145.793363599536,45.9036308912314,304.465037113304,4.66849602217124,0,88.3891560456259,13.4021374020683,11.102213553751,3.2369749460567,3.27180661336214,11.9951695122371,34.1452798480734,3.34799779045009,3.85493835875866,9.86737990428749,23.8210562616273,168.087370360075,42.2866297640999,5.63666296462949,2.54529575777642,3.89682049274786,751.297765762237,4.14274730747313,1.64638262735898,93.3941466360468,67.2795433011517,26.4363788938352,116.669344671059,20.395344037142,7.19818085888384,7.04424905588558,2.66174108081143,3.59075034701649,19.2873589623672,0
G46,806.370053794933,55.2550983416428,9.74602187016199,30.3627712548459,2624.79948701929,403.186404804189,168.504353933515,211.418417258627,233.690782011791,233.274291671196,1562.81271644627,190.622997050707,400.986916488986,367.015792431431,815.012402366989,336.529787980664,232.586532518782,233.307038189366,508.737243094166,180.266999910086,40.3717779089937,316.603552282243,410.656590487431,58.8428086785365,14.7649163889404,232.971579725685,3442.74546949011,296.131668174394,5113.88047445165,258.97338034404,103.793703471232,3.60880220048957,9.71730494874666,169.290255589562,10.3438526615411,1205.76418670756,36.4309255248933,24.194801559673,256.641768409557,63.5801014158717,39.4639618024414,12.4262187798272,92.4264465044967,224.111160147604,193.277870593084,62.8174819385306,125.621250515087,44.7008116672791,120.482973479047,60.0282085268777,4.83105222775931,3.83230928915516,252.075607843733,213.843640355912,116.222159213209,1282.52928673819,245.81333570731,19.4919163707377,60.3907993242165,14.6347911293404,30.7464120760047,86.7517687775325,0
G47,0,0,0,0,0,0,0,0,0,0,0,0,0,0,0,0,0,0,0,0,0,0,0,0,0,0,0,0,0,0,0,0,0,0,0,0,0,0,0,0,0,0,0,0,0,0,0,0,0,0,0,0,0,0,0,0,0,0,0,0,0,0,0
H49,80.0888235509044,0,0,90.4475282562719,1156.82698544711,125.737561721823,157.339632907929,295.252349421322,20.8205613100712,54.1439539441535,394.50233303672,84.4421097672683,211.57557431994,450.761435036612,487.578590801958,198.311503138296,5.09579812484512,69.5375274770699,112.886663906024,107.381380204737,9.3019698804316,91.1478014370142,94.4621526681976,538.223655834474,2.42101968493073,251.388821413427,480.946968585646,598.007521370384,2490.77413544532,587.030036568841,3602.75723014944,0.640036958479562,6.56275360636937,921.584483292787,481.01355369979,26.7527565812422,72.6598353344649,26.0890405964619,14.4287125241316,85.4748820388697,30.0278852735951,7.45372772684942,45.5593710915844,10.3114424926855,134.899632745186,89.8950967458427,47.1832312055435,14.1902424399728,34.9111267036125,187.520006145783,1.21011284182881,15.2558227693419,93.4218218363886,164.082923032823,64.0058423350298,158.894340728699,148.954434755104,39.9133094160995,9.48777206495609,20.6995167810426,6.66391662510485,138.494213256072,0
H50,0.042613519371041,0,0,0.356531405615344,98.5507307862843,13.4898973581803,7.31137847995145,11.0260545418807,0.351310392610133,50.7221291438127,97.3118985140161,0,14.837122820121,34.0141765531723,155.977741866431,66.1370746265525,2.62714947741745,0.613316290970858,12.4248724394148,21.2864211814959,1.56114643629203,1.97442820930048,6.65568619885812,0.022449644644798,0,27.1899409676565,41.1223843002487,366.722190415618,330.413796773807,4.18602331360841,5.43683034138279E-05,756.786889995741,0.527470469575724,6.01532734679733,0,0,0,0,0,0.139375942184524,0,0,0,0,4.22809426891637,0.291934459640264,0.998968931005186,0,0.004957422684352,1.90673330337772,0,0,0.503644732313745,0,0,0,0,0,0,0,0,0,0
H51,0.100008729320932,0,0,1.16500932140684,16.0161756542359,12.4512396537437,0.606429563822926,5.29656140261785,12.0491435620469,1.12103753531276,16.6826191554422,47.8779163690483,10.750077934037,5.16124351894457,8.83091087350969,3.43901411859097,13.3161605476415,6.30346495842037,20.5366294871318,9.96964325588434,9.69308910916521,6.3392330238665,9.84822123048042,0.000555855267071,0,0.456960781736998,58.7222114688667,23.4438086035785,284.936753477236,252.551926802582,4.25151872779108,13.7975477324312,254.051638933211,1037.4320446884,168.3239574064,9.38675888212046,1.83828626467558,13.1331480018666,13.9740442716637,84.7828092481365,33.5290913245442,12.8678931892201,157.574599119093,4.84128700203185,179.091645914962,121.133624977883,128.358578078601,21.4415513829712,6.54431350442903,39.3588572839507,0,804.120108701251,4.21461072958979,65.392607467248,102.03835251562,0,0.38311383457965,80.9377307665887,38.1482748511191,81.3557749072825,0,0,0
H52,5.95021371396114,0,8.18269288060481,11.9897737792983,211.460313133098,0.779987191909342,8.14168349379278,12.8024472277293,0.663919198404453,84.8041455748218,363.743827947013,16.8824411652462,9.54322151533533,26.7777781683721,115.301864192844,23.0573500419736,3.15366950079117,3.25191730708787,20.5979104348054,33.0246808936805,0.375905325111225,6.95719990561056,14.0473366511887,0.004101030446934,0,2.44333870007494,111.736657734092,438.345549596548,2088.98979920548,569.805690389006,4515.24708526206,561.525509456151,735.630170445492,6664.27272017262,309.943261549565,0.916927448039481,18.4081678087629,0.070271420702335,0.002260114503264,33.6476359018394,0.227213956219236,0,1.69609417216911,4.29382944651165,105.033027166101,25.4573623473112,10.6580941772772,24.5267703069643,6.44398246782393,131.163238204563,0.135776201465963,1.88937393705032,51.1108587285906,1.81190730025278,12.55511275923,11.9715669245505,3.02759508109992,0.097205758050213,0.085015281517979,0,0,0,0
H53,0.776015953711112,0,0,0.130176886731799,18.4481611432342,9.13189241720957,1.30023151418007,0.000264081113103,16.9062615528472,0.199235335400579,6.54268632107471,0.251607667266924,9.70253760373172,1.90003010756657,9.17676727514892,3.79272666144013,0.034243332944486,1.60104041948154,11.576160172734,3.97969549330826,0.829361905080498,1.62861136146144,3.82126246945625,26.9903200934536,13.4433186374013,2.78606638466963,22.9647961595237,29.8774504312459,371.458216503775,126.071175155101,21.0398757042678,0.002427448793119,1.52949554089203,133.091286238286,262.168661750131,10.1717609869578,193.103262407452,16.5972608581538,142.021364130247,37.6628485430628,59.3619727398642,23.1054817039394,136.741509098471,40.4428960368842,347.887796232286,44.0565905464203,28.5782019910424,28.9331981322047,40.9879242541165,11.2263453190575,37.3685540668377,12.4596721599638,184.951576898548,655.395197720237,35.7289800545477,149.184050249126,54.1278020828204,22.4250819794719,16.3626340694023,54.0071661418688,4.16299105259828,3.26831434739753,0
I55-56,6.35143497940549,0,0,1.23407974146916,27.2074515022771,12.0187366741872,3.47423950291256,2.07433074968778,3.74327097394563,17.9802425200206,22.3861839117905,11.1419498219484,13.7118898232253,14.3550842615149,8.32461614543504,19.2468848998741,7.65952879513062,9.23538758231919,25.4793727026633,12.0181862168586,1.67248113630832,8.96797851645026,17.7847748401191,13.5778333521279,0.375727277520008,4.33323907956068,72.0062352770288,24.0641201989506,382.11784580192,94.7274324500108,18.7595544368677,4.14571470792823,191.593231015682,496.401721011637,5.79583469791745,69.2667540676424,13.6085833369604,126.52290937545,11.569989445655,132.700997426567,122.624128304296,17.9567453358752,401.51153991208,26.7191211170017,264.926756542042,122.592062564255,133.470021557683,12.2959115469913,11.3555216815447,22.64478894252,21.3981915172097,1087.85999606378,118.117656662966,116.818863979723,282.139983722769,404.134226051526,119.915215958484,128.201288349888,91.1638835031423,211.781532462233,1.19513603618257,62.164543323295,0
J58,1.34296548310433,0,0,0.323054653991838,78.5835634630627,4.00771524486389,3.07647742939492,3.104762873177,0.036538772233749,19.1518333735056,23.3648732289522,18.8334209812857,9.51653925074924,4.81712793236736,12.5691577346687,29.3878111918214,4.14772868969771,16.0316156067572,6.3449216857541,13.1184396368735,2.08477580710877,6.75245437226094,14.1328182299352,7.11932305624856,1.35135723386653,1.87649133830409,60.9737720081774,162.866736190872,365.705610855595,150.248752255698,11.8733874852261,0.032112922756842,8.4984806714111,44.0511460126333,3.39806502163915,34.6263658904006,299.035422367834,69.6112383572672,77.4765501258812,92.7464247801338,19.2979727890034,3.05088274707406,133.931114345293,18.2531825844613,103.042406348217,13.261654753527,43.9899899535896,565.407514396658,15.4732633546165,132.564485215846,10.2088592632508,18.4758146738139,103.431183168329,27.0219375744633,102.033664197208,14.7275722792972,23.3351735328353,26.3669983594178,12.3008324597876,18.11543307032,2.9236566627452,15.6910493836503,0
J59-60,0.174090877795104,0,0,0.000298631158801,134.083587503202,18.5266614599746,12.7120310269019,0.337368031301486,0.000160241508203,1.90073200107882,11.4657618714615,3.44938221161173,1.58182052717674,6.76633372296889,7.51306324716229E-08,6.88799741418685,0.739008146444535,1.68169680438545,3.01985577709986,3.11008695677762,0.396425805063544,20.3442954780902,0.620198385131071,0.002008719078397,0,0.530486198996104,22.8917009186286,185.985225158785,105.729441429102,106.818555293239,3.186845907861,0,8.03186386426254,0.466429225253432,2.13951916512263,18.801649146509,46.7283473504591,870.603417422292,111.505075672532,35.0861307925817,0.050488054844387,0,0.018490032582023,10.4182537854876,21.9703155226843,1.79767192769709,2.52124255273923,840.776232260461,8.36423135000055,14.5953816932932,4.77656721340562,5.80341837759726,22.2137997208739,4.06262119156055,21.7243843768289,0.157041010868163,1.90558080228443,45.4809110551152,2.79169184125352,0.588757012290056,0,3.25953178016949,0
J61,0.750437724027197,0,0,1.11089225435064,11.3670193582555,4.1965425705235,2.0258364378107,3.03296800891428,3.24243063076781,8.91363040433848,20.0401449898447,10.4822339156328,7.65982659128675,8.95467588050255,10.488623742709,15.0233692553222,1.81496859818448,4.86373566096494,9.30522512679955,1.0271846188988,1.15503888072844,4.60389151985299,12.5253755492266,30.5370041372849,1.38638010373688,20.9426457380851,95.6174551409883,52.2956793942009,173.353765965613,60.970404249674,63.0920898978649,1.19473683411556,9.21264239201902,58.6279134483655,7.98635292680069,51.8955534949597,10.0616432477332,63.0547020422039,2939.4643867017,387.035636732884,319.351626565908,55.951615804287,804.55037792628,70.5836513078045,281.940323256556,61.7270706438844,52.2686560400792,10.841331025213,9.05195528184106,35.0565231529821,15.701988082842,24.132690570487,60.1586555546762,123.652764523113,50.6543276909402,152.463548446531,59.9866738296335,32.6494892304093,11.206851181766,31.3127312383411,2.3896381580786,12.349280627956,0
J62-63,0.714843674725719,0,0,6.46102844336761,19.0566426716011,5.06945717283091,3.42668406032807E-08,15.2554107710624,0.016524624067927,39.4716468811237,61.2392880873699,18.0908012898111,1.71156013194255,4.92764908587796,31.7480400577135,53.864838259964,17.1044714263004,3.53036215758392,16.2536626720825,35.9445454674742,1.17305764959431,8.4059803201423,13.2283785412373,138.388587046796,2.95782194949979,5.47086755435213,45.1134773561406,19.7529786946715,372.532569515319,61.8635693772616,144.12665445986,0.33022787805144,7.73956240991819,116.211802230298,14.8334235291369,14.5774947774829,73.4496158361378,7.72910347775879,620.716015526919,4714.13697082266,689.083140994532,132.163828573074,811.235029314948,41.7390902947655,1262.47439708334,121.065604910872,140.651904239353,105.885413875411,22.1970942888641,127.371463549914,30.5150725033847,68.8539612390346,388.221760284826,421.103718328637,14.3800970041146,295.46969728512,11.0735109300529,96.8133213185063,4.01956901221518,47.8184674084805,1.25572638077308,0,0
K64,132.394619186078,5.07906947151434,1.00353886712752,19.1159530255293,302.160449352638,34.3879763177328,33.0435912374376,31.4264365771926,21.2144557114424,194.09692308797,213.563728420337,100.181896728903,42.9649390931399,47.6225983989264,129.459013984687,75.5986884530365,16.2253303366984,22.700716354524,74.2454071982054,81.4464782737531,11.5136235831426,25.831669413733,50.1837545682246,214.18171096978,6.36404151630565,76.8372111452965,548.72696256058,110.029642475493,320.898847661284,239.278547562783,131.586587329556,35.3997909080194,27.3989096815636,154.638942560243,25.0355936988585,173.317808877653,22.4221959855786,22.2771502657516,125.102182802542,180.114029791948,1315.88614980852,832.838834868268,1226.9568046271,1212.67762795657,1066.99206106247,89.872202798462,206.94882711632,48.7294526725819,27.858663956391,272.855260599602,55.3241754205907,23.6892738712605,127.089133853072,622.394164351262,8.2476687189795,292.921997472139,105.664941445168,117.398577543813,25.0555629349075,31.4756212910971,9.43012986956439,48.4003961338259,0
K65,41.5911050554076,10.9160089368622,0.620442502436567,14.1199344858351,75.240222225588,16.4173603969805,12.3924172974795,8.06974185564267,10.3359228886702,20.6866275760029,77.4137239938698,53.5101848871854,15.9695486397849,15.7081633413623,23.0075162302836,35.8252066700383,4.76506990572352,9.02557183059781,21.1098377856711,28.6051913148514,2.90435874181023,13.4769368750929,20.9489520127693,65.497054531278,4.64551593137292,30.520949588483,282.683901531078,53.4968761229301,222.937290558503,98.0774014390599,125.743858180406,16.6713231567496,17.1730553517483,42.8916001095518,25.2015944222723,56.5130421889303,3.75140581999368,6.21106433733517,14.9630096579347,47.8749417252747,42.0666242868319,525.616759710795,54.8535367571195,228.524001963042,203.059888614035,61.0359204561233,57.7071197115849,4.72418893736645,12.8469067644523,186.867805099713,5.5351556205926,8.72259948962324,53.7138533760262,19.962481543078,44.5052143079983,117.566484429197,29.3014099519844,11.4039257442093,10.8858433681527,6.41640908505,4.20512528387309,11.9434441545435,0
K66,22.2924879415272,1.83199087367404,0.590340361977091,40.7484239051908,220.369834207199,18.4550716258643,47.5502863198376,12.9392797718744,8.22909960117006,88.9737250126008,159.580624850735,12.1303273131287,14.7956850796871,33.4178949965982,62.3276939691542,35.7216841206513,4.09355002708428,12.9824130258686,53.9648079354642,5.10145742781414,3.30302561891264,8.99575038991884,13.7183913729778,533.507542879368,0,105.66529155342,257.87651170542,83.976790252236,337.233072352265,194.14659631389,84.3397089738662,58.1446433927893,5.09509935130102,143.124263393982,2.28199005442558,65.1010572756809,14.786949854079,9.75415364844845,191.379620329608,202.557473895588,1948.11602958531,2792.31207596299,1174.19468504329,624.516058173462,1650.54339104231,34.933702983411,51.7866191781447,28.3114613702073,10.228899175489,179.135647748052,19.9189174707936,12.8776820508242,79.2927244255988,0,2.4966244280644,148.882218073893,57.8223618297278,7.74639455298132,20.0593618955826,1.59621338648737,8.56360192051563,12.5675721962789,0
L68,16.3017104366082,0,0,1.6368890052322,113.019828379532,18.030257164676,4.65208832165413,15.9639615203446,18.1298310219192,1.55179453670595,7.0514786341067,6.20773491389218,12.1476929353594,12.558546453524,7.93931123737322,54.4625962560134,1.38615807884305,3.07352391726229,28.3028467364643,41.1020769149514,4.10260601090589,29.0652816847742,42.7166547734431,26.452774217934,2.56671080156673,69.1058499197367,651.168641258269,98.6342362835027,633.06003289704,1720.67121522125,124.69754676459,0.072306494337758,9.08369124784348,835.511834151481,42.0648648794047,732.05656718418,14.0055908333892,34.2479005692131,112.594258805973,192.140530510324,209.855146733546,51.4688018198378,435.60567820987,1532.67497252524,1178.36189372013,109.660756158953,311.758496495165,49.3761850737266,58.8119470306213,137.51659050466,60.7806674701836,57.6054326445431,268.614255337368,423.124180665341,230.785947339032,439.538455995081,300.65611732454,124.629774304055,149.099847439795,219.358733780306,16.6059300459939,65.8050632756304,0
M69-70,107.658233921827,3.28371291227241,1.31554053937121,58.5152480318278,634.320276185909,148.544924053407,81.6660076647965,56.3068054288739,86.6168782400107,193.11178537595,459.927518719082,2040.42617648578,195.386121266094,205.062474246526,206.683893709253,395.031586849347,51.0157461298174,32.5614798622264,168.364180079896,91.1813542475459,39.2312242462976,73.7956727748625,343.14939165944,727.509447437597,8.06084383632606,225.383453040795,1392.41282179196,885.913158922421,7174.4741115076,1827.54684703047,194.508060499363,103.372011771177,122.246689161751,1722.85290975776,64.8252000973946,802.358614935379,246.943910610285,236.079056169197,126.438294833807,1034.58781822925,1509.60903051382,763.296888541375,2085.67895581907,582.3601473879,11794.113689002,1038.4624953683,930.202547907247,814.819824443445,171.686278946035,1284.00761437878,454.35202269631,313.230277824571,876.103636895027,1317.52193333661,125.419845459828,1049.23775417305,280.260457173643,251.373175731272,234.597377166717,839.88605868926,21.1092348281431,232.126616133925,0
M71,9.80876048055763,1.1984489214513,0,2.74788705992643,42.6217696492088,0.684374281920017,2.25248032786034,0.374637633230202,0.003411575124918,557.256289385083,401.621667434516,8.24830939484201,1.57074654318238,10.8038743740349,54.8128037072714,424.36700115665,27.9215961392892,8.55406091183139,38.1824869757946,31.2015923052027,1.19633645097784,2.49029980709772,154.826209564788,34.2214571435194,0,214.55508336908,471.198049845248,18.3359798713549,284.9346871738,4.22748984553019,14.5172943272622,10.5738054479006,47.8844842387709,38.5653661537786,0,5.7959746510548,1.78242305795977,4.15579478463933,27.402540537162,345.521326799583,142.250934933559,10.6265819818211,130.975974006049,199.213902588978,307.217422936099,3316.17320206914,79.5803777869645,10.4378813307421,45.3203406397316,51.9994271796443,16.7917231953276,0.601708893104718,55.1987087029913,0,4.96740690051326,30.064154585779,5.75284521859656,390.474074860386,24.8513390699305,0.540517592941329,0.41230390257988,5.47805828642182,0
M72,0,0,0,0,0,0,0,0,0,0,0,0,0,0,0,0,0,0,0,0,0,0,0,0,0,0,0,0,0,0,0,0,0,0,0,0,0,0,0,0,0,0,0,0,0,0,2329.72042690081,0,0,345.038834516093,0,0,0,0,0,0,0,0,0,0,0,0,0
M73,3.97833981200843,0.369458041182369,0,4.28152615321902,268.585626748509,13.1116398438481,1.06990322207074,0.030010262545466,6.56253586233196,76.7248772219983,21.8907171672699,920.286086321261,11.9389968477778,19.9770002809631,0.092683643594385,7.96320499679342,1.69071948894837,3.54486134822538,6.60458911301934,3.22096577430375,0,7.98666943893102,2.00011888333372,15.1564267883702,0.686238920731935,15.7387437913041,55.0473173794466,371.294525762869,1060.30317316074,167.839776934648,29.9023567197432,0,6.24329251183509,3.56973465401783,6.83590370368665,46.0206258422803,60.0083784300909,79.8081651410695,27.4557354366626,132.14392355445,242.470431314091,74.4678068712221,181.490397990158,58.1452812232576,465.973604780653,30.2112101983106,32.9634447961096,1596.33281942583,15.5051791115543,183.985650804324,23.5985245029346,26.0638359474176,45.7449194973141,31.6102948011408,15.8535597662153,16.0110996471386,3.46323248073857,57.2925505893611,62.0874205314931,28.7604844381526,0.761597216658601,0,0
M74-75,262.868325052919,0.52071167359461,0.0302130073339,0.494472814878775,18.8976034363139,10.2073334886488,2.65554845629251,2.96608095272241,1.98965115168578,0.555530748566149,11.9026167412128,4.78512828763117,1.03480959399048,3.33536296267313,13.2903187281933,3.76520671059076,3.6937717001064,19.8598037012692,18.405843816699,6.12173787093052,0.525935752937835,6.05356085996051,2.08914393511628,16.5632480197048,0.080033468240561,3.99301838510671,63.6008586736219,10.8377942665662,101.646440991021,36.5727018434665,9.98726942440014,0.001787574053852,0.298500973999825,10.5662315775178,0.841165377009623,11.1738447364668,59.4086731123095,27.025921383313,3.56872924511896,43.1753029353564,5.48538707551479,61.2298664437334,6.4307098743607,8.86843577835378,75.9023862370973,71.1168966300872,52.8845060796111,33.7971484872267,572.629625109365,10.3844059745526,7.12522550840198,3.21682706426011,54.5019322159262,122.494946428593,146.642824438469,7.24063051166756,0.820779242953468,48.0372805910619,9.25160786287096,28.0266600645708,1.14773818017429,3.71303238729297,0
N77,15.4785278106522,0,0,22.0022797313673,181.205579176317,45.8924714113682,12.6341818981152,27.8134360966263,13.6312691441368,36.2632927375276,169.897941573882,1728.29829211598,52.6854384404534,62.3178715335738,72.3796692928566,73.8533368505234,14.5092022310042,23.0787203087385,68.1328522401134,25.6426067471948,2.76163657596584,13.2025295338455,99.8110730872498,19.3194746884214,1.11205902462564,69.5022768267696,837.357819317515,158.142137036044,1064.12917305208,186.521179040987,142.696115534468,120.354131917788,435.171244282671,64.2559573139038,25.4371260220314,245.844192265785,125.288003584679,267.400581802957,464.895588553525,294.770400673539,78.5319242817895,8.23297784231073,140.813678548556,44.4258092977865,967.741048662262,189.276675687274,132.710639530196,13.5054698504244,7.53711416606257,1612.03810804389,35.8175284020304,23.5250191682206,269.524268779036,104.447041381503,55.279537846892,68.0822725834615,39.4254568412731,60.4000218778754,12.6413171855912,29.9556522749725,2.06726936485699,20.0130179988479,0
N78,25.6095090503626,0.585709509835227,0,12.3844624853195,581.26270896435,48.6634309832155,33.259036227293,42.2129680074425,25.8484341838168,0.841372110620513,89.6171948090825,620.743812117062,97.8850943075652,90.2797063917954,63.4481380865394,137.403636023758,20.556168659274,41.5610979290761,73.6100683822963,127.483001888932,6.79955197602467,42.0287607671697,178.030344208003,28.3771797058466,0.367196711645939,96.6966548950318,391.706819077679,137.429252643423,599.751719003737,199.270118534573,144.4972060462,20.0670840223568,4.58556860874733,846.54352183975,62.0560325446875,448.397715728273,25.9238080888692,62.718204788989,36.8470635583811,155.972343968706,82.9171644848142,25.3070635225294,111.649448993997,52.0012327765673,297.988943632638,414.996485017266,128.458546072347,40.9266084166022,13.3683425727901,62.9874950412932,364.790148903334,14.4650376968213,437.975253246595,2.79260649391626,51.3552576216483,182.231212301111,17.5665571479482,40.8105628458036,32.909210172662,19.5780079267972,6.07198812839369,29.1819667594384,0
N79,0.385090242552899,0,0,0.002630464934331,2.76803244020439,1.67841625535438,2.93749587684149,5.60891194668959E-08,1.24390840074977,1.853799144761,7.19131207366562,39.7954465233335,0.454022320041026,0.944496679991815,0.007031519159533,1.36962907509527,3.31141933833387,0.694246502104274,12.8631222576925,3.73157166218301,1.74388542374671,0.174110128522345,5.30897061871496,0.490317966765368,0,0.469540545739113,2.27091548111934,18.5154746555598,92.3868572304925,0.13190922753239,20.0834499125516,0.439490017984188,0,31.3832082744456,0.069022735232629,3.35289810371937,0.96365794639393,0.170602177714052,0.115360214254701,1.92660535014286,4.9254584153299,0.312050298412175,6.09219169705816,2.60951193924089,75.3618327148641,24.0166381558865,59.0206337614203,4.32854251239795,15.5176908284393,2.08576869759408,0.816390940999294,20.2914162691578,0.63603074011537,0,1.06865942292709,0,4.59744170237452,5.47838858741081,0.507269675145557,13.0183080031282,0,0.697898694588606,0
N80-82,180.5460819206,0,0,8.65020582865878,205.645913854896,7.99753139560244,2.19717156258724,13.8140062846333,2.81794746753411,176.791648040636,208.264127019671,16.5043913265666,9.27463325988511,58.8024613312174,81.7975220065877,24.4697469082043,10.1383362992803,17.8105657134504,84.7883540037573,46.9321566220937,4.07267054822343,28.6464845277811,13.1337462470222,20.6291002508241,1.49191530544815,29.9007566341989,581.1340946999,232.332699128848,553.110174082076,465.722750864339,92.6036903535522,2.52656012807719,24.4756496459831,830.48872792836,19.546744172475,219.430133248545,95.3092509614127,67.2161173102624,170.039454715433,342.182208251008,129.935722809349,34.7035212197786,590.482297487258,531.977081856839,1396.62538568977,153.295328713141,375.375598543227,95.415470636427,58.1947999627748,154.304774768562,62.9029501908079,41.690697869917,1542.0732921442,199.368640932024,71.2010588991513,791.674588512996,164.852417347761,48.3879714425453,47.3140000485947,133.679161131542,5.25627736855521,21.08807993897,0
O84,2.3738700138178,0.066467695228832,0.014192302396539,2.95212914703009,22.6983890265749,0.483872262802546,0.118460758448342,1.67352143806497E-05,0.169063675062977,3.93110270721814,1.94498590946285,3.95267331923421E-08,3.00341642089509,2.51526862645072,3.50844677645921,2.87532671174563,1.55077446805957,1.07487149137692,1.87626969782684,0.696979765503516,0.784675815969483,0.871735551120257,1.82603535465028,23.6610477252909,0,6.70831623576159,18.339009995765,19.4908535190539,103.83199145986,38.314636411844,7.17549978171035,3.58028881799803,4.10580853168059,38.7601958342127,1.07783371108444,14.6356837605132,4.85094204501002,4.79031725040083,14.0034245683953,30.1405425834544,20.0846917406932,0,30.2063985866037,4.27645556037394,87.3105079925719,17.3903404235852,6.05547963451358,15.3679927719275,3.1010507037362,28.0035946188954,8.61233896325428,2.68445164411478,31.7686300147007,5.56408815470722,5.51560007887519,29.4977354264821,7.10863596944211,2.55827825811566,3.96280052712529,13.2721560621855,0.51842577524923,3.45835488341785,0
P85,0.09337563091418,0,0,1.50096492553338,5.35593022754904,0.519626091793322,4.64652204715469E-10,1.56493483226239,1.76462414900278,0.822684057845523,5.49743764144979,15.4422231576712,1.57652650443786,3.87596585049926,2.22072153337666,3.5295258512658,1.2431770670429,0.458744646351173,3.62188357029907,2.01261035284667,0.787933404943591,3.37793080697641,13.1941313290733,4.086449420974,0.433449168456925,3.2752308313782,13.0338469744786,8.27657569415853,25.7684750375954,14.4450711174582,9.36323281907587,0.263356671569844,4.36510470361356,8.40183404136301,0,2.8213618297734,0.629525521743767,2.25150875261578,6.96745733541741,47.4425448342091,23.6619175143703,6.8838235922461,70.887953736451,9.78298758214904,84.9942760146032,24.3865665188796,48.207140697995,3.67306388861059,1.45155979436372,5.64589613044724,5.08734557301091,2.54902023463957,24.4716541009217,12.8708788697995,736.391979687091,11.4789232077346,19.8309067228315,16.7965787979873,4.84947939108774,6.71423374629659,2.7625966049932,3.5660378266686,0
Q86,0.167164517611075,0,0,0.004136321439139,1.27663312968371,0.296621406955583,0.048777920631994,0.062814405472891,0.600814895430682,0.21701212148883,2.03343275489477,0,1.22046561164648,1.4059085708024,3.52248912587203,0.893897481678502,0.83329537094785,0.22775245203981,1.76954843619147,0.947280197197908,0.499094526180932,0.621255389363328,3.064590003694,0,0.463110492744485,0.479680751405573,9.90293297307946,0.204832818433925,6.70206343805575,2.40483318862262,7.32128878324474,0,0,2.05726958978104,0.163398152966946,2.801965706887,0.003073559852946,0,2.12019255889014,0.289055841053951,0.007469614856373,0,0.095652326359363,0.646496257069527,5.68819817010965,3.16845570655835,1.64656222355891,0,0.087996702583033,4.79757678647135,0,0,5.79558205682906,52.0539153671603,0.14197923015498,3148.56315069362,86.000160724618,0.595726437150892,0,0.77472714325989,0,5.56898987959635,0
Q87-88,0,0,0,0,0,0,0,0,0,0,0,0,0,0,0,0,0,0,0,0,0,0,0,0,0,0,0,0,0,0,0,0,0,0,0,0,0,0,0,0,0,0,0,0,0,0,0,0,0,0,0,0,0,0,0,0,0,0,0,0,0,0,0
R90-92,0.285575094593335,0.002756617567429,0,0.002023750886249,13.1407550626279,0.817651461147986,0.234782596797455,0.077285084056108,0.063457636500089,0.094091706725976,0.571442804721877,0.30391528885043,0.000490837541835,0.580258277999726,0.70032975686419,0.822891834423551,0.091591057825262,0.211281036089342,0.09120862426734,0.212588485080907,0.635812798523389,0.603732042529832,0.446198066063482,0.004022985993769,0.217494117351478,0.129899370390444,0.862294653959434,8.7518234126146,29.2566580109709,10.5792488253991,0.634533684287899,0,0,5.95261465952409E-06,0.099093525683906,32.1344475441424,31.0537164750362,28.8402818876503,10.4613411849248,2.22799766288342,0.389812393059092,0.008560826641872,1.10923673070454,0.432615556359835,7.24075087825279,6.77882967313434,6.23333989613145,16.6655203588966,7.25499726386608,17.0050359413868,1.01452538770344,0.069149235983146,6.21099901773327,41.9519827179481,6.94402125261674,12.9176144125363,0.985761724812268,403.363540926963,15.7146544816763,6.14424558932154,0.000155647526471,1.30200559410695,0
R93,10.5977907861452,0.358549093388435,0.022318533179603,0.489032309803568,22.496521366034,1.52944240554222,1.40344598662248,0.127860037849503,0.715061329429568,0.25414414487895,7.06089626556736,2.18362394909261,2.30934227343075,2.96250280675088,5.36250265827872,4.39792352765593,0.085366305802808,1.39188533248967,1.52142799454346,1.41157512508066,3.08980476943747,1.3640524999949,9.70120507211674,7.70073860208521,1.89105596627688,3.15488568382386,46.1279700790406,27.6256458841135,79.8886286015713,26.9935877212223,10.6894686486543,0.386642117350633,0.311002366586734,20.2421796919649,0.781491279889285,87.5021441844178,31.9806815124072,33.6944872927558,14.8213922514505,11.7561876997238,25.092420960966,5.0878105431712,19.9118119257323,5.34180597033151,16.4724331042799,7.40951264060203,12.7602563405041,15.1495874128992,2.94806929504044,13.4886525822907,7.44072636080431,0,26.9400781136464,1.64100107686143E-08,32.0008817716551,83.8580953527926,13.9588856407803,30.1427064316306,296.433800598813,5.69326764501522,0.868840714013756,3.24705519715766,0
S94,4.69392331235353,0.178229721124149,0,1.80665422819487,46.84423159632,2.41443516458615,0.537355311206064,1.74234526142796,1.21473138757435,2.01164911788574,34.9446590712804,24.2083661307473,1.00595609619825,8.88067951007282,80.026862188465,3.22891543255847,1.23778276617337,3.11012765001188,4.90290721661757,3.37299939654084,1.11801063596872,1.71273081637183,2.91005269878427,44.8779428815006,0.937673002543831,22.7146014577132,22.8262308966466,32.5008854214229,104.064996155158,38.6314565980798,28.7098874337417,0.85114960485764,1.2831281855073,55.1971822334016,6.42877066020574,33.6212959987375,11.3776561528931,4.53909561341685,5.84870096205319,18.39073768969,59.2044200782941,26.5281048819111,194.232356025641,7.85738197673427,99.8062980499905,105.918928690138,7.1209782180363,16.5076505102956,23.8276684753961,9.37540015125992,7.49106535762877,3.24095136384246,53.7268158581374,0,119.277649638677,429.869721290764,47.2402779594362,8.89454038298492,60.6169972180791,1046.3035370489,0.128789399929047,39.8458583727301,0
S95,1.64677195316513,0.329034635246569,0.002272164798578,0.281529200641334,0.990352609798702,0.793879863153913,0.43697956476651,1.10350027286399E-05,0.603165452635452,0.010413866343724,0.032247339716382,1.53811671672428,0.581758146253474,5.38454815236505E-06,0.015987274570345,3.5054523862331,0.187311114473507,0.13657935557571,0.381884490079622,0.103855768619199,0.089363758710849,2.03829958045716,4.29544483566051,0.196577623002091,0.076041947457299,0.293695714504154,18.5552284765779,3.72362505307867,74.8373689366573,24.1674351369832,0.997080933875691,0.091468613264258,0.081603492001965,7.40383505058611,0,0,5.25438651831079,0,14.4044688694665,44.860751681769,58.5556647765521,0.439414759548647,39.0232476772215,22.2686276101345,177.450606760761,23.0601304119314,34.0111262855353,1.28064473697063,1.13580602450958,3.13218733309189,0.981646875614359,0.149938944035686,25.1414467084633,0,9.29700078753763,4.56200364566582,7.21715444573811,0.464406770713555,1.16799836250151,0,14.8898070053227,0.896949084865363,0
S96,0.388861798747887,0.005259832260863,0,0.007487224312322,5.88746227526467,0.29029319211019,0.096213316444744,0.131687917687589,0.952020912614329,0.590416465330222,6.93780663893401,0,0.000334377681171,1.02524147964318,0.835505397742496,2.15647707729879,0.064772280848934,0.383152128318075,0.464966008613575,1.86483143428847,6.96413562987318,0.437646891379094,0.148968047103644,0.074814790833616,0.078587865321978,0.270092588632296,1.71930783055357,1.24136379852948,9.8854037168118,13.3575404018548,1.32804890914255,0.00258498559526,0.000775424552015,5.70993196067346,0.014646920589406,57.0539001541121,0.070542756937707,0.093157432648318,0.003728120888071,0.197605347283057,0.019143973057334,0.339708832332137,0.064116054196695,0.344328623959705,3.17637788827484,0.909461108435909,4.85349079032668,0.417410004751942,0.636838783849839,19.7143855677006,1.46444162532812,0.010160971349344,2.89254452021875,15.3728536271681,0.430496160060699,64.7683597314437,44.3017712807229,0.782012868114069,0.25964721883671,0.667017820600793,0.000133581705326,96.9199168901459,0
T97-98,0,0,0,0,0,0,0,0,0,0,0,0,0,0,0,0,0,0,0,0,0,0,0,0,0,0,0,0,0,0,0,0,0,0,0,0,0,0,0,0,0,0,0,0,0,0,0,0,0,0,0,0,0,0,0,0,0,0,0,0,0,0,0
