"Date","S1_incidences_mean","S1_incidences_LL","S1_incidences_UL","S2_incidences_mean","S2_incidences_LL","S2_incidences_UL","S3_incidences_mean","S3_incidences_LL","S3_incidences_UL","S4_incidences_mean","S4_incidences_LL","S4_incidences_UL","S1_load_mean","S1_load_LL","S1_load_UL","S2_load_mean","S2_load_LL","S2_load_UL","S3_load_mean","S3_load_LL","S3_load_UL","S4_load_mean","S4_load_LL","S4_load_UL"
18322,0,0,0,0,0,0,0,0,0,0,0,0,0,0,0,0,0,0,0,0,0,0,0,0
18323,0,0,1,0,0,1,0,0,0,0,0,1,0,0,1,0,0,1,0,0,0,0,0,1
18324,0,0,2,0,0,2,1,0,2,1,0,2,0,0,2,0,0,2,1,0,2,1,0,3
18325,2,0,4,2,0,5,2,0,4,2,0,4,2,0,5,2,0,5,2,0,4,2,0,5
18326,3,0,7,3,0,7,4,1,7,3,0,7,5,1,10,5,1,9,6,3,9,6,2,10
18327,6,1,10,5,2,11,6,1,10,6,1,9,11,5,16,11,5,17,11,6,18,11,6,16
18328,8,4,14,8,3,14,8,3,14,8,3,13,19,11,27,19,12,27,19,12,27,19,14,26
18329,12,5,19,12,5,21,11,5,17,12,7,18,30,21,41,30,22,42,29,20,39,30,22,38
18330,16,10,23,16,8,24,16,9,24,16,9,25,45,33,56,44,32,57,44,32,56,45,33,57
18331,22,14,32,21,12,31,21,12,28,21,12,31,64,50,79,63,48,76,62,45,75,64,51,81
18332,29,20,39,29,21,41,27,17,37,28,19,37,90,74,109,89,72,103,86,68,102,89,72,109
18333,37,25,49,37,25,52,37,26,49,36,23,48,122,102,144,121,98,142,119,99,136,120,99,143
18334,47,35,59,47,36,64,48,35,62,49,37,63,163,142,185,162,136,186,160,140,182,162,137,189
18335,62,49,78,61,49,75,61,45,76,62,47,80,216,191,242,213,188,243,212,191,237,215,184,247
18336,77,63,94,79,65,99,78,64,98,78,62,96,280,252,307,280,251,311,278,254,304,281,245,317
18337,101,82,127,100,80,117,101,79,121,100,80,118,364,323,401,364,328,402,363,325,397,365,327,407
18338,131,109,155,130,107,159,129,106,149,130,109,153,474,431,514,473,430,521,471,431,511,473,424,521
18339,165,138,192,165,136,198,167,139,194,165,139,192,610,563,654,611,554,673,609,553,656,611,560,665
18340,208,182,241,208,184,231,210,186,241,207,176,235,781,726,836,783,713,846,783,729,836,781,719,846
18341,256,222,285,259,224,292,261,225,294,258,227,288,990,925,1051,996,922,1071,996,941,1071,992,919,1052
18342,311,275,354,315,281,351,312,283,341,310,279,345,1241,1163,1319,1251,1178,1332,1247,1173,1332,1242,1153,1318
18343,365,332,411,362,326,398,361,317,409,361,327,404,1528,1440,1617,1538,1437,1627,1530,1433,1643,1526,1442,1615
18344,408,371,452,413,374,453,406,370,456,404,371,440,1839,1727,1938,1855,1728,1953,1838,1727,1946,1833,1741,1920
18345,443,400,487,447,410,488,444,402,487,445,401,491,2161,2031,2278,2184,2060,2295,2160,2026,2296,2159,2058,2259
18346,473,426,521,473,430,521,476,430,524,471,426,513,2488,2339,2596,2513,2378,2655,2489,2330,2643,2484,2364,2581
18347,495,445,534,494,442,536,502,461,546,496,443,544,2808,2652,2937,2836,2680,2991,2816,2672,2969,2807,2670,2937
18348,512,461,563,510,460,556,511,465,564,507,469,554,3117,2956,3260,3147,2991,3303,3124,2970,3310,3112,2980,3245
18349,517,463,568,518,472,573,517,467,568,515,467,557,3403,3236,3545,3439,3259,3609,3410,3246,3617,3398,3243,3554
18350,522,478,563,521,478,567,517,471,557,519,482,561,3667,3473,3839,3707,3510,3882,3668,3488,3876,3661,3508,3827
18351,515,459,567,518,475,562,519,467,573,516,464,562,3899,3713,4080,3948,3745,4122,3904,3723,4114,3895,3726,4050
18352,514,475,567,513,470,567,514,472,565,511,469,550,4106,3915,4293,4160,3947,4346,4111,3944,4323,4101,3925,4257
18353,503,458,552,507,454,560,508,466,552,505,468,550,4282,4087,4462,4345,4100,4533,4292,4127,4493,4280,4110,4454
18354,493,451,540,496,448,538,489,444,547,497,452,545,4430,4239,4614,4502,4260,4702,4436,4263,4649,4432,4261,4601
18355,479,431,519,486,443,537,483,434,529,478,432,520,4549,4360,4734,4632,4399,4834,4557,4351,4780,4551,4367,4732
18356,472,430,512,467,418,509,468,430,507,468,431,512,4648,4458,4817,4731,4479,4942,4651,4442,4849,4646,4476,4836
18357,455,411,498,452,403,499,453,411,503,452,408,500,4720,4523,4909,4803,4549,5026,4720,4516,4934,4715,4532,4901
18358,439,395,482,440,401,484,437,393,473,438,405,477,4768,4546,4947,4856,4606,5086,4766,4543,4988,4762,4570,4955
18359,424,381,461,425,389,464,423,375,470,424,385,463,4795,4587,4987,4888,4654,5101,4792,4578,5000,4790,4596,4990
18360,408,372,457,407,368,457,408,364,459,409,369,455,4803,4599,4997,4899,4674,5127,4800,4589,5002,4800,4594,5007
18361,391,355,427,391,345,428,394,355,432,391,344,437,4794,4592,4984,4893,4661,5107,4793,4597,4983,4790,4599,4996
18362,372,326,413,372,339,410,375,338,412,376,343,410,4765,4564,4935,4867,4654,5063,4767,4566,4962,4767,4582,4970
18363,360,326,410,361,326,398,355,304,393,359,322,399,4727,4522,4912,4831,4632,5010,4722,4503,4918,4727,4544,4938
18364,345,304,385,346,314,381,346,320,377,345,309,385,4677,4469,4858,4784,4591,4943,4672,4454,4855,4677,4502,4881
18365,330,289,374,331,292,369,329,295,367,333,297,372,4616,4427,4786,4725,4535,4902,4610,4397,4797,4619,4449,4807
18366,317,280,348,316,280,349,319,286,362,317,280,354,4549,4346,4703,4657,4471,4831,4542,4342,4739,4551,4375,4725
18367,303,272,335,304,271,342,301,264,337,303,269,340,4474,4277,4632,4582,4389,4740,4464,4268,4659,4475,4294,4651
18368,288,257,328,289,254,329,288,252,332,288,259,320,4391,4189,4550,4498,4288,4680,4380,4175,4563,4391,4216,4561
18369,276,237,310,277,243,307,275,239,302,275,246,310,4304,4106,4474,4410,4212,4595,4290,4078,4466,4302,4123,4474
18370,264,236,298,260,225,296,263,234,293,263,230,296,4213,4026,4383,4312,4126,4494,4196,3994,4361,4208,4047,4379
18371,252,223,287,252,222,284,253,229,290,250,219,283,4118,3952,4294,4215,4018,4392,4102,3910,4249,4110,3937,4269
18372,237,208,267,241,218,270,240,209,267,241,206,279,4017,3860,4183,4115,3931,4293,4003,3828,4144,4013,3826,4174
18373,233,199,268,229,201,256,232,205,257,230,201,260,3920,3766,4083,4012,3839,4187,3905,3731,4050,3913,3729,4056
18374,216,188,243,218,187,250,217,188,248,216,193,243,3817,3670,3971,3907,3737,4061,3801,3629,3941,3808,3629,3952
18375,208,181,235,211,185,244,210,182,230,209,180,234,3714,3570,3869,3804,3637,3957,3699,3527,3836,3705,3537,3839
18376,201,178,229,197,167,225,199,174,225,199,173,225,3613,3480,3766,3696,3527,3854,3596,3426,3739,3602,3432,3740
18377,190,161,220,189,160,212,191,161,219,186,162,212,3510,3383,3667,3589,3434,3741,3494,3314,3641,3496,3333,3630
18378,180,155,203,181,158,207,182,155,213,181,160,205,3407,3280,3555,3483,3321,3611,3392,3221,3539,3393,3241,3533
18379,169,146,201,172,147,197,170,148,198,173,143,201,3302,3177,3451,3378,3226,3507,3289,3122,3426,3292,3151,3431
18380,162,138,182,163,141,190,164,145,186,162,140,188,3199,3077,3342,3274,3114,3409,3187,3034,3331,3188,3041,3315
18381,156,133,186,158,134,182,155,131,179,160,138,186,3099,2983,3253,3172,3017,3308,3086,2938,3216,3090,2955,3209
18382,146,125,169,148,124,169,147,129,170,148,124,178,2998,2886,3148,3069,2927,3200,2987,2855,3110,2991,2864,3099
18383,142,118,167,140,119,165,139,118,163,140,117,162,2901,2795,3025,2967,2832,3098,2888,2770,3003,2891,2782,3000
18384,134,116,158,133,113,156,133,110,160,133,113,159,2806,2698,2927,2866,2733,2994,2791,2676,2898,2792,2679,2900
18385,125,103,152,125,104,146,124,101,146,124,102,146,2709,2598,2826,2766,2635,2896,2695,2568,2790,2694,2584,2806
18386,119,97,140,118,100,139,119,95,141,117,91,138,2615,2498,2717,2668,2551,2796,2601,2477,2699,2596,2491,2706
18387,110,85,134,112,93,137,111,92,129,111,94,131,2519,2408,2617,2571,2460,2694,2507,2392,2606,2500,2403,2606
18388,105,88,121,106,88,127,104,82,127,105,86,127,2427,2320,2514,2477,2364,2594,2414,2307,2514,2407,2318,2505
18389,99,80,116,96,76,113,97,79,117,99,77,123,2336,2244,2420,2380,2277,2488,2323,2224,2407,2316,2229,2408
18390,90,72,109,92,74,111,90,73,114,92,71,111,2245,2160,2338,2287,2181,2391,2232,2138,2311,2224,2138,2326
18391,87,68,107,86,70,101,86,70,106,86,67,105,2158,2074,2241,2195,2105,2300,2144,2053,2218,2135,2055,2234
18392,81,63,97,83,63,107,81,65,99,80,61,99,2072,1982,2149,2109,2016,2208,2060,1975,2146,2047,1973,2144
18393,77,60,97,79,63,96,77,59,94,76,59,93,1990,1902,2066,2025,1935,2122,1978,1885,2063,1962,1889,2050
18394,72,55,92,73,57,90,74,57,90,73,52,86,1911,1831,1985,1943,1862,2029,1899,1812,1980,1881,1807,1962
18395,71,54,87,71,57,86,71,55,90,71,55,88,1836,1765,1910,1865,1791,1942,1825,1741,1907,1805,1733,1880
18396,66,50,81,66,50,79,66,48,81,66,52,81,1763,1690,1835,1789,1714,1860,1752,1666,1834,1732,1649,1807
18397,63,49,75,63,49,80,65,50,81,64,50,81,1693,1632,1769,1716,1650,1783,1683,1605,1761,1661,1583,1729
18398,61,47,73,62,47,76,61,46,76,61,47,76,1627,1562,1702,1648,1586,1713,1616,1540,1690,1594,1521,1655
18399,60,46,74,60,44,75,58,41,77,58,43,76,1566,1501,1634,1584,1527,1645,1551,1478,1620,1530,1463,1594
18400,57,42,75,57,42,73,57,42,71,57,44,70,1507,1447,1570,1522,1465,1578,1491,1421,1561,1470,1402,1527
18401,55,41,72,55,41,71,55,44,72,55,40,71,1451,1405,1505,1463,1409,1522,1434,1366,1497,1413,1347,1471
18402,53,41,67,54,41,67,52,40,68,53,40,69,1398,1352,1451,1408,1355,1467,1380,1315,1446,1359,1298,1423
18403,53,41,66,52,39,67,51,38,65,52,37,66,1348,1304,1403,1355,1306,1415,1327,1267,1396,1308,1253,1371
18404,49,34,65,50,37,65,51,36,68,49,36,62,1299,1249,1351,1305,1254,1364,1280,1214,1341,1259,1197,1320
18405,49,34,63,49,34,61,49,37,63,50,37,62,1254,1199,1309,1258,1207,1313,1234,1165,1292,1214,1157,1274
18406,47,33,59,48,35,61,48,35,60,47,33,62,1210,1156,1262,1213,1164,1266,1190,1122,1243,1170,1112,1221
18407,46,33,62,47,35,61,47,35,61,47,35,60,1169,1115,1224,1172,1125,1223,1149,1086,1206,1130,1069,1181
18408,45,32,57,46,32,63,46,32,57,45,31,58,1129,1079,1180,1132,1083,1183,1110,1049,1167,1091,1031,1141
18409,42,28,54,43,32,55,43,30,58,43,32,55,1090,1043,1141,1092,1047,1142,1071,1010,1124,1053,997,1100
18410,42,28,54,41,31,56,41,28,56,41,29,54,1054,1006,1102,1054,1012,1103,1033,976,1081,1015,962,1065
18411,40,29,53,40,28,51,39,28,49,41,31,54,1019,971,1064,1017,971,1066,996,947,1044,980,927,1034
18412,38,25,50,37,27,48,37,25,50,38,26,51,984,937,1029,980,936,1030,960,906,1008,946,897,998
18413,36,25,47,36,21,49,37,25,51,37,27,49,950,904,994,944,903,995,926,876,974,912,861,957
18414,34,24,46,34,20,48,35,24,45,35,24,44,916,870,959,910,867,960,893,843,939,879,830,925
18415,33,22,47,33,23,44,33,22,43,33,24,43,883,840,925,876,836,929,860,812,903,847,796,891
18416,30,20,39,31,20,44,31,19,42,30,21,41,850,810,896,843,799,889,827,785,868,814,765,858
18417,29,20,40,28,20,38,28,19,39,28,19,37,818,780,857,810,763,855,794,754,829,781,732,826
18418,26,17,37,27,18,39,27,18,36,26,15,35,786,748,821,778,737,817,763,722,801,749,703,789
18419,25,16,35,25,16,35,25,17,36,25,16,36,755,718,793,746,710,780,732,692,772,718,673,757
18420,23,14,31,23,14,34,23,14,35,23,15,32,723,685,763,714,683,752,700,664,739,686,643,724
18421,22,14,32,22,11,32,21,12,30,21,12,30,693,658,728,684,650,720,670,637,706,656,615,693
18422,19,12,27,21,11,28,20,12,30,21,13,30,663,629,695,654,619,692,641,610,678,628,592,663
18423,18,12,25,19,11,27,19,12,28,19,11,25,633,604,663,625,592,659,613,584,648,599,567,634
18424,18,11,26,18,11,26,18,11,27,18,11,25,605,575,634,597,563,630,586,557,619,572,543,601
18425,17,10,26,17,10,27,18,11,28,16,8,26,579,550,608,571,544,601,561,531,598,546,513,573
18426,16,8,27,17,9,25,16,7,25,16,8,24,554,528,583,546,517,574,536,508,574,520,489,546
18427,17,10,24,17,9,26,16,9,23,16,9,26,531,501,564,523,495,552,513,486,547,498,471,526
18428,16,8,23,16,10,23,16,9,24,16,8,25,509,480,537,500,472,526,491,464,520,477,451,504
18429,16,10,23,17,10,23,16,10,24,17,10,23,489,461,515,481,455,509,471,448,499,458,430,488
18430,17,10,25,16,10,24,15,7,23,16,9,26,471,446,500,462,435,490,452,429,476,440,413,470
18431,16,8,25,16,8,25,16,9,23,17,9,24,454,427,485,444,418,475,436,411,463,424,401,451
18432,16,8,27,16,9,24,17,9,25,16,9,25,438,406,470,428,401,456,421,396,447,409,383,438
18433,17,11,26,18,10,25,17,9,26,17,11,25,424,398,453,414,389,437,408,384,432,396,369,423
18434,18,9,29,18,9,27,17,10,27,17,11,25,411,385,443,402,377,427,396,372,418,384,355,410
18435,18,11,25,18,10,26,17,11,25,18,10,28,400,372,431,390,366,417,384,361,407,373,342,398
18436,18,13,28,18,11,26,18,10,26,19,10,27,390,363,422,380,355,404,374,351,398,365,330,391
18437,18,9,26,19,11,26,18,12,26,18,9,28,379,355,412,370,346,396,365,342,386,356,321,382
18438,18,11,26,18,10,26,18,10,26,17,10,25,370,342,400,361,336,390,356,334,374,346,315,375
18439,18,11,27,18,9,27,18,12,26,17,10,26,361,331,389,352,329,377,348,324,367,337,308,364
18440,16,9,24,17,10,25,17,10,24,18,11,25,350,325,380,343,319,368,338,315,361,329,305,357
18441,16,8,24,16,9,24,17,9,24,16,8,23,341,320,370,333,308,362,330,306,356,320,297,344
18442,15,8,23,16,9,23,14,8,22,14,7,22,330,309,356,323,302,352,320,294,343,310,288,334
18443,14,6,21,14,7,24,14,8,23,14,9,22,319,297,344,313,289,341,310,287,334,300,277,325
18444,13,6,21,13,6,22,13,5,20,13,6,21,308,289,333,303,280,328,299,280,324,290,266,315
18445,12,6,19,12,5,20,12,6,19,12,6,19,296,276,322,291,268,316,288,267,309,279,255,304
18446,11,5,17,12,6,20,12,6,19,11,5,17,284,266,310,281,257,305,278,257,299,268,243,292
18447,11,5,18,10,6,17,10,4,17,10,5,16,273,255,295,269,246,295,266,248,288,257,233,279
18448,9,4,15,10,4,16,10,3,17,9,4,15,261,243,284,258,233,284,255,236,274,246,225,268
18449,9,4,16,9,4,16,9,4,15,9,4,15,250,232,273,247,223,271,244,224,264,236,216,260
18450,9,3,14,8,3,14,9,3,13,8,3,15,239,223,263,236,214,261,234,214,252,225,206,250
18451,8,3,14,8,3,15,9,4,15,8,3,15,229,212,251,226,205,250,224,205,243,216,195,241
18452,8,3,14,8,4,14,8,4,15,8,4,14,219,202,243,217,196,242,215,194,235,207,187,232
18453,8,3,14,8,3,16,8,3,14,8,4,14,210,195,235,208,188,231,206,191,225,199,183,220
18454,9,4,16,9,4,14,8,3,14,8,3,14,203,187,227,201,182,220,198,182,215,191,173,214
18455,9,5,15,9,4,16,9,4,15,9,3,14,197,179,219,194,177,215,192,176,212,185,168,208
18456,10,5,18,10,4,17,10,3,17,9,3,14,192,174,216,189,170,211,187,167,205,179,161,202
18457,10,4,17,10,4,20,10,5,18,10,4,16,188,170,209,185,164,207,183,166,204,176,158,198
18458,11,5,18,11,5,19,11,5,19,11,5,18,185,165,208,182,163,204,180,162,201,173,156,197
18459,12,6,19,12,6,19,12,6,20,12,6,18,183,164,206,180,161,205,178,158,198,172,153,193
18460,13,7,21,13,7,20,14,8,22,13,6,22,183,165,208,180,159,204,179,160,198,172,153,193
18461,14,7,21,14,7,21,14,8,23,15,9,23,184,162,207,181,159,207,179,159,200,174,156,195
18462,16,7,24,15,8,23,15,7,23,15,8,23,186,163,208,182,160,205,181,159,202,176,156,198
18463,16,9,24,17,9,26,16,9,28,18,11,28,189,166,212,185,166,208,184,162,205,181,161,207
18464,18,10,27,18,11,27,17,10,24,17,9,27,193,167,219,190,168,218,187,165,208,184,166,211
18465,19,9,28,19,12,27,19,11,29,19,12,28,197,171,224,195,174,219,192,170,213,190,171,217
18466,21,10,29,21,12,30,20,11,29,20,14,26,203,173,230,202,180,228,198,170,222,196,175,226
18467,21,14,31,22,12,31,22,14,31,21,14,31,209,175,236,210,183,235,205,175,229,203,182,232
18468,22,14,30,22,14,34,23,15,31,23,14,34,216,187,247,216,193,242,213,183,238,210,187,237
18469,24,16,35,24,15,35,24,14,35,24,14,36,224,197,254,225,198,255,221,191,246,218,194,246
18470,25,16,35,25,15,36,25,16,34,24,16,33,233,207,263,233,207,263,229,197,257,226,200,256
18471,26,16,34,26,17,34,26,16,35,25,15,34,241,214,271,241,215,272,237,207,266,234,206,263
18472,27,15,39,27,15,38,26,15,39,26,15,37,249,218,281,250,220,284,246,215,277,242,213,273
18473,28,17,39,28,18,39,27,18,39,28,17,39,258,228,291,259,227,292,254,225,288,251,219,285
18474,28,19,38,29,20,38,27,19,38,28,19,40,267,235,297,268,236,303,262,232,300,260,228,294
18475,30,20,41,29,20,40,30,19,40,30,19,42,276,246,310,277,245,313,271,237,306,270,232,306
18476,30,20,43,29,19,41,31,20,43,31,22,41,285,253,324,285,245,323,281,241,321,279,241,317
18477,32,24,43,32,21,45,31,22,43,32,21,43,294,262,331,296,254,336,290,250,331,290,247,332
18478,33,22,45,32,23,44,33,21,46,32,20,42,305,274,346,305,260,345,300,257,342,299,262,339
18479,34,22,46,34,22,46,33,21,43,33,22,45,315,277,359,316,275,357,310,267,355,309,271,347
18480,34,23,47,35,22,48,35,24,48,35,25,48,324,290,365,326,286,371,320,274,368,320,281,358
18481,34,23,47,34,21,48,35,25,44,35,23,47,332,296,378,336,293,382,330,287,376,330,283,370
18482,35,24,51,35,23,51,35,20,49,34,23,44,342,302,389,345,302,394,339,300,389,338,292,383
18483,35,23,48,35,25,49,35,24,44,34,24,48,350,311,400,353,309,403,347,307,395,345,298,386
18484,36,24,51,34,22,44,35,25,49,34,24,48,358,311,406,360,316,405,355,313,400,353,306,397
18485,36,24,49,35,25,45,34,22,46,34,24,44,366,324,416,367,322,411,361,316,401,359,313,406
18486,34,24,44,34,21,49,33,21,44,34,22,51,371,330,417,373,321,423,365,319,406,364,322,421
18487,35,23,46,34,24,44,34,23,45,35,25,46,376,333,427,378,327,428,369,323,416,370,327,430
18488,34,23,50,33,22,43,33,23,43,34,24,44,380,337,433,381,341,433,372,327,421,375,330,432
18489,33,24,45,32,20,46,33,22,42,33,21,46,382,337,442,383,338,435,376,327,425,377,335,432
18490,32,19,43,33,23,45,31,21,43,33,21,46,383,340,441,386,332,433,376,326,422,380,339,435
18491,32,20,42,31,19,42,32,21,43,31,20,43,384,345,442,387,339,437,378,332,422,380,342,435
18492,31,20,43,31,21,43,31,21,41,32,22,43,384,345,437,387,340,432,378,330,421,381,341,435
18493,31,20,42,29,18,42,30,20,42,31,20,41,384,347,430,386,335,436,377,327,420,381,341,435
18494,30,18,42,29,17,43,29,20,40,30,20,42,382,339,431,384,334,429,375,328,420,380,343,430
18495,29,19,38,29,18,40,29,21,42,30,20,42,380,339,431,383,331,429,374,329,420,379,342,425
18496,28,20,41,28,18,40,27,17,36,28,19,38,378,336,425,381,327,433,370,327,415,376,339,419
18497,28,18,42,27,18,38,28,17,38,28,18,37,375,330,422,378,322,429,368,323,411,373,335,420
18498,27,18,37,27,17,38,26,16,36,26,17,37,371,329,417,375,320,426,365,316,405,369,329,417
18499,26,17,37,26,18,37,25,16,38,26,18,37,367,322,414,371,321,422,360,314,401,365,323,408
18500,26,17,36,25,16,36,26,15,35,25,18,34,363,321,409,367,322,417,356,308,396,360,315,405
18501,23,15,33,24,15,33,24,14,34,25,17,34,358,320,403,362,316,404,351,303,390,356,314,399
18502,23,15,34,24,15,33,24,16,33,24,15,37,352,313,399,357,315,406,347,298,385,351,312,392
18503,22,12,33,23,12,35,23,14,34,24,15,32,346,307,390,352,311,398,341,297,381,346,309,389
18504,22,14,32,23,14,35,22,13,32,23,13,33,340,299,384,347,302,391,336,291,376,341,304,384
18505,23,13,33,22,13,31,22,13,33,21,14,33,336,294,378,342,295,383,330,287,368,335,296,374
18506,22,11,32,21,12,30,21,14,31,21,13,31,330,286,375,336,289,375,325,281,364,328,289,366
18507,20,11,30,21,13,31,21,13,30,21,11,31,324,282,371,330,292,368,320,276,361,323,287,360
18508,20,11,29,20,12,33,20,11,30,20,12,31,318,277,361,324,284,367,314,268,355,316,283,352
18509,20,11,31,19,11,27,19,10,28,20,12,30,313,271,358,318,277,359,308,261,344,311,278,347
18510,19,11,28,19,11,28,19,10,27,19,12,28,307,265,353,312,274,355,302,257,335,305,272,343
18511,19,10,27,19,10,28,18,9,28,19,10,30,301,265,342,306,270,346,296,253,329,300,266,337
18512,19,11,27,19,11,29,19,11,29,19,11,28,296,261,338,301,267,341,292,253,324,295,261,336
18513,19,11,28,19,11,30,19,10,27,19,12,29,292,254,333,297,261,336,287,248,319,290,258,332
18514,20,11,28,20,12,27,20,11,28,20,12,29,289,251,328,294,253,330,285,251,317,288,255,327
18515,22,13,32,22,13,32,23,13,35,21,12,32,288,251,325,293,255,336,285,248,317,286,254,330
18516,23,14,32,23,13,35,23,14,32,24,15,36,288,251,326,293,254,332,287,249,324,288,254,326
18517,26,16,36,26,15,36,26,16,35,26,16,38,292,253,333,297,255,340,291,248,328,292,256,331
18518,28,17,39,28,17,39,28,18,42,28,18,37,298,262,335,302,260,340,296,250,338,298,263,333
18519,30,21,43,30,19,43,32,22,43,30,20,42,306,272,349,310,266,347,306,261,348,306,265,343
18520,33,22,44,33,23,44,34,24,44,33,21,45,316,279,357,320,274,365,317,271,361,316,277,356
18521,37,27,48,35,22,48,36,25,49,36,25,53,329,286,367,332,287,381,329,282,368,329,290,369
18522,38,24,55,38,24,52,37,24,49,39,27,55,343,297,389,345,301,397,342,293,380,343,301,385
18523,41,29,54,42,29,55,41,29,55,41,29,54,359,313,409,362,308,419,358,309,400,358,315,404
18524,44,32,58,45,31,57,44,29,57,43,32,54,376,330,425,381,327,439,375,322,417,375,332,419
18525,46,32,60,47,33,60,47,36,60,48,33,61,394,348,447,401,345,455,394,339,439,395,345,443
18526,50,36,66,50,36,66,49,33,67,50,37,67,415,362,472,422,369,477,414,352,465,416,362,466
18527,53,35,68,55,39,75,53,37,69,53,39,68,437,377,494,445,394,520,436,373,496,438,384,493
18528,56,38,73,57,42,73,56,43,74,57,41,74,460,396,523,469,416,548,459,401,516,462,402,523
18529,60,47,78,61,45,75,60,43,79,60,42,78,486,427,543,496,432,568,485,424,547,487,415,554
18530,64,47,81,63,51,79,64,47,83,63,49,79,513,445,576,522,453,601,512,445,582,513,442,580
18531,67,48,86,68,50,85,67,52,81,67,48,85,541,471,612,551,477,629,541,472,611,541,472,613
18532,70,54,85,70,53,88,71,51,93,72,58,88,571,499,647,581,501,659,571,500,648,572,504,646
18533,75,59,92,75,58,95,76,56,95,76,57,96,603,523,681,613,544,697,603,528,684,605,539,678
18534,79,62,96,80,63,101,78,62,94,81,62,99,636,551,717,647,578,730,635,558,719,640,562,716
18535,84,62,103,83,61,105,85,65,108,86,64,107,672,590,753,682,604,758,672,592,757,677,595,762
18536,89,71,111,90,71,110,89,67,107,91,70,116,711,621,804,721,633,803,709,619,794,716,628,798
18537,94,71,116,94,75,114,95,71,118,94,77,112,750,650,855,762,665,851,750,644,836,756,667,843
18538,99,78,119,100,76,124,100,81,124,102,77,124,793,678,895,805,706,903,793,692,878,800,702,891
18539,106,79,133,106,83,126,106,85,132,106,81,132,838,722,940,851,747,954,839,727,933,845,739,943
18540,110,89,136,111,89,137,112,91,134,113,85,136,884,763,997,898,798,1007,886,770,980,893,776,988
18541,117,93,146,119,95,148,121,98,146,121,98,142,933,821,1047,950,835,1065,939,819,1037,945,822,1041
18542,127,96,156,128,104,155,127,98,153,126,97,151,989,851,1112,1006,890,1127,994,870,1101,998,862,1104
18543,136,111,167,134,109,157,136,107,166,136,108,170,1049,906,1166,1066,933,1201,1054,919,1167,1058,928,1169
18544,146,120,168,147,120,179,147,121,175,148,120,177,1115,959,1233,1133,1000,1270,1120,980,1248,1125,983,1236
18545,157,122,191,157,126,191,159,131,189,160,133,190,1187,1037,1312,1206,1056,1351,1193,1049,1332,1199,1047,1328
18546,173,144,215,171,143,198,172,138,208,174,142,205,1270,1113,1411,1287,1129,1431,1274,1110,1415,1282,1120,1403
18547,189,151,223,188,155,220,187,150,225,189,158,223,1363,1188,1520,1380,1219,1537,1364,1180,1509,1374,1205,1514
18548,208,173,243,208,177,243,208,172,244,209,175,244,1468,1276,1655,1486,1325,1643,1469,1286,1631,1480,1298,1628
18549,228,189,263,227,187,263,229,191,264,232,190,272,1586,1381,1780,1604,1441,1775,1587,1391,1773,1600,1406,1760
18550,252,209,293,250,205,291,249,204,292,255,213,293,1719,1512,1936,1737,1537,1910,1717,1503,1917,1736,1526,1908
18551,278,228,317,273,235,316,276,229,317,276,240,322,1869,1640,2072,1883,1675,2079,1865,1634,2079,1884,1666,2086
18552,301,250,359,303,256,351,301,262,349,306,260,348,2031,1784,2266,2049,1822,2260,2026,1779,2278,2050,1841,2257
18553,334,289,386,330,279,388,332,283,390,338,298,385,2215,1938,2470,2231,1967,2480,2208,1932,2494,2236,2019,2432
18554,364,323,424,365,312,418,362,309,410,367,310,432,2415,2133,2694,2434,2156,2721,2406,2121,2699,2438,2189,2672
18555,400,341,445,401,346,452,405,334,464,402,355,443,2636,2322,2917,2660,2355,2962,2632,2305,2932,2659,2407,2897
18556,437,381,505,437,382,501,438,372,502,440,369,510,2877,2542,3210,2905,2584,3238,2875,2514,3225,2902,2624,3192
18557,477,416,527,478,405,543,479,412,553,481,415,539,3141,2775,3492,3173,2825,3538,3140,2761,3515,3168,2881,3467
18558,520,447,596,519,445,590,522,455,603,526,478,594,3428,3026,3804,3462,3063,3820,3429,3023,3846,3460,3147,3783
18559,567,501,642,563,496,635,562,489,627,569,503,629,3740,3291,4153,3775,3365,4158,3736,3289,4182,3773,3433,4120
18560,602,527,673,607,533,682,606,523,683,608,526,682,4065,3593,4489,4108,3662,4525,4063,3592,4538,4101,3734,4452
18561,647,559,720,644,558,736,647,545,742,649,574,718,4408,3883,4856,4453,3952,4924,4406,3865,4898,4444,4013,4809
18562,672,574,752,678,578,765,676,574,775,681,596,759,4749,4162,5242,4806,4246,5293,4751,4156,5306,4792,4328,5192
18563,705,616,793,703,604,772,703,624,792,708,627,778,5094,4465,5605,5155,4578,5648,5094,4499,5687,5138,4650,5555
18564,717,632,806,710,632,810,716,633,805,725,632,812,5423,4755,5955,5483,4853,6023,5422,4814,6037,5473,4932,5913
18565,718,636,813,721,619,825,722,639,811,728,650,809,5724,4988,6273,5792,5111,6389,5726,5118,6361,5781,5210,6256
18566,719,635,803,716,640,808,715,640,791,725,639,811,5997,5251,6591,6069,5381,6698,5995,5385,6639,6057,5470,6529
18567,709,631,790,703,619,790,708,633,781,712,630,791,6234,5491,6878,6307,5613,6946,6231,5613,6880,6293,5673,6802
18568,690,612,762,686,604,757,692,614,770,694,613,766,6428,5699,7067,6503,5819,7170,6427,5791,7091,6487,5838,7016
18569,671,584,745,670,586,753,668,588,753,675,610,764,6582,5828,7225,6663,5975,7353,6578,5931,7268,6641,5997,7172
18570,645,566,705,645,564,727,644,565,719,649,574,719,6693,5958,7319,6782,6080,7490,6688,6025,7367,6751,6098,7265
18571,618,544,696,622,546,693,617,545,687,624,549,698,6764,6045,7368,6864,6145,7568,6758,6108,7425,6823,6154,7353
18572,591,513,655,595,533,669,592,518,659,600,545,671,6799,6087,7414,6909,6220,7607,6793,6123,7447,6862,6206,7362
18573,567,499,635,571,506,648,569,495,623,576,513,634,6804,6124,7451,6924,6231,7639,6799,6133,7450,6870,6228,7366
18574,545,488,603,541,484,602,544,488,604,549,499,608,6784,6129,7437,6906,6231,7615,6778,6138,7411,6848,6220,7334
18575,517,457,565,520,454,576,519,449,593,525,458,584,6737,6095,7387,6866,6216,7549,6732,6106,7363,6803,6219,7297
18576,500,447,561,498,446,553,496,423,545,501,450,554,6677,6041,7332,6805,6175,7482,6666,6049,7282,6737,6162,7224
18577,477,425,539,472,420,521,475,428,520,482,432,533,6599,5973,7232,6724,6109,7392,6584,5995,7169,6657,6105,7139
18578,450,401,504,455,403,503,452,392,505,458,397,506,6500,5876,7116,6632,6054,7280,6486,5902,7092,6559,6009,7046
18579,432,387,481,432,373,485,430,375,478,431,385,485,6392,5779,6994,6524,5967,7140,6375,5798,6944,6444,5917,6932
18580,410,363,460,408,357,461,409,358,457,413,368,466,6271,5671,6874,6402,5863,7014,6252,5672,6801,6320,5814,6786
18581,387,341,432,385,342,430,385,339,430,389,343,428,6138,5557,6706,6267,5735,6849,6116,5583,6641,6184,5691,6635
18582,365,321,409,366,322,412,366,324,411,366,324,403,5995,5432,6540,6124,5603,6682,5974,5455,6497,6036,5564,6469
18583,345,297,395,342,311,389,347,302,387,347,302,394,5845,5304,6381,5970,5470,6504,5825,5322,6345,5883,5411,6309
18584,324,286,377,324,278,373,327,285,370,326,283,362,5687,5184,6204,5810,5340,6303,5670,5179,6180,5722,5261,6134
18585,309,275,343,304,262,347,307,271,358,310,273,346,5528,5043,6015,5644,5172,6124,5508,5063,5971,5558,5109,5934
18586,291,254,327,291,254,321,292,259,332,296,263,328,5367,4896,5836,5478,5019,5938,5346,4905,5800,5396,4995,5739
18587,281,251,314,281,250,313,280,253,319,282,249,322,5209,4780,5656,5317,4889,5754,5186,4759,5608,5235,4864,5590
18588,270,227,306,273,241,301,270,239,306,272,241,302,5055,4645,5491,5162,4760,5579,5032,4620,5428,5078,4758,5402
18589,262,228,303,261,224,300,260,220,297,263,228,291,4909,4507,5330,5011,4626,5403,4882,4476,5261,4928,4617,5229
18590,253,222,281,250,217,286,251,224,281,255,224,289,4766,4378,5151,4861,4508,5247,4737,4380,5100,4783,4487,5079
18591,249,222,280,245,212,274,245,211,278,247,224,276,4633,4247,4986,4719,4385,5079,4599,4269,4942,4644,4366,4926
18592,237,208,266,236,202,269,240,211,272,238,213,271,4501,4126,4835,4582,4273,4913,4470,4156,4791,4509,4232,4769
18593,229,203,266,228,199,255,230,198,257,230,203,257,4372,4016,4676,4449,4148,4765,4342,4036,4637,4377,4091,4633
18594,221,194,252,221,189,250,224,193,252,223,201,258,4248,3909,4539,4320,4022,4622,4221,3930,4489,4251,3985,4482
18595,216,192,244,215,185,242,216,190,252,219,195,247,4128,3809,4412,4197,3913,4478,4103,3828,4371,4132,3879,4344
18596,210,182,238,211,185,236,210,180,240,211,186,251,4014,3707,4275,4080,3807,4344,3989,3726,4238,4016,3782,4224
18597,205,177,234,204,177,235,208,179,235,206,176,239,3905,3624,4151,3966,3708,4209,3884,3629,4108,3904,3679,4121
18598,200,166,228,197,169,226,199,170,233,202,176,227,3801,3524,4034,3856,3611,4095,3780,3549,4011,3799,3580,4023
18599,194,168,220,196,166,222,197,169,223,197,169,223,3699,3422,3932,3754,3520,3978,3682,3463,3907,3697,3491,3895
18600,193,167,218,195,167,222,193,171,225,195,171,221,3606,3349,3828,3660,3431,3861,3589,3385,3803,3602,3403,3786
18601,190,166,216,191,162,218,190,162,217,190,169,212,3518,3268,3744,3570,3354,3770,3501,3298,3692,3511,3320,3680
18602,187,163,211,188,165,214,192,168,218,192,167,218,3434,3206,3635,3484,3276,3685,3423,3223,3604,3428,3234,3585
18603,187,158,219,189,168,215,191,164,214,192,162,224,3358,3140,3558,3407,3217,3598,3351,3155,3524,3353,3173,3490
18604,193,167,219,188,162,218,192,167,217,192,167,215,3295,3087,3492,3335,3146,3511,3286,3095,3451,3285,3123,3410
18605,193,169,221,191,158,226,194,165,223,192,163,224,3238,3049,3423,3273,3072,3448,3229,3048,3381,3223,3075,3346
18606,192,160,223,192,160,225,195,171,221,195,165,227,3185,3001,3360,3218,3026,3400,3178,3023,3325,3169,3026,3293
18607,194,163,228,196,168,224,197,171,225,197,171,220,3139,2974,3322,3171,2993,3341,3134,2991,3274,3123,2988,3240
18608,196,167,223,198,169,226,196,170,227,196,172,222,3099,2947,3268,3131,2964,3279,3093,2962,3229,3079,2949,3192
18609,199,168,229,198,173,231,197,171,224,198,170,221,3065,2929,3238,3094,2938,3230,3056,2939,3191,3041,2920,3150
18610,196,164,223,198,170,234,198,171,233,203,174,229,3031,2906,3219,3059,2914,3190,3023,2896,3159,3011,2891,3120
18611,200,175,224,195,171,218,198,172,221,200,173,225,3004,2890,3173,3026,2890,3141,2992,2861,3134,2980,2867,3095
18612,197,164,226,196,165,226,197,172,224,199,172,227,2975,2865,3138,2994,2857,3115,2962,2832,3096,2951,2840,3068
18613,193,169,225,193,161,227,193,164,223,195,170,223,2945,2829,3106,2962,2821,3085,2931,2806,3057,2920,2804,3038
18614,190,158,219,189,165,224,188,161,215,193,170,221,2914,2794,3067,2929,2795,3046,2895,2760,3016,2889,2775,3004
18615,186,158,213,185,160,206,185,162,206,186,158,213,2880,2765,3012,2893,2770,3006,2859,2719,2975,2853,2752,2965
18616,182,155,210,181,151,213,181,152,210,183,153,214,2845,2730,2980,2856,2745,2972,2821,2681,2932,2815,2702,2929
18617,177,156,209,177,151,206,176,155,207,179,146,214,2806,2699,2936,2817,2715,2937,2780,2655,2893,2776,2654,2892
18618,172,144,197,173,146,203,172,143,196,173,147,197,2766,2664,2904,2777,2662,2897,2738,2623,2847,2733,2623,2847
18619,167,142,195,170,147,195,166,142,190,169,141,195,2723,2605,2852,2736,2629,2857,2693,2584,2787,2690,2587,2810
18620,164,141,190,163,134,192,165,139,192,166,139,189,2679,2574,2809,2691,2597,2805,2649,2540,2740,2646,2533,2774
18621,161,136,189,161,130,185,163,138,188,160,134,184,2635,2523,2758,2647,2556,2761,2607,2500,2694,2600,2493,2719
18622,157,130,181,159,132,186,157,136,186,157,133,188,2591,2483,2702,2604,2505,2715,2562,2453,2653,2554,2455,2679
18623,159,134,188,156,132,182,157,135,182,157,130,189,2552,2443,2670,2562,2465,2681,2520,2411,2607,2513,2415,2626
18624,154,124,184,153,132,179,154,127,182,152,126,181,2512,2401,2628,2520,2422,2643,2479,2381,2576,2468,2373,2583
18625,150,123,178,150,126,174,153,127,185,153,133,181,2471,2362,2592,2478,2374,2606,2440,2334,2553,2429,2332,2544
18626,149,126,176,150,124,174,151,126,177,152,129,170,2432,2319,2555,2440,2330,2562,2402,2300,2530,2392,2299,2515
18627,152,129,179,148,121,179,149,125,179,150,126,178,2398,2284,2532,2403,2287,2520,2365,2267,2495,2356,2261,2481
18628,149,122,181,149,124,173,150,132,173,150,128,175,2364,2241,2496,2369,2244,2487,2332,2235,2461,2322,2228,2442
18629,148,118,174,148,126,178,148,121,176,149,123,173,2332,2214,2463,2337,2208,2466,2299,2200,2436,2291,2189,2416
18630,147,125,176,144,116,172,146,123,173,147,122,170,2303,2192,2426,2303,2172,2440,2267,2168,2403,2260,2158,2385
18631,142,117,171,141,118,168,143,117,173,144,116,169,2270,2154,2396,2270,2136,2419,2235,2126,2374,2229,2118,2356
18632,141,110,169,141,121,171,141,118,168,140,111,162,2237,2112,2377,2238,2094,2397,2203,2089,2346,2195,2085,2338
18633,136,111,164,138,112,165,138,111,165,136,108,165,2203,2076,2330,2205,2069,2377,2170,2055,2313,2161,2039,2311
18634,133,108,155,133,109,160,134,106,159,134,110,158,2167,2042,2303,2170,2042,2339,2136,2011,2286,2127,1998,2281
18635,132,103,162,131,107,161,132,108,153,129,104,159,2133,2005,2274,2136,2002,2309,2102,1984,2255,2090,1955,2243
18636,127,101,150,126,105,147,128,98,158,128,101,151,2096,1959,2236,2098,1962,2266,2067,1936,2221,2054,1927,2200
18637,123,102,147,128,107,148,127,99,151,126,102,149,2059,1922,2187,2065,1934,2235,2033,1895,2188,2019,1896,2165
18638,124,102,146,123,100,148,125,102,149,121,99,139,2024,1889,2149,2030,1907,2199,2000,1859,2157,1982,1862,2124
18639,122,95,146,123,100,155,123,95,151,124,97,156,1990,1845,2121,1998,1876,2176,1967,1820,2122,1950,1825,2091
18640,123,100,142,122,99,141,124,101,152,124,100,147,1960,1830,2100,1967,1844,2142,1938,1800,2086,1921,1793,2066
18641,123,97,151,124,101,153,124,100,149,123,100,147,1932,1799,2070,1940,1816,2117,1911,1769,2065,1894,1772,2039
18642,126,104,159,123,101,153,124,103,147,123,100,151,1910,1774,2042,1915,1787,2086,1887,1746,2041,1870,1750,2017
18643,127,104,156,126,101,153,128,105,157,124,103,144,1891,1746,2036,1895,1769,2074,1869,1723,2027,1848,1729,1983
18644,127,105,156,127,102,151,125,96,152,126,104,150,1874,1734,2033,1877,1751,2056,1850,1698,2011,1830,1713,1964
18645,129,109,156,130,106,152,130,107,156,128,104,154,1860,1717,2021,1864,1742,2043,1837,1687,2005,1815,1692,1952
18646,131,108,158,131,107,153,128,107,151,128,106,156,1848,1693,2003,1853,1737,2035,1824,1687,1989,1803,1680,1940
18647,133,108,158,131,108,160,130,109,154,130,107,160,1840,1686,1994,1843,1730,2031,1813,1683,1965,1793,1669,1951
18648,132,106,158,135,111,165,133,112,159,133,105,159,1832,1678,1991,1838,1727,2027,1806,1674,1976,1787,1651,1946
18649,134,113,159,135,110,167,133,109,162,133,108,160,1826,1679,1981,1833,1720,2027,1801,1667,1969,1781,1644,1929
18650,134,106,165,136,112,166,135,108,162,136,108,166,1820,1662,1972,1829,1710,2015,1796,1671,1969,1779,1630,1929
18651,137,110,163,134,108,158,137,114,160,136,111,161,1818,1655,1982,1824,1694,1993,1794,1664,1966,1777,1615,1930
18652,136,109,168,140,114,165,138,104,172,137,113,162,1814,1644,1983,1824,1700,1999,1793,1655,1975,1775,1621,1928
18653,136,110,163,138,111,166,136,110,163,137,108,165,1811,1648,1981,1822,1690,2000,1791,1642,1971,1774,1624,1943
18654,138,111,168,137,110,165,135,108,163,134,109,160,1809,1645,1987,1820,1678,2000,1786,1637,1961,1770,1624,1925
18655,134,106,166,133,106,158,135,110,164,134,110,162,1803,1634,1983,1814,1663,1994,1782,1639,1958,1765,1614,1910
18656,133,110,161,133,107,162,132,103,163,132,108,159,1796,1626,1971,1807,1654,1993,1775,1628,1963,1758,1606,1911
18657,129,106,169,131,106,161,131,110,165,128,106,157,1785,1620,1984,1798,1647,1996,1768,1622,1960,1748,1592,1908
18658,130,104,157,128,100,160,130,105,160,127,103,154,1776,1608,1975,1787,1643,1998,1759,1605,1950,1737,1568,1903
18659,128,103,156,126,99,155,128,101,153,128,105,153,1764,1594,1955,1774,1623,1993,1749,1593,1936,1727,1557,1893
18660,126,101,150,128,101,162,126,96,152,126,101,148,1752,1581,1939,1764,1607,1986,1737,1574,1931,1716,1542,1878
18661,124,95,147,127,105,157,124,97,151,123,96,149,1738,1562,1922,1754,1593,1980,1724,1558,1929,1702,1536,1870
18662,125,101,150,124,102,146,124,98,152,124,101,152,1727,1551,1898,1742,1592,1962,1711,1536,1922,1691,1528,1863
18663,124,97,153,124,99,150,124,98,155,124,100,153,1716,1527,1887,1731,1579,1953,1700,1529,1914,1681,1520,1854
18664,125,101,152,124,102,155,123,97,151,122,96,146,1706,1520,1883,1721,1569,1929,1689,1526,1909,1670,1505,1834
18665,125,94,158,125,105,154,126,99,154,122,96,148,1697,1514,1884,1712,1560,1926,1681,1520,1902,1659,1489,1824
18666,125,97,155,124,95,153,127,101,162,125,99,153,1690,1499,1868,1704,1546,1923,1675,1517,1908,1653,1480,1822
18667,126,102,158,126,103,157,127,99,156,125,96,156,1684,1487,1865,1697,1534,1920,1670,1499,1910,1647,1468,1827
18668,127,103,163,129,104,159,127,98,152,126,99,154,1679,1484,1866,1695,1529,1929,1666,1487,1912,1643,1460,1831
18669,129,102,161,129,104,162,130,102,155,127,97,154,1677,1475,1870,1692,1522,1913,1665,1486,1899,1641,1442,1839
18670,127,97,158,127,100,160,127,100,155,127,102,150,1673,1457,1879,1689,1511,1904,1661,1480,1902,1639,1449,1840
18671,129,99,160,131,104,162,130,106,166,128,99,158,1672,1449,1889,1689,1512,1903,1660,1485,1900,1638,1445,1829
18672,130,103,169,131,99,162,130,106,166,129,106,157,1672,1449,1886,1690,1506,1907,1660,1477,1907,1639,1440,1848
18673,132,102,160,134,106,165,131,105,164,130,101,159,1674,1442,1899,1695,1500,1916,1661,1475,1922,1640,1435,1853
18674,133,105,165,131,103,162,131,102,164,131,112,160,1677,1437,1914,1696,1494,1924,1662,1471,1932,1643,1441,1848
18675,136,105,168,135,107,166,135,97,170,136,104,168,1682,1441,1924,1701,1504,1931,1666,1454,1952,1649,1447,1856
18676,138,112,168,136,107,174,136,109,169,136,113,166,1689,1452,1931,1706,1499,1959,1671,1462,1957,1656,1453,1869
18677,137,100,169,138,111,170,138,109,170,137,109,168,1695,1456,1937,1713,1487,1972,1679,1473,1968,1664,1473,1886
18678,141,110,190,139,107,172,140,106,176,138,107,168,1705,1457,1959,1721,1483,2000,1688,1475,1982,1672,1480,1903
18679,142,104,180,143,116,185,143,113,174,141,108,173,1715,1447,1979,1732,1498,2034,1699,1483,1996,1682,1476,1918
18680,146,112,181,146,118,175,146,115,181,143,116,177,1727,1454,2009,1745,1500,2053,1712,1499,2025,1694,1489,1932
18681,146,112,184,150,124,195,149,115,185,145,110,179,1740,1458,2037,1762,1515,2062,1727,1504,2051,1707,1495,1957
18682,150,110,187,152,124,184,151,117,184,151,119,180,1754,1463,2058,1779,1526,2076,1743,1520,2064,1724,1502,1985
18683,153,123,186,155,127,189,155,122,191,151,120,189,1771,1479,2077,1797,1558,2100,1762,1543,2084,1740,1514,1996
18684,157,125,193,157,123,199,154,122,188,153,121,188,1791,1503,2104,1817,1566,2116,1779,1550,2103,1757,1524,2013
18685,159,120,204,160,123,199,160,121,194,158,122,199,1811,1507,2133,1837,1576,2136,1799,1570,2138,1777,1540,2034
18686,160,121,218,162,124,200,160,125,206,159,120,197,1831,1525,2177,1859,1586,2162,1819,1572,2172,1797,1542,2048
18687,160,130,208,163,124,198,162,129,195,161,128,194,1849,1544,2205,1880,1607,2196,1839,1583,2186,1817,1551,2071
18688,164,121,209,165,133,201,165,128,213,163,126,198,1869,1540,2213,1901,1627,2224,1860,1596,2222,1837,1564,2091
18689,162,126,201,164,132,210,167,133,214,162,124,198,1885,1556,2250,1919,1644,2269,1882,1617,2254,1856,1581,2122
18690,164,130,214,166,132,205,164,130,209,160,127,202,1902,1568,2271,1937,1653,2272,1899,1626,2279,1870,1585,2151
18691,162,125,208,164,122,207,165,129,207,164,131,203,1915,1574,2297,1952,1655,2303,1914,1641,2300,1887,1589,2154
18692,162,126,204,164,131,211,164,126,203,160,129,200,1927,1574,2319,1966,1673,2331,1928,1641,2322,1897,1599,2173
18693,162,122,206,162,133,198,162,129,204,159,128,203,1937,1583,2333,1975,1683,2346,1938,1656,2336,1906,1605,2198
18694,159,122,200,162,128,201,162,132,197,158,120,203,1944,1588,2365,1984,1687,2354,1946,1658,2344,1913,1605,2224
18695,161,115,207,163,127,194,161,124,206,161,124,213,1951,1602,2381,1992,1700,2357,1953,1666,2360,1921,1609,2245
18696,163,120,212,164,127,209,164,123,206,162,129,205,1960,1598,2391,2001,1706,2374,1962,1659,2373,1930,1629,2263
18697,163,121,203,164,129,197,165,128,216,160,124,203,1969,1604,2398,2010,1709,2380,1971,1685,2399,1937,1643,2260
18698,168,120,225,172,132,216,170,133,226,165,135,206,1982,1614,2419,2026,1698,2396,1985,1697,2406,1949,1645,2277
18699,172,127,227,172,135,217,172,132,218,172,139,214,1998,1623,2459,2041,1718,2417,2000,1716,2438,1966,1667,2311
18700,179,130,219,179,142,223,179,140,226,177,137,219,2021,1635,2479,2063,1730,2442,2021,1735,2460,1988,1678,2355
18701,185,129,236,189,144,238,184,145,230,186,143,233,2048,1638,2513,2093,1764,2484,2046,1736,2496,2018,1695,2395
18702,193,144,260,194,153,240,192,147,237,189,154,237,2082,1670,2570,2126,1786,2528,2077,1745,2553,2049,1716,2444
18703,196,151,248,202,155,261,200,156,260,197,156,250,2116,1687,2621,2166,1813,2575,2115,1761,2612,2087,1739,2502
18704,206,153,266,209,162,267,208,157,255,205,156,254,2158,1713,2688,2210,1854,2647,2159,1784,2676,2129,1783,2550
18705,215,160,269,215,173,259,216,169,264,213,161,275,2207,1742,2750,2257,1906,2689,2207,1825,2728,2177,1821,2599
18706,222,170,280,223,170,278,224,181,278,221,174,271,2258,1789,2810,2308,1942,2749,2260,1863,2793,2228,1867,2659
18707,232,173,292,233,184,289,236,182,300,229,182,290,2317,1839,2876,2365,1983,2824,2322,1907,2844,2284,1910,2743
18708,243,186,315,240,190,298,242,193,314,236,186,295,2381,1876,2986,2426,2027,2868,2384,1945,2928,2344,1958,2832
18709,248,188,312,245,193,299,248,199,317,244,185,313,2447,1933,3061,2487,2064,2940,2448,1994,3029,2406,1998,2897
18710,253,193,334,255,193,319,256,205,314,250,194,319,2511,1981,3154,2553,2105,3033,2514,2034,3102,2470,2048,2982
18711,261,202,340,261,205,321,263,212,332,256,195,317,2578,2037,3243,2620,2149,3108,2581,2098,3199,2535,2082,3071
18712,263,196,339,263,209,328,265,211,338,262,207,318,2642,2086,3332,2684,2203,3156,2646,2147,3312,2600,2137,3142
18713,269,207,340,274,212,341,271,211,338,269,220,327,2706,2147,3402,2753,2248,3232,2711,2206,3390,2667,2192,3202
18714,272,207,357,274,210,337,275,222,339,270,215,346,2768,2189,3457,2816,2302,3296,2773,2252,3474,2728,2248,3287
18715,279,208,346,280,216,352,279,222,363,277,224,343,2830,2227,3523,2880,2362,3403,2835,2324,3550,2792,2298,3400
18716,282,204,363,280,213,342,284,220,368,280,225,338,2890,2261,3602,2940,2413,3468,2897,2365,3615,2853,2355,3473
18717,286,225,352,286,221,371,285,217,357,284,222,355,2950,2326,3657,3000,2454,3554,2954,2402,3680,2913,2395,3543
18718,289,223,370,291,236,357,292,229,367,283,226,353,3008,2384,3724,3059,2517,3620,3014,2443,3762,2966,2449,3613
18719,291,216,377,293,229,382,290,220,381,289,219,363,3063,2438,3779,3116,2556,3692,3066,2459,3835,3021,2489,3695
18720,293,228,371,292,228,362,295,230,379,287,224,366,3114,2464,3845,3167,2592,3771,3118,2496,3894,3068,2524,3741
18721,293,210,378,290,218,391,296,219,376,288,213,358,3162,2506,3894,3212,2609,3863,3167,2524,3980,3113,2578,3789
18722,294,225,383,292,215,366,295,218,387,286,215,358,3206,2537,3947,3254,2640,3930,3211,2549,4056,3152,2594,3835
18723,293,217,384,291,226,364,294,225,373,287,216,365,3245,2553,3988,3292,2654,3987,3249,2583,4120,3188,2609,3882
18724,291,227,389,288,222,363,294,220,375,287,221,354,3279,2597,4051,3323,2673,4046,3284,2611,4167,3220,2633,3924
18725,288,207,377,290,211,368,288,210,372,284,202,354,3306,2613,4101,3354,2677,4105,3310,2632,4193,3247,2615,3964
18726,284,215,361,283,208,379,285,213,375,280,209,356,3327,2641,4093,3375,2688,4180,3330,2635,4211,3268,2634,4018
18727,278,213,348,280,205,360,282,213,353,275,211,347,3340,2644,4097,3390,2684,4227,3346,2643,4244,3281,2640,4020
18728,274,199,350,274,211,345,274,202,344,274,210,348,3346,2649,4101,3398,2695,4222,3351,2649,4238,3291,2658,4033
18729,270,199,364,271,199,344,273,201,341,268,200,348,3349,2634,4106,3402,2708,4211,3355,2640,4244,3295,2665,4048
18730,266,197,341,264,201,345,269,201,339,260,199,339,3346,2635,4098,3398,2705,4227,3353,2638,4224,3289,2649,4025
18731,258,195,334,260,194,336,262,193,337,257,202,334,3335,2628,4073,3391,2697,4234,3345,2634,4221,3281,2644,4023
18732,254,188,339,252,179,337,253,190,331,252,187,328,3322,2615,4056,3376,2649,4233,3328,2629,4203,3268,2616,4006
18733,250,187,320,245,175,322,246,187,321,242,183,317,3305,2606,4057,3355,2630,4232,3305,2615,4149,3246,2589,3966
18734,241,161,322,240,165,315,242,176,318,237,178,313,3281,2595,4045,3329,2588,4212,3280,2585,4119,3221,2574,3918
18735,232,172,304,232,174,314,232,166,306,229,174,305,3249,2564,4001,3298,2564,4147,3247,2552,4061,3189,2550,3889
18736,223,151,316,225,158,306,224,158,294,219,159,296,3211,2515,3986,3262,2540,4106,3208,2502,3992,3150,2505,3834
18737,217,158,300,219,145,318,217,151,298,212,152,293,3169,2473,3937,3223,2508,4079,3165,2478,3929,3107,2461,3758
18738,208,148,298,209,144,297,209,147,275,208,149,290,3123,2437,3891,3176,2476,4003,3118,2417,3881,3063,2439,3717
18739,204,134,281,203,143,305,202,133,268,199,140,282,3076,2388,3855,3127,2435,3966,3068,2355,3836,3013,2404,3664
18740,194,133,268,193,120,268,193,132,263,192,132,272,3023,2328,3795,3072,2394,3948,3013,2322,3774,2961,2352,3605
18741,186,124,273,187,128,284,189,123,271,184,123,268,2966,2264,3762,3015,2335,3926,2958,2267,3726,2905,2304,3572
18742,179,114,265,181,110,278,181,116,273,178,117,268,2907,2208,3742,2957,2288,3909,2900,2208,3684,2848,2233,3539
18743,172,112,280,174,115,274,174,103,238,170,110,262,2846,2147,3706,2897,2229,3874,2840,2126,3623,2787,2193,3496
18744,165,102,254,170,108,283,169,103,255,167,109,271,2783,2079,3663,2837,2165,3843,2780,2058,3587,2729,2145,3475
18745,166,87,278,165,97,274,164,99,256,163,102,270,2726,2041,3607,2778,2095,3806,2721,2000,3540,2673,2090,3436
18746,159,88,264,160,92,277,162,91,271,156,90,260,2669,1987,3558,2719,2033,3764,2664,1939,3494,2614,2013,3404
18747,157,80,265,158,85,276,158,79,265,155,84,260,2614,1917,3536,2663,1965,3740,2610,1856,3461,2560,1933,3383
18748,153,80,261,156,89,286,156,79,262,152,83,251,2561,1850,3515,2610,1907,3708,2558,1800,3419,2507,1854,3373
18749,152,74,274,154,81,286,153,79,251,151,78,256,2510,1772,3508,2561,1842,3691,2508,1743,3368,2458,1781,3361
18750,152,79,284,153,78,284,151,74,266,153,75,282,2464,1712,3480,2513,1773,3688,2461,1681,3378,2415,1717,3378
18751,152,73,284,153,72,301,152,65,276,149,70,285,2423,1656,3474,2471,1700,3713,2418,1630,3392,2373,1669,3400
18752,151,70,269,151,70,299,149,66,289,149,72,283,2385,1598,3451,2430,1636,3726,2377,1583,3408,2335,1623,3410
18753,151,69,268,152,70,288,150,61,286,150,69,283,2350,1547,3426,2394,1584,3726,2340,1535,3409,2301,1590,3429
18754,149,68,298,151,63,294,151,66,275,151,65,295,2317,1490,3446,2361,1527,3733,2308,1484,3408,2271,1528,3421
18755,149,54,310,148,64,292,152,61,281,148,68,285,2287,1430,3448,2327,1478,3726,2280,1428,3435,2242,1475,3429
18756,148,63,278,148,61,296,152,71,281,149,63,293,2258,1372,3448,2297,1435,3733,2255,1388,3456,2216,1428,3456
18757,147,61,287,147,58,289,151,58,300,147,62,284,2231,1321,3453,2267,1398,3734,2231,1340,3462,2190,1397,3450
18758,150,54,299,144,53,303,152,63,291,146,55,289,2210,1275,3480,2237,1365,3748,2210,1309,3462,2164,1366,3453
18759,148,59,290,146,62,297,148,56,286,145,59,280,2188,1238,3493,2212,1338,3757,2187,1261,3475,2140,1328,3449
18760,147,53,297,145,57,305,149,50,297,144,54,277,2167,1205,3500,2187,1318,3760,2167,1218,3477,2117,1290,3447
18761,146,50,293,146,61,300,152,61,278,143,56,284,2147,1167,3520,2166,1294,3767,2152,1182,3481,2095,1251,3448
18762,149,59,316,145,58,301,148,52,299,144,57,294,2131,1133,3538,2146,1273,3780,2134,1144,3490,2076,1215,3467
18763,152,49,299,146,55,308,152,52,286,141,59,280,2119,1093,3570,2128,1245,3804,2121,1110,3478,2055,1180,3479
18764,155,55,335,146,58,315,153,58,294,144,60,291,2111,1071,3599,2112,1222,3827,2110,1083,3490,2039,1153,3488
18765,156,62,310,148,56,321,153,62,286,144,55,284,2106,1056,3618,2099,1193,3846,2101,1061,3489,2024,1121,3486
18766,161,64,326,150,58,324,151,55,285,140,55,277,2106,1041,3645,2089,1164,3874,2090,1036,3494,2006,1090,3480
18767,163,59,334,151,57,341,151,54,304,143,51,273,2109,1023,3696,2081,1136,3916,2079,1018,3527,1993,1065,3469
18768,164,60,327,152,58,336,152,58,305,140,59,277,2112,1011,3732,2075,1116,3953,2070,1003,3567,1978,1043,3446
18769,168,58,350,153,63,330,153,56,295,142,51,282,2119,1001,3792,2071,1098,3980,2062,984,3581,1966,1026,3449
18770,173,70,353,159,62,352,153,54,292,142,55,275,2131,997,3851,2073,1080,4035,2055,970,3582,1954,1007,3452
18771,176,62,377,160,62,346,152,52,287,141,56,282,2145,987,3914,2075,1061,4073,2047,954,3564,1943,993,3431
18772,180,67,390,165,62,372,154,55,289,142,52,291,2161,981,4001,2083,1042,4127,2043,945,3566,1933,974,3456
18773,187,67,388,168,69,365,155,60,291,142,55,282,2183,969,4080,2093,1028,4176,2040,940,3570,1925,947,3439
18774,189,70,408,172,71,382,157,60,304,143,50,280,2207,969,4155,2107,1021,4235,2038,927,3590,1918,931,3429
18775,194,68,415,176,66,389,158,62,294,142,57,271,2233,968,4232,2124,1014,4295,2038,928,3606,1911,921,3410
18776,200,74,432,184,74,415,156,60,295,141,53,279,2263,971,4346,2148,1002,4370,2036,920,3617,1902,907,3415
18777,209,72,430,186,77,420,159,59,303,141,56,263,2299,971,4431,2172,1015,4457,2037,910,3650,1894,895,3403
18778,211,77,440,185,74,433,158,56,281,140,55,277,2335,990,4535,2193,1013,4552,2036,904,3644,1886,886,3402
18779,218,90,457,189,80,443,159,60,299,140,57,279,2375,1007,4652,2217,1011,4615,2037,892,3645,1879,877,3412
18780,226,86,480,194,80,406,159,62,295,138,53,276,2420,1025,4783,2242,1021,4661,2037,879,3623,1869,867,3383
18781,228,76,503,194,86,456,159,63,294,138,59,274,2462,1028,4913,2266,1037,4744,2037,877,3627,1861,865,3371
18782,234,98,509,199,78,446,159,64,295,138,50,265,2508,1055,5046,2292,1046,4822,2037,874,3618,1853,845,3359
18783,243,91,505,205,85,477,161,61,286,139,58,263,2558,1071,5156,2323,1058,4937,2039,871,3615,1847,840,3343
18784,252,104,557,208,84,484,159,65,283,135,54,259,2613,1096,5285,2354,1073,5036,2039,873,3605,1837,832,3329
18785,256,100,550,211,92,483,158,59,275,131,54,249,2668,1114,5432,2385,1099,5133,2037,866,3604,1824,823,3300
18786,264,110,548,214,89,481,160,62,295,132,57,241,2727,1149,5553,2418,1116,5221,2037,863,3614,1812,817,3287
18787,270,106,599,218,99,489,157,63,281,129,53,235,2787,1161,5719,2451,1138,5303,2035,867,3598,1797,812,3250
18788,273,101,573,224,100,508,158,57,284,130,55,239,2845,1181,5824,2488,1156,5402,2033,859,3597,1785,806,3218
18789,280,104,613,226,94,529,155,54,278,128,55,231,2905,1186,5970,2524,1170,5527,2029,846,3582,1773,809,3177
18790,289,111,626,232,88,534,157,60,287,126,52,241,2968,1207,6128,2564,1193,5629,2026,840,3578,1759,801,3146
18791,296,103,624,234,104,517,156,57,288,123,50,226,3034,1215,6239,2602,1211,5713,2023,833,3581,1742,791,3134
18792,303,132,642,239,110,548,152,62,277,122,53,241,3101,1257,6390,2642,1240,5813,2015,825,3577,1727,787,3115
18793,308,123,633,246,107,556,152,52,264,120,50,231,3168,1278,6517,2685,1254,5920,2008,829,3559,1710,778,3088
18794,309,109,663,247,110,520,151,58,276,119,48,236,3230,1289,6647,2726,1270,5985,2001,816,3562,1694,763,3079
18795,316,125,707,250,100,533,153,66,281,119,53,217,3293,1317,6848,2767,1288,6053,1996,810,3556,1678,752,3052
18796,326,132,668,252,111,570,154,60,283,119,47,237,3362,1347,6982,2807,1298,6120,1993,804,3560,1664,746,3037
18797,332,132,705,253,107,555,151,63,266,118,49,216,3431,1378,7139,2843,1315,6199,1986,802,3540,1650,735,3005
18798,335,121,704,257,121,591,154,65,269,118,51,227,3498,1393,7282,2882,1340,6309,1984,808,3530,1638,731,2984
18799,346,133,725,259,101,557,156,67,291,122,55,233,3570,1417,7425,2918,1348,6380,1984,819,3529,1631,721,2978
18800,348,133,709,262,113,570,159,64,304,121,51,237,3638,1437,7549,2955,1361,6455,1987,821,3530,1624,713,2965
18801,354,131,762,262,121,574,161,77,294,121,52,234,3706,1456,7707,2988,1369,6524,1992,834,3533,1617,712,2952
18802,360,138,778,265,110,561,163,70,299,121,52,255,3775,1486,7873,3021,1373,6564,1999,846,3534,1611,712,2973
18803,368,149,786,270,100,578,165,72,320,121,57,236,3846,1520,8024,3057,1376,6629,2007,854,3570,1605,713,2964
18804,368,148,766,271,111,587,169,75,319,122,56,244,3912,1556,8168,3091,1387,6700,2019,863,3598,1601,716,2957
18805,375,150,742,274,111,586,171,81,318,123,53,257,3979,1599,8261,3126,1398,6773,2032,871,3634,1598,716,2978
18806,384,156,773,275,120,580,171,82,314,123,53,244,4049,1653,8360,3158,1416,6800,2044,882,3656,1596,719,2984
18807,386,146,758,278,115,579,173,84,328,125,65,250,4117,1669,8434,3192,1417,6845,2058,898,3700,1596,725,3000
18808,389,155,788,277,120,556,177,84,338,127,54,259,4181,1704,8529,3221,1415,6889,2074,910,3745,1598,723,3021
18809,396,152,793,280,113,581,183,87,356,129,63,277,4247,1741,8660,3251,1429,6933,2096,925,3809,1602,733,3063
18810,393,150,781,281,106,591,185,86,350,131,57,262,4305,1782,8741,3280,1439,6965,2118,940,3862,1607,736,3082
18811,397,142,777,280,111,569,186,93,378,132,70,282,4362,1808,8759,3305,1449,6985,2139,959,3935,1614,757,3124
18812,400,163,794,279,103,554,190,95,360,132,69,263,4417,1845,8818,3326,1442,7018,2161,968,3982,1620,766,3131
18813,401,159,768,277,102,557,191,99,353,132,64,261,4468,1874,8879,3345,1451,7028,2183,992,4016,1625,770,3139
18814,396,150,740,277,117,561,191,89,350,132,65,269,4510,1897,8894,3361,1459,7042,2203,1002,4043,1629,784,3151
18815,389,149,760,269,100,532,191,102,365,129,59,270,4541,1913,8906,3368,1445,7024,2222,1028,4064,1630,782,3162
18816,381,148,731,263,102,492,191,94,367,128,62,261,4561,1906,8906,3367,1438,6981,2238,1042,4094,1630,788,3173
18817,377,134,714,257,92,501,190,101,380,124,65,251,4574,1891,8903,3360,1419,6906,2251,1053,4151,1625,792,3174
18818,374,138,710,249,94,474,185,92,363,125,67,270,4582,1886,8911,3345,1404,6817,2259,1061,4200,1621,802,3191
18819,367,136,682,247,88,500,187,92,356,121,58,248,4582,1893,8890,3329,1390,6767,2267,1073,4227,1614,812,3187
18820,359,126,660,244,86,471,188,98,364,120,64,234,4575,1857,8861,3311,1379,6687,2275,1098,4251,1606,825,3161
18821,354,129,668,235,81,443,186,97,371,119,57,253,4562,1830,8818,3285,1361,6602,2280,1112,4281,1597,841,3149
18822,351,116,649,231,77,437,188,93,387,119,60,252,4548,1819,8734,3256,1348,6513,2287,1135,4288,1589,831,3137
18823,348,118,640,227,78,423,187,87,380,118,60,236,4532,1798,8678,3226,1341,6420,2293,1134,4338,1580,841,3120
18824,344,116,644,221,76,411,189,92,368,117,61,229,4513,1779,8600,3193,1324,6319,2300,1155,4364,1572,845,3136
18825,344,111,609,219,70,403,191,94,362,117,59,235,4497,1779,8480,3160,1304,6226,2309,1164,4373,1564,842,3132
18826,342,107,630,213,66,382,191,93,358,116,55,239,4480,1749,8407,3124,1295,6109,2317,1168,4381,1555,840,3120
18827,341,112,617,209,66,366,194,97,372,116,63,234,4464,1740,8349,3087,1272,5981,2327,1182,4388,1547,848,3114
18828,332,101,572,204,62,372,196,99,364,116,54,222,4441,1720,8254,3049,1258,5871,2339,1202,4395,1541,846,3088
18829,334,97,604,200,57,348,195,95,379,114,49,239,4422,1706,8150,3009,1231,5755,2350,1215,4425,1532,847,3068
18830,328,87,568,194,64,345,198,94,378,113,53,235,4399,1688,8078,2967,1206,5629,2362,1236,4448,1524,840,3054
18831,327,96,581,191,56,344,199,89,391,112,51,227,4377,1685,7955,2926,1178,5515,2374,1248,4475,1516,846,3025
18832,324,88,571,187,52,338,200,88,390,113,51,228,4354,1672,7849,2884,1162,5413,2387,1247,4496,1508,837,2999
18833,317,86,558,184,48,319,202,87,392,111,46,220,4327,1649,7759,2842,1143,5293,2401,1259,4531,1500,825,2983
18834,313,84,549,179,52,321,201,84,385,108,48,214,4297,1616,7656,2799,1130,5179,2413,1261,4559,1489,818,2953
18835,307,76,559,175,48,308,205,85,382,106,45,211,4265,1578,7530,2755,1105,5068,2427,1276,4585,1477,806,2924
18836,305,78,538,170,45,302,204,81,391,108,44,218,4233,1552,7433,2710,1083,4949,2440,1285,4598,1468,804,2899
18837,299,81,513,163,38,284,204,78,377,105,44,218,4197,1532,7321,2661,1041,4833,2451,1291,4598,1457,796,2890
18838,295,76,514,159,39,276,206,79,388,106,39,206,4161,1494,7231,2612,1001,4693,2464,1303,4608,1447,787,2867
18839,292,71,512,157,39,280,205,80,372,101,36,205,4125,1454,7108,2565,979,4556,2475,1316,4613,1434,780,2832
18840,286,69,512,152,35,271,205,70,391,102,37,206,4085,1412,6994,2517,950,4415,2484,1321,4618,1422,773,2814
18841,283,62,498,148,34,270,206,67,388,100,36,200,4047,1387,6868,2468,916,4260,2494,1312,4656,1409,757,2785
18842,273,61,482,143,33,253,204,64,384,100,37,202,4001,1344,6765,2419,881,4132,2502,1277,4681,1397,755,2748
18843,268,58,467,140,27,265,207,68,398,99,36,187,3954,1301,6650,2370,846,4048,2510,1261,4692,1385,748,2718
18844,265,56,463,134,32,242,207,67,377,96,29,188,3907,1254,6581,2321,817,3954,2519,1239,4701,1372,733,2681
18845,259,59,458,131,28,232,205,62,369,95,33,183,3858,1216,6483,2271,785,3873,2525,1213,4684,1358,715,2645
18846,252,51,454,127,30,231,203,54,368,93,33,173,3807,1180,6381,2222,759,3770,2528,1174,4646,1343,694,2591
18847,248,52,444,121,24,217,202,60,351,92,26,178,3755,1144,6298,2171,727,3671,2530,1157,4639,1328,680,2560
18848,237,43,422,116,23,216,200,56,370,91,27,178,3697,1101,6204,2118,701,3585,2529,1145,4631,1313,662,2530
18849,232,40,424,112,22,214,200,50,353,88,26,163,3639,1058,6078,2066,671,3474,2529,1106,4606,1297,636,2478
18850,223,43,400,109,25,193,201,47,358,86,21,167,3576,1022,5986,2014,641,3402,2529,1073,4590,1280,614,2432
18851,220,40,412,104,21,193,198,48,361,83,24,154,3514,987,5878,1962,617,3304,2526,1039,4584,1261,590,2387
18852,213,41,399,100,20,180,192,47,346,84,20,151,3451,962,5772,1910,587,3210,2518,1007,4560,1245,565,2351
18853,206,36,386,95,17,172,193,41,340,81,23,154,3385,931,5655,1858,562,3124,2511,971,4519,1227,542,2317
18854,201,38,367,91,17,174,187,44,337,78,19,145,3321,902,5545,1805,539,3037,2499,945,4471,1208,520,2279
18855,193,34,355,88,17,168,188,39,333,79,19,150,3253,865,5420,1753,517,2944,2488,913,4435,1191,510,2246
18856,189,26,360,84,13,165,185,39,320,77,18,140,3187,828,5336,1702,492,2864,2475,884,4370,1174,490,2198
18857,184,29,367,82,14,158,185,39,327,74,15,135,3122,796,5260,1652,471,2786,2463,855,4344,1155,473,2158
18858,179,30,338,79,14,154,182,36,320,72,16,138,3057,767,5168,1604,452,2712,2449,830,4279,1136,455,2097
18859,170,27,340,75,12,149,179,31,310,71,16,122,2989,740,5060,1555,429,2638,2433,801,4232,1116,436,2039
18860,163,22,329,72,8,142,175,34,308,70,13,132,2919,705,4950,1508,408,2559,2415,777,4184,1097,414,1987
18861,159,23,323,68,11,135,174,34,322,67,13,119,2850,675,4846,1460,389,2483,2397,751,4112,1077,393,1940
18862,152,22,311,66,10,127,168,34,295,65,12,119,2780,644,4747,1414,370,2403,2375,728,4063,1057,376,1898
18863,145,23,299,65,7,136,167,25,305,64,13,116,2709,627,4649,1370,350,2348,2353,701,4025,1037,359,1853
18864,141,23,295,62,7,132,162,32,295,65,12,125,2639,601,4527,1328,332,2289,2328,681,3995,1020,343,1800
18865,133,20,276,58,9,117,157,24,280,61,10,117,2567,577,4424,1285,318,2229,2300,654,3933,1000,328,1753
18866,131,19,279,55,8,115,156,23,286,61,10,117,2498,557,4332,1242,303,2157,2273,625,3875,982,314,1730
18867,125,17,252,53,8,115,153,22,278,58,9,111,2430,533,4232,1200,290,2084,2246,602,3830,963,300,1687
18868,121,18,258,50,6,106,149,19,265,55,9,106,2363,511,4117,1158,277,2027,2216,575,3781,942,286,1638
18869,117,19,248,49,6,105,145,23,275,54,9,100,2297,492,4021,1119,263,1954,2185,553,3728,922,275,1611
18870,109,16,225,47,9,97,141,23,260,55,8,102,2229,471,3938,1081,249,1903,2152,536,3648,904,263,1580
18871,105,15,230,43,5,95,138,18,250,53,8,97,2162,454,3852,1042,238,1843,2119,515,3587,886,253,1540
