Date, S1_incidences_mean, S1_incidences_median, S1_incidences_LL, S1_incidences_UL, S1_load_mean, S1_load_median, S1_load_LL, S1_load_UL, S2_incidences_mean, S2_incidences_median, S2_incidences_LL, S2_incidences_UL, S2_load_mean, S2_load_median, S2_load_LL, S2_load_UL, S3_incidences_mean, S3_incidences_median, S3_incidences_LL, S3_incidences_UL, S3_load_mean, S3_load_median, S3_load_LL, S3_load_UL, S4_incidences_mean, S4_incidences_median, S4_incidences_LL, S4_incidences_UL, S4_load_mean, S4_load_median, S4_load_LL, S4_load_UL
2020-03-01,0,0,0,0,0,0,0,0,0,0,0,0,0,0,0,0,0,0,0,0,0,0,0,0,0,0,0,0,0,0,0,0
2020-03-02,1,1,1,1,1,1,1,1,1,1,1,1,1,1,1,1,1,1,1,1,1,1,1,1,1,1,1,1,1,1,1,1
2020-03-03,2,2,1,2,2,2,2,3,2,2,1,2,2,2,2,3,2,2,1,2,2,2,2,3,2,2,1,2,2,2,2,3
2020-03-04,3,3,2,3,5,5,4,6,3,3,2,3,5,5,4,6,3,3,2,3,5,5,4,6,3,3,2,3,5,5,4,6
2020-03-05,4,4,3,5,9,9,7,11,4,4,3,5,9,9,7,11,4,4,3,5,9,9,7,11,4,4,3,5,9,9,7,11
2020-03-06,6,6,4,7,14,14,11,18,6,6,5,7,14,14,11,18,6,6,4,7,14,14,11,18,6,6,4,7,14,14,11,18
2020-03-07,8,8,6,10,22,22,18,27,8,8,6,10,22,22,18,27,8,8,6,10,22,22,18,27,8,8,6,10,22,22,18,27
2020-03-08,11,11,9,13,32,32,26,39,11,11,9,13,32,32,26,39,11,11,9,13,33,32,26,40,11,11,9,13,32,32,26,39
2020-03-09,16,15,13,18,47,47,38,56,16,16,13,18,47,47,38,56,16,16,13,18,47,47,38,56,16,16,13,18,47,47,38,56
2020-03-10,22,22,18,25,67,67,55,79,22,22,18,25,67,67,55,79,22,22,18,25,67,67,55,79,22,22,18,25,67,67,55,79
2020-03-11,30,30,26,35,94,94,79,110,30,30,26,35,94,94,79,111,30,30,26,35,94,94,79,111,30,30,26,35,94,94,79,110
2020-03-12,41,41,36,47,132,132,113,152,41,41,36,47,132,132,113,152,41,41,36,47,132,132,113,152,41,41,36,47,132,132,113,152
2020-03-13,57,57,51,64,184,184,160,209,57,57,51,64,184,184,161,209,57,57,51,65,184,184,160,210,57,57,51,65,184,184,160,209
2020-03-14,79,79,71,89,256,256,225,288,79,79,71,89,256,256,226,288,79,79,71,89,256,256,226,288,79,79,71,89,256,256,225,288
2020-03-15,110,109,99,122,356,355,316,396,110,109,99,122,356,356,317,396,110,109,99,122,356,356,317,396,110,109,99,122,356,356,317,396
2020-03-16,148,147,135,163,489,489,440,540,148,147,135,163,489,489,441,539,148,147,135,163,489,488,441,539,148,147,135,163,489,488,440,540
2020-03-17,191,191,176,210,659,659,600,724,191,191,176,210,659,659,601,724,191,191,176,210,659,659,601,723,191,191,176,210,659,659,600,723
2020-03-18,240,239,222,262,869,868,798,950,240,239,223,262,870,868,798,949,240,239,222,262,870,868,798,949,240,239,222,262,870,868,798,948
2020-03-19,294,294,274,319,1122,1120,1038,1221,294,294,274,319,1123,1121,1038,1220,294,294,274,319,1123,1121,1038,1221,294,294,274,319,1122,1121,1038,1221
2020-03-20,355,354,330,383,1421,1419,1321,1540,355,354,330,383,1422,1419,1321,1539,355,354,330,383,1422,1420,1322,1538,355,354,330,383,1421,1419,1322,1540
2020-03-21,415,414,388,447,1763,1760,1645,1900,415,414,388,447,1763,1760,1644,1898,415,414,388,447,1763,1761,1645,1898,415,414,388,447,1763,1760,1644,1900
2020-03-22,468,468,440,502,2136,2132,1997,2293,469,468,440,502,2136,2132,1999,2291,469,468,440,502,2136,2132,1999,2291,469,468,440,502,2136,2132,1995,2293
2020-03-23,513,512,483,547,2527,2523,2372,2703,513,512,483,547,2527,2523,2371,2700,513,512,483,547,2527,2523,2371,2699,513,512,483,547,2527,2523,2370,2701
2020-03-24,547,547,519,582,2926,2920,2756,3120,547,547,519,582,2926,2921,2757,3117,547,546,519,582,2926,2921,2755,3114,547,547,519,582,2926,2921,2755,3118
2020-03-25,573,573,545,608,3321,3315,3139,3527,573,573,545,608,3321,3316,3141,3528,573,573,545,608,3321,3316,3140,3525,573,573,545,608,3321,3315,3138,3527
2020-03-26,591,591,564,625,3704,3698,3514,3918,591,591,564,625,3704,3699,3515,3918,591,591,564,625,3704,3698,3515,3914,591,591,564,625,3704,3698,3515,3920
2020-03-27,602,601,576,635,4067,4062,3871,4285,602,601,576,635,4067,4063,3873,4283,602,601,576,635,4067,4063,3872,4282,602,601,576,635,4067,4062,3872,4285
2020-03-28,606,606,580,639,4406,4401,4207,4624,606,606,580,639,4406,4401,4208,4626,606,606,580,639,4406,4402,4209,4625,606,606,580,639,4406,4402,4210,4624
2020-03-29,605,604,579,637,4715,4710,4511,4932,605,604,579,637,4715,4711,4516,4937,605,604,579,637,4715,4711,4514,4936,605,604,579,637,4715,4711,4515,4934
2020-03-30,598,597,572,630,4990,4988,4789,5207,598,597,572,629,4991,4988,4787,5208,598,597,572,629,4991,4988,4788,5209,598,597,572,629,4991,4989,4788,5209
2020-03-31,586,585,559,617,5230,5229,5027,5438,586,585,559,617,5230,5228,5028,5438,586,585,559,617,5230,5229,5027,5441,586,585,559,617,5230,5229,5028,5439
2020-04-01,569,569,542,601,5432,5431,5229,5632,569,569,542,601,5432,5430,5230,5634,569,569,542,601,5432,5432,5227,5632,569,569,542,601,5432,5432,5227,5634
2020-04-02,549,549,522,581,5595,5595,5393,5786,550,549,522,580,5595,5596,5397,5789,549,549,522,580,5595,5596,5392,5789,549,549,522,581,5595,5595,5393,5790
2020-04-03,527,527,501,558,5719,5720,5523,5907,527,527,500,558,5719,5720,5523,5908,527,527,500,558,5719,5720,5524,5908,527,527,500,557,5719,5720,5523,5907
2020-04-04,503,503,478,533,5807,5807,5617,5991,503,503,478,533,5807,5807,5617,5993,503,503,478,533,5807,5807,5618,5992,503,503,478,533,5807,5807,5618,5991
2020-04-05,479,479,455,507,5860,5860,5678,6042,479,479,455,507,5861,5860,5677,6041,479,479,455,507,5860,5860,5677,6042,479,479,455,507,5860,5859,5680,6040
2020-04-06,456,455,434,482,5883,5882,5707,6057,456,455,434,482,5883,5883,5708,6058,456,455,433,482,5883,5882,5709,6060,456,455,433,482,5883,5882,5707,6057
2020-04-07,433,432,413,458,5878,5876,5709,6047,433,432,413,458,5878,5876,5710,6048,433,432,413,458,5878,5876,5709,6050,433,432,413,458,5878,5876,5707,6047
2020-04-08,411,411,393,435,5849,5848,5686,6016,411,411,392,435,5849,5848,5684,6015,411,411,392,435,5849,5847,5687,6015,411,411,392,435,5849,5847,5686,6015
2020-04-09,391,391,373,414,5800,5798,5642,5965,391,391,373,414,5800,5798,5642,5963,391,391,373,414,5800,5797,5642,5963,391,391,373,414,5799,5798,5642,5963
2020-04-10,372,372,355,394,5733,5732,5578,5894,372,372,355,394,5733,5731,5579,5895,372,372,355,394,5733,5732,5578,5894,372,372,355,394,5732,5732,5581,5894
2020-04-11,355,354,338,375,5650,5649,5500,5808,355,354,338,375,5651,5650,5501,5809,355,354,338,375,5650,5650,5501,5810,355,354,338,375,5650,5650,5500,5809
2020-04-12,338,337,321,358,5556,5554,5409,5710,338,337,321,358,5556,5555,5412,5712,338,337,321,358,5556,5555,5410,5712,338,337,321,358,5556,5555,5409,5712
2020-04-13,322,321,306,341,5450,5449,5307,5603,322,321,306,341,5450,5449,5308,5603,322,321,306,341,5450,5449,5307,5604,322,321,306,341,5450,5450,5307,5604
2020-04-14,306,306,291,325,5335,5333,5196,5486,306,306,291,325,5335,5333,5196,5487,306,306,291,325,5335,5333,5195,5488,306,306,291,325,5335,5334,5195,5486
2020-04-15,292,291,277,310,5213,5211,5077,5362,292,291,277,310,5213,5211,5076,5362,292,291,277,309,5213,5211,5075,5364,292,291,277,310,5213,5211,5075,5362
2020-04-16,278,277,264,295,5085,5083,4950,5231,278,277,263,295,5085,5082,4949,5231,278,277,263,295,5085,5082,4948,5233,278,277,264,295,5085,5083,4947,5234
2020-04-17,264,264,251,281,4952,4950,4821,5099,264,264,251,281,4952,4949,4818,5098,264,264,251,281,4952,4949,4818,5099,264,264,251,281,4952,4950,4817,5100
2020-04-18,252,251,238,267,4815,4812,4686,4961,252,251,238,267,4815,4812,4684,4961,252,251,238,267,4815,4813,4685,4962,252,251,238,267,4815,4813,4684,4962
2020-04-19,240,239,227,255,4675,4673,4548,4821,239,239,227,255,4675,4673,4546,4821,239,239,227,255,4675,4673,4548,4821,239,239,227,255,4675,4672,4547,4821
2020-04-20,228,228,216,242,4533,4530,4409,4676,228,228,216,242,4533,4530,4408,4677,228,227,216,242,4533,4531,4410,4677,228,228,216,242,4533,4529,4409,4678
2020-04-21,217,216,205,231,4390,4388,4269,4530,217,216,205,231,4390,4388,4268,4530,217,216,205,231,4390,4388,4268,4531,217,216,205,231,4390,4388,4268,4532
2020-04-22,206,206,195,220,4247,4245,4127,4383,206,206,195,220,4247,4244,4127,4382,206,206,195,220,4247,4244,4126,4383,206,206,195,220,4247,4244,4127,4383
2020-04-23,196,196,185,209,4104,4101,3985,4235,196,196,185,209,4104,4102,3986,4237,196,196,185,209,4104,4101,3985,4235,196,196,185,209,4104,4101,3986,4236
2020-04-24,187,186,176,199,3962,3958,3844,4089,187,186,176,199,3962,3959,3845,4091,187,186,176,199,3962,3958,3844,4089,187,186,176,199,3962,3959,3845,4089
2020-04-25,177,177,167,189,3821,3818,3706,3946,177,177,167,189,3821,3818,3707,3947,177,177,167,189,3821,3818,3706,3946,177,177,167,189,3821,3818,3706,3946
2020-04-26,169,168,159,180,3681,3679,3569,3805,169,168,159,180,3681,3679,3568,3805,169,168,159,180,3681,3679,3569,3804,169,168,159,180,3681,3678,3569,3805
2020-04-27,160,160,151,171,3544,3543,3435,3665,160,160,151,171,3544,3542,3434,3665,160,160,151,171,3544,3542,3435,3665,160,160,151,171,3544,3542,3435,3665
2020-04-28,153,152,144,163,3410,3408,3304,3528,153,152,144,163,3409,3408,3303,3527,153,152,144,163,3409,3408,3304,3527,153,152,144,163,3409,3407,3304,3527
2020-04-29,145,145,137,155,3278,3276,3174,3392,145,145,137,155,3277,3276,3174,3392,145,145,137,155,3277,3276,3173,3392,145,145,137,155,3277,3276,3173,3393
2020-04-30,138,138,130,148,3148,3147,3046,3260,138,138,130,148,3148,3147,3045,3260,138,138,130,148,3148,3147,3045,3260,138,138,130,148,3148,3147,3045,3261
2020-05-01,131,131,123,141,3023,3022,2922,3131,131,131,123,141,3023,3021,2921,3132,131,131,123,140,3022,3022,2921,3132,131,131,123,140,3022,3021,2921,3132
2020-05-02,125,125,117,134,2900,2900,2801,3005,125,125,117,134,2900,2899,2801,3007,125,125,117,134,2900,2900,2800,3006,125,125,117,134,2900,2899,2800,3006
2020-05-03,119,119,112,127,2781,2780,2684,2884,119,119,111,127,2781,2781,2684,2886,119,119,111,127,2781,2781,2684,2884,119,119,111,127,2781,2781,2683,2884
2020-05-04,113,113,106,121,2665,2665,2572,2767,113,113,106,121,2665,2665,2570,2767,113,113,106,121,2665,2665,2572,2766,113,113,106,121,2665,2665,2570,2767
2020-05-05,108,107,101,116,2553,2553,2461,2652,108,107,101,116,2553,2553,2460,2652,108,107,101,116,2553,2553,2461,2651,108,107,101,116,2553,2553,2461,2653
2020-05-06,102,102,96,110,2445,2444,2356,2540,102,102,96,110,2445,2444,2354,2540,102,102,96,110,2445,2444,2355,2540,102,102,96,110,2445,2444,2356,2541
2020-05-07,98,97,91,105,2340,2339,2253,2433,98,97,91,105,2340,2340,2251,2433,98,97,91,105,2340,2340,2253,2431,98,97,91,105,2340,2339,2254,2433
2020-05-08,93,93,87,100,2240,2239,2154,2328,93,93,87,100,2240,2239,2152,2329,93,93,87,100,2240,2239,2154,2330,93,93,87,100,2240,2239,2154,2329
2020-05-09,89,89,83,96,2143,2142,2058,2230,89,89,83,96,2143,2142,2057,2230,89,89,83,96,2142,2142,2058,2230,89,89,83,96,2143,2142,2058,2230
2020-05-10,85,85,79,91,2049,2049,1967,2135,85,85,79,92,2049,2048,1965,2134,85,85,79,91,2049,2049,1967,2134,85,85,79,92,2049,2048,1966,2134
2020-05-11,81,81,75,87,1960,1959,1880,2044,81,81,75,88,1960,1959,1878,2044,81,81,75,87,1960,1959,1879,2043,81,81,75,88,1960,1959,1878,2044
2020-05-12,77,77,72,84,1874,1873,1796,1955,77,77,72,84,1874,1873,1795,1957,77,77,72,84,1874,1873,1795,1957,77,77,72,84,1874,1873,1795,1956
2020-05-13,74,74,68,80,1792,1791,1715,1872,74,74,68,80,1792,1790,1714,1872,74,74,68,80,1792,1791,1716,1873,74,74,68,80,1792,1790,1714,1872
2020-05-14,71,71,65,77,1713,1712,1638,1792,71,71,65,77,1713,1712,1637,1792,71,71,65,77,1713,1712,1638,1792,71,71,65,77,1713,1712,1638,1792
2020-05-15,68,68,63,74,1638,1637,1565,1716,68,68,63,74,1638,1636,1563,1716,68,68,63,74,1638,1637,1565,1716,68,68,63,74,1638,1637,1565,1716
2020-05-16,65,65,60,71,1566,1565,1495,1642,65,65,60,71,1566,1564,1494,1643,65,65,60,71,1565,1565,1495,1643,65,65,60,71,1566,1564,1495,1643
2020-05-17,62,62,57,68,1497,1496,1428,1572,62,62,57,68,1497,1495,1427,1572,62,62,57,68,1497,1496,1428,1572,62,62,57,68,1497,1496,1427,1572
2020-05-18,60,60,55,65,1431,1430,1364,1505,60,60,55,65,1431,1430,1363,1506,60,60,55,65,1431,1430,1364,1505,60,60,55,65,1431,1430,1364,1505
2020-05-19,57,57,52,62,1368,1367,1303,1441,57,57,52,62,1368,1367,1302,1442,57,57,52,62,1368,1367,1303,1441,57,57,52,62,1368,1367,1303,1441
2020-05-20,55,55,50,60,1308,1307,1245,1380,55,55,50,60,1308,1307,1243,1381,55,55,50,60,1308,1307,1245,1380,55,55,50,60,1308,1307,1245,1381
2020-05-21,53,53,48,57,1251,1250,1188,1322,53,53,48,57,1251,1250,1187,1323,53,53,48,57,1251,1250,1188,1322,53,53,48,57,1251,1250,1188,1322
2020-05-22,50,50,46,55,1196,1195,1134,1266,50,50,46,55,1196,1195,1134,1266,50,50,46,55,1196,1195,1134,1266,50,50,46,55,1196,1195,1134,1266
2020-05-23,48,48,44,53,1144,1143,1083,1212,48,48,44,53,1144,1143,1083,1213,48,48,44,53,1144,1143,1083,1213,48,48,44,53,1144,1143,1083,1212
2020-05-24,46,46,42,51,1094,1093,1034,1161,46,46,42,51,1094,1094,1034,1162,46,46,42,51,1094,1093,1034,1162,46,46,42,51,1094,1094,1035,1161
2020-05-25,45,45,41,49,1047,1046,988,1113,45,45,41,49,1047,1046,987,1113,45,45,41,49,1047,1046,988,1113,45,45,41,49,1047,1046,988,1113
2020-05-26,43,43,39,47,1001,1000,944,1067,43,43,39,47,1001,1000,943,1067,43,43,39,47,1001,1001,944,1067,43,43,39,47,1001,1001,944,1067
2020-05-27,41,41,37,45,958,957,902,1023,41,41,37,45,958,957,902,1023,41,41,37,45,958,957,902,1023,41,41,37,45,958,958,902,1022
2020-05-28,39,39,36,43,917,916,862,981,39,39,36,43,917,916,862,981,39,39,36,43,917,916,861,980,39,39,36,43,917,916,862,980
2020-05-29,38,38,34,42,877,876,823,940,38,38,34,42,877,876,824,940,38,38,34,42,877,876,823,939,38,38,34,42,877,877,823,940
2020-05-30,36,36,33,40,840,839,787,902,36,36,33,40,840,839,787,901,36,36,33,40,840,839,786,900,36,36,33,40,840,839,787,901
2020-05-31,35,35,31,39,804,803,752,865,35,35,31,39,804,803,752,864,35,35,31,39,804,803,751,863,35,35,31,39,804,803,752,863
2020-06-01,34,34,30,37,769,768,719,829,34,34,30,37,769,769,719,829,34,34,30,37,769,769,718,827,34,34,30,37,769,769,719,828
2020-06-02,32,32,29,36,737,736,687,795,32,32,29,36,737,736,687,795,32,32,29,36,737,736,686,794,32,32,29,36,737,736,687,794
2020-06-03,31,31,28,34,705,705,656,763,31,31,28,34,705,705,656,762,31,31,28,34,705,705,656,761,31,31,28,34,705,705,656,762
2020-06-04,30,30,26,33,675,675,627,732,30,30,26,33,675,675,627,731,30,30,26,33,675,675,627,730,30,30,26,33,675,675,627,731
2020-06-05,29,29,25,32,647,646,599,702,29,29,25,32,647,646,600,701,29,29,25,32,647,646,599,701,29,29,25,32,647,647,600,702
2020-06-06,27,27,24,31,620,619,573,673,27,27,24,31,620,619,573,672,27,27,24,31,620,619,573,672,27,27,24,31,620,619,574,674
2020-06-07,26,26,23,29,593,593,548,646,26,26,23,29,594,593,548,646,26,26,23,29,594,593,548,646,26,26,23,29,594,593,549,647
2020-06-08,25,25,22,28,569,568,524,620,25,25,22,28,569,568,524,621,25,25,22,28,569,568,524,620,25,25,22,28,569,568,525,621
2020-06-09,24,24,21,27,545,544,501,596,24,24,21,27,545,544,501,596,24,24,21,27,545,544,501,595,24,24,21,27,545,545,502,596
2020-06-10,23,23,20,26,522,521,479,572,23,23,20,26,522,522,478,572,23,23,20,26,522,521,480,571,23,23,20,26,522,522,480,572
2020-06-11,23,23,19,25,500,500,459,550,23,23,20,25,500,500,458,549,23,23,20,25,500,500,459,548,23,23,20,25,500,500,459,550
2020-06-12,22,22,19,25,480,479,439,528,22,22,19,25,480,479,438,528,22,22,19,25,480,479,439,527,22,22,19,25,480,479,440,528
2020-06-13,21,21,18,24,460,459,420,508,21,21,18,24,460,459,420,507,21,21,18,24,460,459,420,507,21,21,18,24,460,459,421,508
2020-06-14,20,20,17,23,442,441,402,488,20,20,18,23,442,441,402,487,20,20,18,23,442,441,402,487,20,20,18,23,442,441,403,488
2020-06-15,20,20,17,22,424,423,386,469,20,20,17,22,424,423,385,469,20,20,17,22,424,423,385,469,20,20,17,22,424,423,386,469
2020-06-16,19,19,16,22,407,406,370,451,19,19,17,22,407,406,369,451,19,19,16,22,407,407,369,451,19,19,16,22,407,407,370,451
2020-06-17,19,19,16,21,391,390,355,435,19,19,16,21,391,391,354,435,19,19,16,21,391,391,354,434,19,19,16,21,391,391,355,434
2020-06-18,18,18,16,21,376,375,340,419,18,18,16,21,376,376,340,419,18,18,16,21,376,376,340,418,18,18,16,21,376,375,341,418
2020-06-19,18,18,15,20,362,361,327,404,18,18,15,20,362,361,327,404,18,18,15,20,362,362,326,403,18,18,15,20,362,361,328,403
2020-06-20,17,17,15,20,349,348,314,389,17,17,15,20,349,348,314,389,17,17,15,20,349,348,314,389,17,17,15,20,349,348,315,389
2020-06-21,17,17,14,19,336,335,302,376,17,17,15,19,336,335,302,376,17,17,15,19,336,335,302,376,17,17,15,19,336,335,303,376
2020-06-22,16,16,14,19,324,323,290,363,16,16,14,19,324,323,291,363,16,16,14,19,324,323,291,363,16,16,14,19,324,323,291,362
2020-06-23,16,16,14,18,313,312,280,350,16,16,14,18,313,312,281,350,16,16,14,18,313,312,280,351,16,16,14,18,313,312,280,350
2020-06-24,16,16,14,18,302,301,270,339,16,16,14,18,302,301,271,339,16,16,14,18,302,301,270,339,16,16,14,18,302,301,270,339
2020-06-25,15,15,13,18,292,291,260,328,15,15,13,17,292,291,261,328,15,15,13,17,292,291,261,328,15,15,13,17,292,291,261,328
2020-06-26,15,15,13,17,282,281,252,317,15,15,13,17,282,281,252,317,15,15,13,17,282,281,252,318,15,15,13,17,282,281,252,317
2020-06-27,15,15,13,17,273,272,243,307,15,15,13,17,273,272,243,307,15,15,13,17,273,272,243,307,15,15,13,17,273,272,243,307
2020-06-28,14,14,12,17,264,263,236,298,14,14,12,16,264,263,235,298,14,14,12,17,264,263,235,299,14,14,12,16,264,263,235,297
2020-06-29,14,14,12,16,256,255,228,290,14,14,12,16,256,255,228,289,14,14,12,16,256,255,227,290,14,14,12,16,256,255,228,289
2020-06-30,14,14,12,16,248,247,220,282,14,14,12,16,248,247,220,281,14,14,12,16,248,247,221,282,14,14,12,16,248,247,221,281
2020-07-01,13,13,12,16,241,240,213,274,13,13,12,16,241,240,214,273,13,13,12,16,241,240,214,274,13,13,12,16,241,240,214,273
2020-07-02,14,14,12,16,234,233,208,266,14,14,12,16,234,234,208,266,14,14,12,16,234,233,208,267,14,14,12,16,234,233,208,266
2020-07-03,13,13,11,16,228,227,202,260,13,13,11,16,228,227,202,259,13,13,11,16,228,227,202,260,13,13,11,16,228,227,202,259
2020-07-04,13,13,11,16,222,221,196,253,13,13,11,16,222,221,196,253,13,13,11,16,222,221,197,254,13,13,11,16,222,221,197,253
2020-07-05,13,13,11,16,217,216,191,247,13,13,11,16,217,216,191,248,13,13,11,16,217,216,192,248,13,13,11,16,217,216,192,247
2020-07-06,13,13,11,16,212,211,187,242,13,13,11,16,212,211,187,242,13,13,11,16,212,211,187,242,13,13,11,16,212,211,187,242
2020-07-07,13,13,11,16,208,207,183,238,13,13,12,16,208,207,183,238,13,13,11,16,208,207,183,238,13,13,11,16,208,207,183,238
2020-07-08,14,14,12,16,204,204,180,234,14,14,12,16,204,204,180,234,14,14,12,16,204,204,180,233,14,14,12,16,204,203,180,234
2020-07-09,14,14,12,17,201,201,177,231,14,14,12,17,201,201,177,231,14,14,12,16,201,201,177,230,14,14,12,16,201,201,177,230
2020-07-10,14,14,12,17,199,198,175,228,14,14,12,17,199,198,174,229,14,14,12,17,199,198,175,228,14,14,12,17,199,198,175,228
2020-07-11,15,15,13,17,198,197,173,226,15,15,13,17,198,197,173,226,15,15,13,17,198,197,173,227,15,15,13,17,198,197,174,226
2020-07-12,15,15,13,18,197,196,172,226,15,15,13,18,197,196,172,225,15,15,13,18,197,196,172,226,15,15,13,18,197,196,173,226
2020-07-13,16,16,14,19,197,196,172,226,16,16,14,19,197,196,171,226,16,16,14,19,197,196,172,226,16,16,14,19,197,196,172,226
2020-07-14,17,17,14,19,197,196,172,227,17,17,14,19,197,196,172,227,17,17,14,19,197,196,172,227,17,17,14,19,197,197,172,226
2020-07-15,17,17,15,20,198,198,173,228,17,17,15,20,198,198,173,228,17,17,15,20,198,198,173,228,17,17,15,20,198,198,173,228
2020-07-16,18,18,15,21,200,200,175,230,18,18,15,21,200,199,174,230,18,18,15,21,200,200,174,230,18,18,15,21,200,199,175,230
2020-07-17,19,19,16,22,203,202,177,233,19,19,16,22,203,202,177,232,19,19,16,22,203,202,176,233,19,19,16,22,203,202,177,233
2020-07-18,20,20,17,23,206,205,180,236,20,20,17,23,206,205,180,236,20,20,17,23,206,205,179,236,20,20,17,23,206,205,179,237
2020-07-19,20,20,17,24,210,210,183,240,20,20,17,24,210,209,183,241,20,20,17,24,210,209,183,240,20,20,17,24,210,209,183,241
2020-07-20,21,21,18,25,214,214,188,245,21,21,18,25,214,214,187,246,21,21,18,25,214,214,187,245,21,21,18,25,214,214,188,245
2020-07-21,22,22,19,26,220,219,192,251,22,22,19,26,220,219,192,251,22,22,19,26,220,219,192,250,22,22,19,26,220,219,192,251
2020-07-22,23,23,20,27,226,225,197,257,23,23,20,27,226,225,198,258,23,23,20,27,226,225,197,257,23,23,20,27,226,225,197,258
2020-07-23,24,24,21,28,232,232,203,265,24,24,21,28,232,232,203,265,24,24,21,28,232,232,203,264,24,24,21,28,232,231,203,265
2020-07-24,26,26,22,30,239,239,209,273,26,26,22,30,239,239,210,273,26,26,22,30,239,239,209,272,26,26,22,30,239,239,209,274
2020-07-25,27,27,23,31,247,247,216,281,27,27,23,31,247,247,216,282,27,27,23,31,247,247,216,281,27,27,23,31,247,247,216,282
2020-07-26,28,28,24,33,256,256,223,291,28,28,24,33,256,256,223,291,28,28,24,33,256,256,224,291,28,28,24,33,256,256,224,292
2020-07-27,30,30,25,35,265,265,231,302,30,30,25,34,265,265,231,302,30,30,25,34,265,265,231,302,30,30,25,34,265,265,231,302
2020-07-28,31,31,26,36,275,275,239,313,31,31,26,36,275,275,239,313,31,31,26,36,275,275,239,313,31,31,26,36,275,275,239,314
2020-07-29,32,32,27,38,286,285,248,325,32,32,27,38,286,286,248,325,32,32,27,38,286,285,248,326,32,32,27,38,286,286,248,325
2020-07-30,34,34,28,40,297,297,257,339,34,34,28,40,297,297,257,339,34,34,28,40,297,297,257,339,34,34,28,40,297,297,257,339
2020-07-31,35,35,29,42,309,309,266,354,35,35,29,42,309,309,267,354,35,35,29,42,309,309,266,354,35,35,29,42,309,309,267,354
2020-08-01,37,37,30,44,321,321,276,369,37,37,30,44,321,321,276,369,37,37,30,44,321,321,276,368,37,37,30,44,321,321,276,369
2020-08-02,37,37,31,45,333,333,285,383,37,37,31,45,333,333,285,383,37,37,31,45,333,333,285,383,37,37,31,45,333,334,286,383
2020-08-03,38,38,31,45,345,345,294,397,38,38,31,45,345,345,294,397,38,38,31,45,345,345,294,397,38,38,31,45,345,345,295,397
2020-08-04,38,38,31,45,355,355,303,409,38,38,31,45,355,355,303,409,38,38,31,45,355,355,303,409,38,38,31,45,355,356,303,410
2020-08-05,38,38,31,45,365,365,311,421,38,38,31,45,365,365,311,421,38,38,31,45,365,365,310,421,38,38,31,45,365,365,310,421
2020-08-06,38,38,31,45,373,373,318,432,38,38,31,45,373,373,318,432,38,37,31,45,373,373,317,431,38,38,31,45,373,373,317,432
2020-08-07,37,37,31,44,380,380,324,440,37,37,31,44,380,380,324,441,37,37,31,44,380,380,323,440,37,37,31,44,380,380,324,441
2020-08-08,37,36,31,43,386,386,329,447,37,36,31,43,386,386,329,448,37,36,31,43,386,386,328,447,37,36,31,43,386,386,329,448
2020-08-09,36,36,30,42,391,391,333,453,36,36,30,42,391,390,333,454,36,36,30,42,391,390,333,453,36,36,30,42,391,390,333,454
2020-08-10,35,35,30,41,394,394,336,458,35,35,30,41,394,394,336,458,35,35,30,41,394,393,336,457,35,35,30,41,394,394,337,457
2020-08-11,34,34,29,40,396,396,339,460,34,34,29,40,396,396,338,461,34,34,29,40,396,395,338,460,34,34,29,40,396,396,339,460
2020-08-12,33,33,28,39,397,397,340,461,33,33,28,39,397,397,340,462,33,33,28,39,397,397,340,461,33,33,28,39,397,397,340,462
2020-08-13,33,32,28,38,397,397,340,461,33,32,27,38,397,396,340,462,33,32,27,38,397,396,340,462,33,32,27,38,397,397,340,462
2020-08-14,32,31,27,37,396,395,340,460,32,31,27,37,396,395,340,461,32,31,27,37,396,395,340,460,32,31,27,37,396,395,339,461
2020-08-15,31,31,26,36,394,393,338,458,31,31,26,36,394,393,338,459,31,31,26,36,394,393,338,458,31,31,26,36,394,393,338,459
2020-08-16,30,30,25,35,392,390,335,455,30,30,25,35,392,390,335,456,30,30,25,35,392,390,335,455,30,30,25,35,392,390,335,455
2020-08-17,29,29,24,34,388,387,332,451,29,29,24,34,388,387,332,451,29,29,24,34,388,386,333,451,29,29,24,34,388,386,332,451
2020-08-18,28,28,23,33,384,383,329,446,28,28,23,33,384,383,328,447,28,28,23,33,384,382,329,446,28,28,23,33,384,382,328,447
2020-08-19,27,27,23,32,379,377,324,440,27,27,22,32,379,377,324,440,27,27,23,32,379,377,325,440,27,27,23,32,379,378,324,441
2020-08-20,26,26,22,31,374,372,319,434,26,26,22,31,374,372,319,434,26,26,22,31,374,372,320,433,26,26,22,31,374,372,320,434
2020-08-21,25,25,21,30,368,366,314,427,25,25,21,30,368,366,315,428,25,25,21,30,368,366,315,427,25,25,21,30,368,367,314,427
2020-08-22,24,24,20,29,361,360,310,421,24,24,20,29,361,360,309,421,24,24,20,29,361,360,310,420,24,24,20,29,361,360,308,421
2020-08-23,24,23,19,29,355,354,304,414,24,23,19,29,355,354,303,414,24,23,19,29,355,354,303,413,24,23,19,29,355,354,302,414
2020-08-24,23,23,19,28,348,347,297,408,23,23,19,28,348,347,297,407,23,23,19,28,348,347,297,406,23,23,19,28,348,347,297,406
2020-08-25,22,22,18,27,341,340,290,400,22,22,18,27,341,340,289,399,22,22,18,27,341,340,291,399,22,22,18,27,341,340,290,399
2020-08-26,21,21,17,26,334,332,284,391,21,21,17,26,334,332,282,390,21,21,17,26,334,332,284,390,21,21,17,26,334,332,283,391
2020-08-27,20,20,17,26,326,325,277,383,21,20,17,26,326,325,276,382,21,20,17,26,326,325,277,383,20,20,17,26,326,325,276,383
2020-08-28,20,20,16,25,319,318,269,375,20,20,16,25,319,318,269,374,20,20,16,25,319,318,270,375,20,20,16,25,319,318,269,375
2020-08-29,19,19,15,25,311,310,262,368,19,19,15,24,311,310,262,367,19,19,15,25,311,310,262,368,19,19,15,24,311,310,262,367
2020-08-30,19,18,15,24,304,302,255,361,19,18,15,24,304,302,255,360,19,18,15,24,304,302,256,360,19,18,15,24,304,302,255,360
2020-08-31,18,18,14,23,296,295,249,353,18,18,14,23,296,295,248,352,18,18,14,24,296,295,249,353,18,18,14,23,296,295,248,353
2020-09-01,17,17,14,23,289,287,242,347,17,17,14,23,289,287,242,345,17,17,14,23,289,287,242,346,17,17,14,23,289,287,241,346
2020-09-02,17,16,13,23,282,280,235,340,17,16,13,23,282,280,235,338,17,16,13,23,282,280,235,340,17,16,13,23,282,280,235,338
2020-09-03,16,16,13,22,274,272,228,333,16,16,13,22,274,272,228,332,16,16,13,22,274,273,228,333,16,16,13,22,274,272,228,332
2020-09-04,16,16,13,22,268,265,221,327,16,16,12,22,268,265,221,327,16,16,13,22,268,266,221,326,16,16,13,22,268,266,221,326
2020-09-05,16,16,12,22,261,259,215,321,16,16,12,22,261,259,215,321,16,16,12,22,261,259,215,321,16,16,12,22,261,259,215,321
2020-09-06,16,16,12,22,255,253,210,316,16,16,12,22,255,253,210,317,16,16,12,22,255,253,210,316,16,16,12,22,255,253,209,316
2020-09-07,16,16,13,22,250,247,205,313,16,16,13,22,250,247,205,313,16,16,13,22,250,247,205,312,16,16,13,22,250,247,204,311
2020-09-08,17,16,13,23,246,243,201,310,17,16,13,23,246,243,200,309,17,16,13,23,246,243,201,309,17,16,13,23,246,243,200,308
2020-09-09,17,17,13,23,243,239,198,308,17,17,13,23,243,239,197,307,17,17,13,23,243,239,197,307,17,17,13,23,243,239,197,307
2020-09-10,18,17,14,24,240,237,195,307,18,17,14,24,240,237,195,306,18,17,14,24,240,237,195,306,18,17,14,24,240,237,195,305
2020-09-11,18,18,15,25,239,235,194,306,18,18,15,25,239,235,194,305,18,18,15,25,239,235,195,305,18,18,15,25,239,236,194,305
2020-09-12,19,19,16,26,239,235,194,307,19,19,16,26,239,235,194,307,19,19,16,26,239,235,195,305,19,19,16,26,239,235,194,305
2020-09-13,21,20,17,27,240,236,195,309,21,20,17,27,240,236,195,308,21,20,17,27,240,236,195,307,21,20,17,27,240,236,196,308
2020-09-14,22,22,18,28,243,238,197,313,22,22,18,28,243,239,198,311,22,22,18,28,243,239,198,311,22,22,18,28,243,239,197,311
2020-09-15,23,23,19,30,247,242,201,316,23,23,19,30,247,243,201,316,23,23,19,30,247,243,201,316,23,23,19,30,247,242,201,315
2020-09-16,25,25,21,32,252,248,206,323,25,25,21,32,252,248,206,321,25,25,21,32,252,248,205,322,25,25,21,32,252,248,206,321
2020-09-17,27,27,22,34,259,254,212,331,27,27,22,34,259,255,212,329,27,27,22,34,259,255,212,330,27,27,22,34,259,255,212,330
2020-09-18,29,29,24,36,268,263,220,340,29,29,24,36,268,264,220,339,29,29,24,36,268,264,220,339,29,29,24,36,268,263,219,339
2020-09-19,32,31,26,39,278,274,229,351,32,31,26,39,279,274,229,350,32,31,26,39,279,274,229,350,32,31,26,39,279,274,229,351
2020-09-20,34,34,29,42,291,287,241,364,34,34,29,42,291,287,241,364,34,34,29,42,291,287,241,364,34,34,29,42,291,287,240,364
2020-09-21,37,37,31,45,306,302,253,382,37,37,31,45,306,302,254,381,37,37,31,45,306,301,254,380,37,37,31,45,306,302,253,381
2020-09-22,41,41,34,49,323,319,269,400,41,41,34,49,323,319,269,399,41,41,34,49,323,319,269,399,41,41,34,49,323,319,269,400
2020-09-23,44,44,38,53,342,339,287,423,44,44,38,53,343,339,286,421,44,44,38,53,343,339,287,421,44,44,38,53,343,339,286,421
2020-09-24,49,48,41,58,365,361,306,447,49,48,41,58,365,361,306,447,49,48,41,58,365,361,307,447,49,48,41,58,365,362,306,446
2020-09-25,53,53,45,63,390,387,330,475,53,53,45,63,390,387,329,475,53,53,45,63,390,387,330,475,53,53,45,63,390,387,329,474
2020-09-26,58,58,50,68,418,415,355,506,58,58,50,68,418,415,355,506,58,58,50,68,418,415,355,506,58,58,50,68,418,415,355,505
2020-09-27,64,63,55,74,450,448,383,541,64,63,55,74,450,447,383,542,64,63,55,74,450,447,382,540,64,63,55,74,450,447,383,539
2020-09-28,70,69,61,81,486,483,415,579,70,69,61,81,486,483,415,579,70,69,61,81,486,483,414,578,70,69,61,81,486,483,415,577
2020-09-29,77,76,67,88,525,523,451,622,77,76,67,88,526,523,451,621,77,76,67,88,526,523,451,621,77,76,67,88,526,523,451,620
2020-09-30,84,84,75,97,570,568,491,670,84,84,74,97,570,568,492,669,84,84,74,97,570,568,492,669,84,84,75,97,570,568,493,668
2020-10-01,93,93,83,106,620,618,537,723,93,93,83,106,621,618,538,723,93,93,83,106,621,618,537,723,93,93,83,106,621,618,538,722
2020-10-02,103,102,92,116,677,674,589,782,103,102,92,116,677,674,590,783,103,102,92,116,677,674,589,782,103,102,92,116,677,674,590,782
2020-10-03,113,113,102,127,739,737,648,849,113,113,102,127,739,736,648,849,113,113,102,127,739,737,647,848,113,113,102,127,739,737,648,850
2020-10-04,125,125,113,139,809,806,714,922,125,125,113,139,809,806,713,924,125,125,113,139,809,806,713,921,125,125,113,139,809,806,714,924
2020-10-05,138,138,126,153,887,884,787,1005,138,138,126,153,887,883,786,1005,138,138,126,153,887,884,786,1004,138,138,126,153,887,883,787,1006
2020-10-06,152,152,139,168,973,970,869,1096,152,152,139,168,973,970,868,1097,152,152,139,168,973,970,868,1094,152,152,139,168,973,970,868,1097
2020-10-07,168,168,155,184,1069,1066,962,1196,168,168,155,184,1069,1067,960,1197,168,168,155,184,1069,1066,959,1196,168,168,155,184,1069,1066,959,1197
2020-10-08,186,185,172,202,1176,1173,1064,1307,186,185,172,202,1176,1173,1062,1308,186,185,172,202,1176,1173,1062,1308,186,185,172,202,1176,1172,1062,1309
2020-10-09,205,205,190,222,1294,1291,1178,1429,205,205,190,222,1294,1291,1176,1430,205,205,190,222,1294,1291,1177,1427,205,205,190,222,1294,1291,1177,1429
2020-10-10,226,226,211,244,1424,1421,1305,1562,226,226,211,244,1424,1422,1303,1565,226,226,211,244,1424,1421,1304,1561,226,226,211,244,1424,1421,1304,1563
2020-10-11,249,249,233,268,1568,1566,1446,1709,249,249,233,268,1568,1565,1444,1711,249,249,233,268,1568,1565,1444,1706,249,249,233,268,1568,1566,1445,1709
2020-10-12,274,274,258,294,1727,1724,1601,1868,274,274,258,294,1727,1725,1600,1871,274,274,258,294,1727,1725,1599,1868,274,274,258,294,1726,1724,1598,1870
2020-10-13,301,301,284,322,1900,1899,1771,2047,301,301,284,322,1900,1899,1770,2046,301,301,284,322,1900,1899,1769,2046,301,301,284,322,1900,1899,1769,2047
2020-10-14,331,330,313,352,2091,2089,1957,2242,331,330,313,352,2091,2089,1958,2239,331,330,313,352,2091,2089,1956,2240,331,330,313,352,2091,2089,1956,2239
2020-10-15,362,362,344,385,2298,2297,2162,2451,362,362,344,385,2299,2297,2164,2451,362,362,344,385,2298,2297,2162,2450,362,362,344,385,2298,2297,2161,2450
2020-10-16,397,396,377,420,2525,2524,2386,2681,397,396,377,420,2525,2524,2389,2679,397,396,377,420,2525,2524,2388,2681,397,396,377,420,2525,2524,2386,2678
2020-10-17,434,433,412,459,2772,2771,2633,2932,434,433,412,459,2772,2771,2633,2930,434,433,412,459,2772,2771,2632,2930,434,433,412,459,2772,2771,2632,2929
2020-10-18,473,473,450,501,3040,3039,2899,3202,473,473,450,501,3040,3038,2900,3200,473,473,450,501,3040,3039,2899,3200,473,473,450,501,3040,3040,2900,3198
2020-10-19,517,516,490,547,3332,3331,3188,3497,517,516,490,547,3332,3329,3189,3496,517,516,490,547,3332,3330,3190,3494,517,516,490,547,3332,3330,3191,3493
2020-10-20,562,562,532,596,3648,3646,3497,3811,562,562,533,596,3648,3646,3498,3810,562,562,533,596,3648,3647,3500,3807,562,562,533,596,3648,3645,3499,3807
2020-10-21,606,606,573,644,3983,3983,3831,4146,606,606,572,644,3983,3983,3830,4148,606,606,573,644,3983,3984,3832,4145,606,606,573,644,3983,3982,3831,4145
2020-10-22,642,642,606,683,4329,4330,4173,4490,642,642,606,683,4329,4330,4172,4492,642,642,606,683,4329,4330,4174,4493,642,642,606,683,4329,4331,4175,4492
2020-10-23,670,669,632,712,4674,4676,4508,4840,670,669,632,712,4674,4675,4509,4843,670,669,632,712,4674,4676,4508,4844,670,669,632,712,4674,4675,4509,4843
2020-10-24,688,688,650,732,5009,5012,4835,5183,689,688,650,732,5010,5011,4832,5184,688,688,650,732,5010,5012,4836,5183,689,688,650,732,5010,5012,4835,5184
2020-10-25,700,699,661,743,5328,5330,5148,5512,700,699,661,744,5328,5330,5149,5508,700,699,661,744,5328,5330,5145,5511,700,699,661,744,5328,5329,5146,5510
2020-10-26,704,703,666,748,5625,5627,5437,5817,704,703,666,748,5625,5627,5437,5816,704,703,667,748,5625,5627,5434,5815,704,703,667,748,5625,5627,5437,5817
2020-10-27,704,703,667,747,5896,5898,5700,6093,704,703,667,747,5896,5899,5699,6093,704,703,667,747,5896,5897,5696,6095,704,703,667,747,5896,5899,5698,6094
2020-10-28,699,698,663,741,6138,6141,5938,6340,699,698,663,741,6138,6140,5932,6340,699,698,663,741,6138,6139,5934,6341,699,698,663,741,6138,6140,5938,6338
2020-10-29,690,689,656,731,6351,6352,6145,6556,690,689,656,731,6351,6353,6142,6553,690,689,656,731,6351,6351,6145,6557,690,689,656,731,6351,6352,6145,6556
2020-10-30,678,677,645,719,6534,6535,6327,6738,678,677,645,718,6534,6536,6324,6739,678,677,646,718,6534,6535,6325,6739,678,677,646,718,6534,6536,6326,6739
2020-10-31,664,663,633,704,6687,6689,6476,6890,664,663,634,704,6688,6689,6477,6891,664,663,634,704,6687,6689,6479,6890,664,663,634,703,6687,6688,6480,6892
2020-11-01,648,647,619,686,6812,6813,6603,7012,648,647,620,687,6812,6813,6603,7011,648,647,620,687,6812,6812,6604,7011,648,647,619,687,6812,6813,6603,7012
2020-11-02,631,630,603,668,6908,6909,6699,7108,631,630,603,668,6908,6908,6702,7104,631,630,603,668,6908,6909,6702,7106,631,630,603,668,6908,6909,6701,7105
2020-11-03,613,612,586,649,6978,6979,6777,7175,613,612,586,649,6978,6978,6778,7177,613,611,586,649,6978,6979,6777,7176,613,612,586,649,6978,6978,6778,7174
2020-11-04,594,592,568,629,7023,7022,6825,7222,594,592,568,629,7023,7023,6827,7222,594,592,568,629,7023,7024,6828,7224,594,592,568,629,7023,7022,6829,7219
2020-11-05,574,572,549,609,7045,7043,6852,7240,574,572,549,609,7045,7043,6858,7241,574,572,549,608,7045,7043,6857,7240,574,572,549,608,7045,7042,6854,7242
2020-11-06,553,552,529,587,7044,7042,6859,7231,553,552,529,588,7044,7041,6861,7231,553,552,529,588,7044,7041,6861,7232,553,552,529,587,7044,7041,6861,7233
2020-11-07,532,531,508,566,7022,7018,6841,7209,532,531,508,566,7022,7019,6842,7207,532,531,508,566,7022,7019,6839,7209,532,531,508,566,7022,7018,6842,7207
2020-11-08,511,510,487,544,6981,6976,6800,7168,511,510,488,545,6981,6977,6800,7168,511,510,488,545,6981,6978,6801,7168,511,510,488,545,6981,6976,6802,7169
2020-11-09,490,489,467,522,6921,6918,6742,7110,490,489,467,522,6921,6918,6746,7107,490,489,467,522,6921,6919,6743,7110,490,489,467,522,6921,6917,6744,7107
2020-11-10,469,468,446,500,6846,6841,6670,7035,469,468,446,500,6846,6841,6672,7032,469,468,446,500,6846,6842,6668,7036,469,468,446,500,6846,6842,6670,7033
2020-11-11,449,447,426,478,6755,6751,6581,6946,449,447,425,478,6755,6751,6582,6943,449,447,426,478,6755,6751,6578,6944,449,447,425,478,6755,6750,6579,6943
2020-11-12,428,427,406,457,6651,6645,6478,6842,428,427,406,457,6651,6646,6477,6839,428,427,406,457,6651,6646,6474,6840,428,427,406,457,6651,6645,6476,6839
2020-11-13,408,407,387,435,6534,6528,6363,6727,408,407,387,435,6534,6528,6364,6725,408,407,387,435,6534,6529,6364,6726,408,407,387,435,6534,6528,6367,6727
2020-11-14,389,387,368,415,6407,6401,6237,6601,389,387,368,414,6407,6400,6238,6602,389,387,368,414,6407,6401,6238,6603,389,387,368,414,6407,6400,6237,6604
2020-11-15,370,369,350,394,6270,6263,6103,6463,370,369,350,394,6270,6263,6103,6462,370,369,350,394,6270,6263,6102,6464,370,369,350,394,6270,6263,6103,6463
2020-11-16,351,350,332,374,6125,6117,5960,6315,351,350,332,374,6125,6117,5960,6313,351,350,332,374,6125,6118,5957,6313,351,350,332,374,6125,6118,5959,6313
2020-11-17,333,333,315,355,5972,5966,5808,6156,333,333,315,355,5973,5966,5810,6157,333,333,315,355,5972,5966,5808,6156,333,333,315,355,5973,5967,5808,6154
2020-11-18,316,315,299,336,5814,5808,5651,5998,316,315,298,336,5814,5808,5652,5999,316,315,298,336,5814,5808,5652,6001,316,315,298,336,5814,5808,5650,5998
2020-11-19,300,299,283,319,5652,5647,5492,5837,300,299,283,319,5652,5647,5496,5835,300,299,283,319,5652,5646,5495,5835,300,299,283,319,5652,5646,5493,5835
2020-11-20,286,286,270,304,5488,5484,5335,5663,286,286,270,304,5488,5484,5335,5665,286,286,270,304,5488,5484,5335,5666,286,286,270,304,5488,5484,5336,5665
2020-11-21,274,273,258,291,5325,5320,5175,5496,274,273,258,291,5325,5320,5177,5496,274,273,258,291,5325,5320,5175,5494,274,273,258,291,5325,5320,5176,5495
2020-11-22,263,263,248,280,5163,5159,5017,5329,263,263,248,280,5163,5159,5018,5329,263,263,248,280,5163,5159,5017,5327,263,263,248,280,5163,5158,5017,5328
2020-11-23,254,253,239,270,5005,5001,4862,5166,254,253,239,270,5005,5001,4861,5165,254,253,239,270,5005,5000,4861,5162,254,253,239,270,5005,5000,4862,5161
2020-11-24,245,245,231,261,4850,4846,4710,5003,245,245,231,261,4850,4847,4710,5007,245,245,231,261,4850,4847,4710,5004,245,245,231,261,4850,4847,4710,5004
2020-11-25,238,238,224,253,4700,4697,4563,4850,238,238,224,253,4700,4697,4564,4852,238,238,224,253,4700,4698,4565,4848,238,238,224,253,4700,4697,4565,4851
2020-11-26,231,231,217,246,4555,4554,4424,4702,231,231,217,247,4555,4554,4423,4703,231,231,217,246,4555,4553,4423,4703,231,231,218,246,4555,4553,4423,4702
2020-11-27,226,225,212,240,4416,4414,4287,4558,226,225,212,240,4416,4415,4286,4557,226,225,212,240,4416,4414,4286,4558,226,225,212,240,4416,4414,4285,4558
2020-11-28,220,220,207,235,4282,4281,4154,4420,220,220,207,235,4282,4281,4154,4419,220,220,207,235,4282,4281,4153,4421,220,220,207,235,4282,4281,4153,4421
2020-11-29,215,215,202,230,4154,4152,4027,4289,215,215,202,230,4154,4152,4027,4289,215,215,202,230,4154,4153,4026,4290,215,215,202,230,4154,4153,4026,4290
2020-11-30,211,211,198,225,4031,4030,3906,4163,211,211,198,225,4032,4030,3907,4162,211,211,198,225,4031,4031,3904,4162,211,211,198,225,4032,4031,3907,4163
2020-12-01,207,207,194,221,3915,3914,3789,4042,207,207,194,221,3915,3914,3791,4041,207,207,194,220,3914,3914,3790,4042,207,207,194,221,3915,3914,3791,4042
2020-12-02,203,203,190,216,3803,3802,3678,3928,203,203,190,217,3803,3803,3679,3929,203,203,190,217,3803,3803,3678,3927,203,203,190,217,3803,3802,3679,3929
2020-12-03,200,200,187,213,3697,3697,3572,3819,200,200,187,213,3697,3698,3574,3820,200,200,187,213,3697,3697,3572,3821,200,200,187,213,3697,3698,3574,3822
2020-12-04,197,197,184,209,3596,3597,3473,3718,197,197,184,209,3596,3597,3473,3719,197,197,184,209,3596,3597,3473,3718,197,197,184,209,3596,3596,3473,3720
2020-12-05,194,194,181,206,3500,3501,3377,3620,194,194,181,206,3500,3501,3376,3619,194,194,181,206,3500,3501,3378,3621,194,194,181,206,3500,3501,3377,3623
2020-12-06,191,191,179,203,3409,3410,3287,3526,191,191,179,203,3409,3411,3285,3524,191,191,179,203,3409,3410,3287,3526,191,191,179,203,3409,3410,3285,3529
2020-12-07,188,188,177,200,3322,3324,3200,3436,188,188,177,200,3322,3324,3200,3436,188,188,177,200,3322,3323,3201,3436,188,188,177,200,3322,3324,3200,3438
2020-12-08,186,186,174,198,3240,3242,3118,3353,186,186,174,198,3240,3242,3119,3352,186,186,174,198,3240,3241,3119,3352,186,186,174,198,3240,3241,3118,3354
2020-12-09,184,184,172,195,3162,3164,3041,3274,184,184,172,195,3162,3165,3042,3273,184,184,172,195,3162,3163,3041,3273,184,184,172,195,3162,3163,3041,3274
2020-12-10,181,182,170,193,3088,3090,2968,3199,181,182,170,193,3088,3091,2969,3198,181,182,170,193,3088,3090,2968,3198,181,182,170,193,3088,3089,2968,3198
2020-12-11,179,179,168,191,3018,3020,2899,3127,179,179,168,191,3018,3020,2897,3126,179,179,168,191,3018,3020,2899,3126,179,179,168,191,3018,3019,2898,3128
2020-12-12,177,177,166,188,2951,2954,2832,3061,177,177,166,188,2951,2954,2832,3060,177,177,166,188,2951,2954,2832,3060,177,177,166,188,2951,2953,2831,3061
2020-12-13,175,175,164,186,2888,2890,2769,2997,175,175,164,186,2888,2890,2768,2995,175,175,164,186,2888,2891,2769,2996,175,175,164,186,2888,2890,2768,2996
2020-12-14,173,173,163,184,2828,2830,2709,2937,173,173,163,184,2828,2830,2709,2935,173,173,163,184,2827,2831,2708,2936,173,173,163,184,2828,2829,2709,2937
2020-12-15,171,171,161,182,2770,2773,2652,2878,171,171,161,182,2770,2773,2651,2876,171,171,161,182,2770,2773,2652,2878,171,171,161,182,2770,2772,2651,2877
2020-12-16,170,170,160,181,2717,2720,2599,2823,170,170,160,181,2717,2720,2599,2822,170,170,160,181,2717,2719,2599,2823,170,170,160,181,2717,2719,2598,2822
2020-12-17,169,169,159,180,2666,2669,2550,2772,169,169,159,180,2666,2669,2549,2770,169,169,159,180,2666,2669,2549,2772,169,169,159,180,2666,2669,2549,2772
2020-12-18,168,168,158,179,2619,2623,2502,2724,168,168,158,179,2619,2623,2503,2722,168,168,158,179,2619,2622,2502,2724,168,168,158,179,2619,2622,2503,2723
2020-12-19,168,168,158,178,2575,2579,2459,2679,168,168,158,178,2575,2579,2459,2677,168,168,158,178,2575,2579,2459,2678,168,168,158,178,2575,2579,2460,2679
2020-12-20,167,167,157,177,2533,2538,2419,2635,167,167,157,177,2533,2537,2417,2635,167,167,157,177,2533,2538,2418,2635,167,167,157,177,2533,2537,2419,2635
2020-12-21,166,166,156,176,2494,2499,2380,2595,166,166,156,176,2494,2499,2380,2594,166,166,156,176,2494,2499,2381,2595,166,166,156,176,2494,2499,2381,2595
2020-12-22,165,165,155,175,2458,2462,2345,2557,165,165,155,175,2458,2462,2345,2557,165,165,155,175,2458,2463,2345,2557,165,165,155,175,2458,2462,2345,2556
2020-12-23,164,164,155,175,2423,2428,2310,2521,164,164,155,175,2423,2427,2310,2521,164,164,155,175,2423,2428,2311,2521,164,164,155,175,2423,2428,2310,2520
2020-12-24,164,163,155,175,2391,2395,2279,2489,164,164,155,175,2391,2396,2279,2488,164,164,155,175,2391,2396,2279,2489,164,164,155,175,2391,2395,2279,2488
2020-12-25,164,163,155,174,2362,2366,2250,2459,164,163,155,174,2362,2366,2250,2459,164,163,155,174,2362,2366,2250,2458,164,163,155,175,2362,2366,2250,2459
2020-12-26,164,163,155,175,2334,2339,2224,2430,164,163,155,175,2334,2339,2224,2431,164,163,155,175,2334,2339,2223,2430,164,163,155,175,2334,2339,2224,2430
2020-12-27,164,163,155,175,2310,2314,2199,2404,164,163,155,175,2310,2314,2199,2405,164,163,155,175,2310,2314,2199,2404,164,163,155,175,2310,2314,2199,2405
2020-12-28,164,163,156,175,2287,2291,2177,2381,164,163,156,175,2287,2291,2177,2382,164,163,155,175,2287,2291,2178,2382,164,163,156,175,2287,2290,2177,2382
2020-12-29,164,164,156,175,2266,2270,2159,2361,164,164,156,175,2267,2270,2159,2361,164,164,156,175,2267,2270,2160,2362,164,164,156,175,2267,2270,2158,2361
2020-12-30,164,164,156,176,2248,2250,2142,2342,164,164,156,175,2248,2251,2141,2343,164,164,156,175,2248,2251,2141,2344,164,164,156,175,2248,2250,2142,2343
2020-12-31,164,164,156,176,2231,2233,2126,2327,164,164,156,176,2231,2233,2125,2327,164,164,156,175,2231,2233,2124,2327,164,164,156,176,2231,2233,2125,2327
2021-01-01,164,163,156,175,2215,2216,2111,2312,164,163,156,175,2215,2216,2110,2312,164,163,156,175,2215,2216,2110,2313,164,164,156,175,2215,2216,2109,2312
2021-01-02,166,165,158,177,2202,2203,2099,2299,166,165,158,177,2202,2203,2098,2301,166,165,158,177,2202,2203,2099,2300,166,165,158,177,2202,2203,2098,2299
2021-01-03,166,165,158,177,2190,2190,2088,2291,166,165,158,177,2190,2191,2088,2290,166,165,158,177,2190,2191,2088,2289,166,165,158,177,2190,2191,2087,2289
2021-01-04,165,165,157,177,2178,2179,2078,2281,165,165,157,177,2178,2179,2080,2281,165,165,157,177,2178,2179,2078,2282,165,165,157,177,2178,2179,2078,2280
2021-01-05,165,164,157,176,2167,2168,2069,2273,165,164,157,177,2167,2167,2071,2271,165,164,157,177,2167,2168,2069,2272,165,164,157,176,2167,2167,2069,2272
2021-01-06,164,163,156,176,2156,2156,2060,2263,164,163,156,176,2156,2156,2061,2262,164,163,156,176,2156,2156,2060,2262,164,163,156,176,2156,2156,2060,2262
2021-01-07,163,162,155,175,2145,2144,2051,2253,163,162,155,175,2145,2144,2051,2253,163,162,155,175,2145,2144,2050,2252,163,162,155,175,2145,2144,2050,2251
2021-01-08,162,161,153,173,2133,2132,2040,2241,162,161,153,173,2133,2132,2041,2243,162,161,153,173,2133,2132,2040,2242,162,161,153,173,2133,2132,2039,2242
2021-01-09,160,159,152,171,2121,2119,2030,2230,160,159,152,171,2121,2119,2028,2230,160,160,152,171,2121,2119,2028,2230,160,159,152,171,2121,2118,2028,2230
2021-01-10,158,158,150,169,2107,2105,2017,2216,158,158,150,169,2107,2105,2016,2216,158,158,150,169,2107,2105,2015,2217,158,158,150,169,2107,2105,2016,2216
2021-01-11,156,156,148,167,2092,2089,2002,2201,156,156,148,167,2092,2089,2003,2201,156,156,148,167,2092,2090,2002,2203,156,156,148,167,2092,2090,2002,2201
2021-01-12,154,154,146,165,2077,2073,1988,2185,154,154,146,165,2077,2073,1988,2185,154,154,146,165,2077,2073,1987,2185,154,154,146,165,2077,2073,1987,2186
2021-01-13,152,152,144,162,2060,2056,1972,2166,152,152,144,162,2060,2056,1972,2167,152,152,144,162,2060,2057,1972,2166,152,152,144,162,2060,2056,1971,2166
2021-01-14,150,149,142,160,2042,2038,1954,2147,150,149,142,160,2042,2038,1954,2148,150,149,142,160,2042,2039,1955,2145,150,149,142,160,2042,2038,1953,2146
2021-01-15,148,147,140,158,2024,2020,1936,2129,148,147,140,158,2024,2020,1936,2129,148,147,140,158,2024,2020,1936,2129,148,147,140,158,2024,2020,1935,2127
2021-01-16,146,145,138,155,2005,2001,1918,2108,146,145,138,155,2005,2001,1916,2109,146,145,138,155,2005,2001,1918,2109,146,145,138,155,2005,2001,1917,2108
2021-01-17,144,144,136,153,1986,1982,1899,2090,144,144,136,153,1986,1981,1898,2090,144,144,136,153,1986,1982,1900,2090,144,144,136,153,1986,1982,1899,2088
2021-01-18,142,142,135,151,1966,1963,1880,2070,142,142,135,151,1966,1963,1879,2070,142,142,135,151,1966,1962,1880,2069,142,142,135,151,1966,1963,1880,2068
2021-01-19,140,140,133,149,1947,1943,1860,2048,140,140,133,149,1947,1943,1860,2048,140,140,133,149,1947,1943,1860,2048,140,140,133,149,1947,1943,1861,2047
2021-01-20,139,139,132,147,1927,1924,1842,2027,139,139,132,147,1927,1924,1842,2029,139,139,132,147,1927,1924,1841,2027,139,139,131,147,1927,1924,1842,2027
2021-01-21,137,137,130,146,1907,1904,1823,2007,137,137,130,146,1907,1904,1823,2008,137,137,130,146,1908,1904,1822,2007,137,137,130,146,1907,1904,1823,2007
2021-01-22,136,136,129,144,1888,1885,1803,1987,136,136,129,144,1888,1885,1804,1987,136,136,129,144,1888,1886,1804,1987,136,136,129,144,1888,1885,1804,1987
2021-01-23,135,135,128,143,1869,1867,1785,1966,135,135,128,143,1869,1867,1785,1966,135,135,128,143,1869,1867,1786,1967,135,135,128,143,1869,1867,1785,1966
2021-01-24,134,133,127,142,1851,1849,1767,1947,134,133,127,142,1851,1848,1767,1947,134,133,127,142,1851,1849,1767,1947,134,133,127,142,1851,1849,1768,1947
2021-01-25,133,132,126,141,1833,1831,1750,1928,133,132,126,141,1833,1831,1750,1928,133,132,126,141,1833,1831,1749,1928,133,132,126,141,1833,1832,1750,1927
2021-01-26,132,132,125,140,1815,1814,1733,1909,132,132,125,140,1815,1814,1734,1909,132,132,125,140,1815,1814,1733,1909,132,132,125,140,1815,1814,1734,1908
2021-01-27,131,131,124,139,1799,1797,1716,1890,131,131,124,139,1799,1797,1718,1892,131,131,124,139,1799,1797,1718,1891,131,131,124,139,1799,1797,1718,1890
2021-01-28,130,130,124,138,1783,1782,1702,1873,130,130,124,138,1783,1781,1702,1875,130,130,124,138,1783,1782,1702,1873,130,130,124,138,1783,1782,1702,1873
2021-01-29,130,130,123,138,1768,1767,1687,1856,130,130,123,138,1768,1766,1687,1857,130,130,123,138,1768,1767,1686,1856,130,130,123,138,1768,1767,1688,1856
2021-01-30,129,129,123,137,1753,1752,1674,1840,129,129,123,137,1753,1752,1673,1840,129,129,123,137,1753,1752,1672,1841,129,129,123,137,1753,1752,1673,1838
2021-01-31,129,129,122,137,1740,1739,1661,1825,129,129,122,137,1740,1739,1660,1825,129,129,122,137,1740,1739,1660,1826,129,129,122,137,1740,1739,1660,1824
2021-02-01,129,129,122,137,1728,1727,1649,1812,129,129,122,137,1728,1727,1648,1812,129,129,122,137,1728,1727,1648,1812,129,129,122,137,1728,1727,1648,1810
2021-02-02,129,129,122,137,1716,1715,1638,1799,129,129,122,137,1716,1715,1637,1799,129,129,122,137,1716,1715,1637,1799,129,129,122,137,1716,1715,1637,1799
2021-02-03,129,129,122,137,1706,1705,1628,1788,129,129,122,137,1706,1705,1627,1787,129,129,122,137,1706,1705,1627,1788,129,129,122,137,1706,1705,1627,1788
2021-02-04,129,129,122,137,1696,1695,1618,1776,129,129,122,137,1696,1696,1618,1776,129,129,122,137,1696,1695,1617,1778,129,129,122,137,1696,1695,1618,1777
2021-02-05,129,129,123,137,1688,1687,1610,1767,129,129,123,137,1688,1687,1611,1767,129,129,122,137,1688,1687,1609,1768,129,129,123,137,1688,1687,1610,1766
2021-02-06,129,129,123,137,1680,1680,1604,1759,129,129,123,137,1680,1679,1603,1759,129,129,123,137,1680,1680,1602,1761,129,129,123,137,1680,1680,1603,1759
2021-02-07,130,130,123,138,1674,1673,1599,1752,130,130,123,138,1674,1673,1598,1751,130,130,123,138,1674,1673,1596,1754,130,130,123,138,1674,1673,1598,1752
2021-02-08,130,130,124,138,1669,1668,1594,1748,130,130,124,138,1669,1668,1593,1746,130,130,124,138,1669,1668,1591,1748,130,130,124,138,1669,1668,1593,1747
2021-02-09,131,131,124,139,1665,1664,1590,1743,131,131,124,139,1665,1664,1589,1742,131,131,124,139,1665,1664,1588,1744,131,131,124,139,1665,1664,1590,1743
2021-02-10,132,131,125,140,1662,1660,1587,1740,132,131,125,140,1662,1661,1586,1740,132,131,125,140,1662,1661,1585,1739,132,131,125,140,1662,1661,1587,1740
2021-02-11,132,132,126,141,1660,1659,1586,1738,132,132,126,141,1660,1659,1585,1738,132,132,126,141,1660,1659,1584,1738,132,132,126,141,1660,1659,1586,1737
2021-02-12,133,133,127,142,1659,1658,1586,1735,133,133,127,142,1659,1658,1585,1737,133,133,127,142,1659,1658,1584,1738,133,133,127,142,1659,1659,1586,1737
2021-02-13,134,134,128,143,1660,1659,1588,1737,134,134,128,143,1659,1659,1586,1737,134,134,128,143,1660,1659,1585,1737,134,134,128,143,1660,1659,1587,1737
2021-02-14,135,135,129,144,1661,1660,1589,1739,135,135,129,144,1661,1660,1588,1738,135,135,129,144,1661,1660,1588,1738,135,135,129,144,1661,1660,1588,1739
2021-02-15,137,136,130,145,1664,1663,1592,1741,137,136,130,145,1664,1663,1591,1741,137,136,130,145,1664,1662,1591,1741,137,136,130,145,1664,1662,1592,1742
2021-02-16,138,138,131,147,1668,1667,1596,1745,138,138,131,147,1668,1667,1596,1745,138,138,131,147,1668,1666,1596,1745,138,138,131,147,1668,1666,1596,1744
2021-02-17,139,139,132,148,1672,1671,1602,1750,139,139,132,148,1672,1671,1602,1750,139,139,132,148,1673,1671,1602,1749,139,139,132,148,1673,1671,1602,1749
2021-02-18,140,140,133,149,1678,1677,1607,1755,140,140,133,149,1678,1677,1608,1755,140,140,133,149,1678,1676,1607,1755,140,140,133,149,1678,1677,1608,1756
2021-02-19,142,141,135,151,1685,1684,1614,1762,142,141,135,151,1685,1684,1614,1763,142,141,135,151,1685,1683,1614,1763,142,141,135,151,1685,1683,1614,1763
2021-02-20,143,142,136,152,1692,1691,1621,1770,143,142,136,152,1692,1691,1621,1771,143,142,136,152,1692,1690,1621,1772,143,142,136,152,1692,1691,1622,1770
2021-02-21,144,143,137,153,1700,1699,1629,1779,144,143,137,153,1700,1698,1629,1779,144,143,137,153,1700,1698,1629,1780,144,143,137,153,1700,1698,1629,1778
2021-02-22,145,144,138,154,1708,1707,1636,1788,145,144,138,154,1708,1707,1637,1788,145,144,138,154,1708,1706,1638,1788,145,144,138,154,1708,1707,1637,1787
2021-02-23,146,145,139,155,1717,1716,1645,1799,146,145,139,155,1717,1716,1645,1798,146,145,139,155,1717,1715,1646,1798,146,145,139,155,1717,1715,1646,1798
2021-02-24,147,146,140,156,1726,1724,1654,1808,147,146,140,156,1726,1724,1654,1808,147,146,140,156,1726,1724,1655,1807,147,146,140,156,1726,1724,1654,1807
2021-02-25,147,147,140,157,1735,1733,1662,1818,147,147,140,157,1735,1733,1663,1819,147,147,140,157,1735,1733,1664,1817,147,147,140,157,1735,1733,1663,1817
2021-02-26,148,148,141,158,1744,1742,1670,1827,148,148,141,158,1744,1743,1672,1828,148,148,141,157,1744,1742,1672,1827,148,148,141,158,1744,1742,1671,1826
2021-02-27,149,149,142,158,1753,1752,1679,1837,149,149,142,158,1753,1752,1680,1836,149,149,142,158,1753,1752,1681,1837,149,149,142,158,1753,1751,1680,1835
2021-02-28,150,150,143,159,1763,1761,1690,1845,150,150,143,159,1763,1761,1690,1846,150,150,143,159,1763,1761,1690,1846,150,150,143,159,1763,1761,1690,1845
2021-03-01,151,151,144,160,1773,1771,1699,1855,151,151,144,160,1773,1772,1699,1856,151,151,144,160,1773,1771,1700,1856,151,151,144,160,1773,1771,1700,1855
2021-03-02,152,152,145,162,1783,1782,1711,1866,152,152,145,162,1783,1781,1711,1866,152,152,145,162,1783,1782,1712,1865,152,152,145,162,1783,1782,1711,1865
2021-03-03,154,154,146,163,1794,1793,1723,1875,154,154,146,163,1794,1793,1722,1876,154,154,146,163,1794,1793,1723,1876,154,154,146,163,1794,1793,1723,1874
2021-03-04,155,155,148,164,1806,1805,1735,1886,155,155,148,165,1806,1805,1735,1886,155,155,148,165,1806,1805,1735,1885,155,155,148,165,1806,1805,1735,1886
2021-03-05,157,157,150,166,1819,1818,1748,1897,157,157,150,166,1819,1817,1747,1898,157,157,150,166,1819,1818,1748,1898,157,157,150,166,1819,1818,1748,1898
2021-03-06,159,159,151,168,1832,1831,1762,1911,159,159,151,168,1832,1831,1760,1911,159,159,151,168,1832,1832,1762,1911,159,159,151,168,1832,1832,1761,1910
2021-03-07,161,161,153,170,1847,1846,1775,1924,161,161,153,170,1847,1846,1775,1925,161,161,153,170,1847,1846,1776,1925,161,161,153,170,1847,1846,1776,1924
2021-03-08,163,163,155,173,1863,1862,1791,1939,163,163,155,173,1863,1862,1791,1939,163,163,155,173,1863,1862,1792,1939,163,163,155,173,1863,1862,1791,1940
2021-03-09,166,166,158,176,1880,1880,1808,1954,166,166,158,176,1880,1880,1808,1954,166,166,158,176,1880,1880,1809,1954,166,166,158,176,1880,1880,1809,1955
2021-03-10,169,168,160,179,1899,1899,1827,1972,169,168,160,179,1899,1899,1827,1973,169,168,160,178,1899,1899,1827,1973,169,168,160,179,1899,1899,1828,1973
2021-03-11,172,171,163,182,1920,1920,1848,1993,172,171,163,182,1920,1920,1848,1992,172,171,163,182,1920,1920,1848,1992,172,171,163,182,1920,1920,1848,1993
2021-03-12,175,175,166,185,1942,1942,1870,2014,175,175,166,185,1942,1942,1870,2013,175,175,166,185,1942,1942,1871,2015,175,175,166,185,1942,1942,1869,2013
2021-03-13,178,178,169,189,1966,1966,1894,2037,178,178,169,189,1966,1966,1893,2037,178,178,169,189,1966,1966,1894,2037,178,178,169,189,1966,1967,1893,2037
2021-03-14,182,182,173,193,1992,1992,1920,2064,182,182,173,193,1992,1992,1919,2063,182,182,173,193,1992,1992,1920,2063,182,182,173,193,1992,1992,1920,2062
2021-03-15,186,186,177,197,2020,2021,1949,2090,186,186,177,197,2020,2020,1948,2091,186,186,177,197,2020,2021,1948,2090,186,186,177,197,2020,2020,1949,2089
2021-03-16,190,190,181,201,2050,2050,1979,2120,190,190,181,201,2050,2050,1979,2121,190,190,181,201,2050,2051,1980,2120,190,190,181,201,2050,2051,1980,2119
2021-03-17,194,194,185,206,2082,2083,2012,2152,194,194,185,206,2082,2082,2012,2152,194,194,185,206,2082,2083,2012,2152,194,194,185,206,2082,2083,2012,2152
2021-03-18,199,199,189,211,2116,2117,2047,2187,199,199,189,211,2116,2117,2046,2187,199,199,189,211,2116,2117,2047,2187,199,199,189,211,2116,2117,2046,2187
2021-03-19,204,204,194,216,2153,2154,2083,2224,204,204,194,216,2153,2153,2082,2224,204,204,194,216,2153,2153,2082,2225,204,204,194,216,2153,2153,2083,2224
2021-03-20,209,209,199,222,2193,2193,2121,2265,209,209,199,222,2193,2193,2120,2264,209,209,199,222,2193,2193,2121,2264,209,209,199,222,2193,2192,2122,2264
2021-03-21,215,214,204,227,2234,2234,2162,2306,215,214,204,227,2234,2234,2162,2306,215,214,204,227,2234,2234,2162,2306,215,214,204,227,2234,2234,2162,2307
2021-03-22,220,220,209,234,2279,2278,2205,2351,220,220,209,234,2279,2278,2205,2351,220,220,209,233,2279,2278,2204,2351,220,220,209,233,2279,2279,2205,2351
2021-03-23,226,226,215,240,2326,2325,2250,2399,226,226,215,240,2326,2325,2251,2399,226,226,215,240,2326,2325,2250,2399,226,226,215,240,2326,2325,2249,2399
2021-03-24,232,232,221,247,2375,2375,2297,2450,232,232,221,247,2375,2375,2298,2451,232,232,221,247,2375,2375,2297,2451,232,232,221,247,2375,2375,2298,2451
2021-03-25,239,239,227,254,2428,2427,2349,2505,239,239,227,254,2428,2427,2349,2505,239,239,227,254,2428,2427,2349,2505,239,239,227,254,2428,2427,2349,2505
2021-03-26,246,245,233,261,2483,2482,2401,2563,246,245,233,261,2483,2482,2402,2563,246,245,233,261,2483,2482,2401,2562,246,245,233,261,2483,2482,2402,2562
2021-03-27,253,252,239,269,2541,2540,2456,2622,253,252,239,269,2541,2541,2456,2623,253,252,239,269,2541,2540,2456,2622,253,252,239,269,2541,2540,2457,2622
2021-03-28,260,259,246,277,2602,2602,2514,2688,260,259,246,277,2602,2602,2515,2688,260,259,246,277,2602,2601,2513,2687,260,259,245,277,2602,2601,2515,2688
2021-03-29,267,267,252,286,2665,2666,2575,2755,267,267,252,286,2665,2666,2575,2755,267,267,252,286,2665,2666,2574,2755,267,267,252,286,2665,2666,2575,2756
2021-03-30,275,274,259,294,2732,2733,2638,2826,275,274,259,294,2732,2733,2638,2826,275,274,259,294,2732,2733,2637,2827,275,274,259,294,2732,2733,2638,2826
2021-03-31,282,281,265,302,2800,2801,2702,2900,282,281,265,302,2800,2801,2702,2901,282,281,265,302,2800,2801,2701,2901,282,281,265,302,2800,2801,2702,2900
2021-04-01,287,286,269,308,2868,2869,2764,2975,287,286,269,308,2868,2868,2764,2975,287,286,269,308,2868,2868,2765,2974,287,286,269,308,2868,2868,2765,2975
2021-04-02,290,289,272,311,2933,2934,2826,3045,290,289,272,311,2933,2933,2825,3045,290,289,272,311,2933,2933,2825,3045,290,289,272,311,2933,2933,2825,3045
2021-04-03,291,291,272,313,2994,2994,2879,3112,291,291,272,313,2994,2995,2881,3113,291,291,272,314,2994,2995,2881,3113,291,291,272,313,2994,2994,2881,3112
2021-04-04,291,290,271,314,3050,3050,2930,3173,291,290,271,314,3050,3050,2927,3175,291,290,271,314,3050,3050,2929,3170,291,290,270,315,3050,3050,2929,3174
2021-04-05,289,289,267,314,3099,3100,2973,3228,289,288,267,314,3099,3098,2968,3231,289,288,267,314,3098,3097,2972,3225,289,289,267,315,3099,3100,2969,3230
2021-04-06,286,285,262,314,3140,3141,3004,3280,286,285,262,314,3140,3139,3002,3281,286,285,262,314,3140,3139,3004,3277,286,286,262,314,3141,3141,3002,3278
2021-04-07,282,281,255,313,3174,3174,3027,3327,282,281,254,313,3174,3173,3023,3325,282,281,255,313,3173,3172,3028,3326,282,282,255,314,3174,3175,3026,3325
2021-04-08,277,276,246,311,3199,3198,3041,3370,277,276,246,311,3199,3198,3036,3366,277,276,246,311,3198,3197,3038,3366,277,277,246,312,3200,3200,3034,3369
2021-04-09,272,271,237,309,3217,3214,3043,3405,272,270,236,309,3217,3214,3038,3405,271,271,236,310,3216,3214,3043,3398,272,272,237,310,3218,3217,3036,3407
2021-04-10,266,265,227,306,3227,3225,3033,3438,266,264,227,307,3227,3223,3026,3433,265,265,227,307,3226,3223,3035,3430,266,266,228,307,3228,3227,3026,3439
2021-04-11,259,258,217,303,3229,3226,3010,3464,259,258,217,304,3229,3224,3008,3459,259,258,216,305,3228,3225,3013,3461,260,259,217,305,3231,3231,3008,3465
2021-04-12,253,251,207,301,3224,3220,2981,3485,253,251,206,300,3224,3217,2979,3483,252,251,205,302,3222,3220,2980,3483,253,253,207,302,3226,3226,2979,3488
2021-04-13,246,244,196,298,3212,3206,2940,3502,246,244,196,297,3212,3204,2941,3501,245,244,195,298,3210,3206,2941,3502,246,246,197,298,3214,3215,2938,3503
2021-04-14,239,237,186,294,3194,3188,2895,3511,239,236,186,293,3193,3181,2899,3513,238,237,185,295,3192,3187,2891,3510,239,239,187,294,3196,3197,2892,3514
2021-04-15,232,230,176,290,3169,3162,2838,3517,232,229,176,289,3169,3154,2847,3514,231,230,175,291,3167,3161,2831,3516,232,232,177,290,3172,3172,2840,3520
2021-04-16,224,222,167,286,3139,3129,2777,3519,224,222,167,285,3139,3123,2785,3517,224,222,166,286,3137,3130,2770,3520,225,224,167,286,3142,3140,2783,3521
2021-04-17,217,215,158,281,3104,3091,2712,3518,217,214,158,281,3104,3086,2714,3515,217,215,156,282,3102,3095,2703,3515,218,217,158,281,3108,3106,2721,3518
2021-04-18,210,208,149,276,3064,3047,2645,3512,210,207,149,276,3064,3045,2642,3510,210,207,147,277,3062,3051,2630,3509,211,210,149,276,3068,3065,2652,3510
2021-04-19,203,200,140,271,3020,3001,2572,3499,203,199,140,271,3020,2998,2571,3499,202,200,138,272,3017,3004,2552,3493,203,203,140,271,3024,3021,2579,3499
2021-04-20,196,193,132,266,2972,2952,2496,3483,196,192,131,265,2972,2946,2492,3483,195,192,130,267,2969,2954,2473,3474,196,195,132,265,2976,2972,2499,3479
2021-04-21,188,186,124,260,2921,2900,2414,3461,188,185,123,260,2920,2892,2411,3461,188,185,122,261,2917,2899,2391,3453,189,188,123,259,2925,2919,2416,3459
2021-04-22,181,178,116,254,2866,2844,2333,3434,181,177,116,254,2865,2835,2329,3434,181,178,114,255,2862,2843,2309,3428,182,181,116,253,2870,2865,2333,3434
2021-04-23,175,171,109,248,2808,2786,2247,3406,175,170,108,248,2808,2774,2245,3404,174,171,107,249,2805,2782,2226,3399,175,174,109,247,2813,2805,2253,3405
2021-04-24,168,165,102,243,2748,2724,2162,3375,168,164,102,242,2748,2713,2161,3372,167,164,100,244,2745,2718,2142,3366,168,167,102,241,2753,2743,2170,3372
2021-04-25,161,158,95,237,2687,2662,2076,3341,161,157,95,237,2686,2650,2078,3337,161,157,94,238,2683,2656,2059,3330,162,161,95,236,2692,2681,2089,3338
2021-04-26,155,151,89,231,2623,2597,1994,3302,155,150,89,231,2623,2584,1995,3299,155,151,88,232,2619,2591,1976,3292,156,154,89,230,2629,2616,2006,3300
2021-04-27,149,145,83,225,2559,2530,1914,3258,149,144,83,225,2558,2518,1913,3257,148,145,82,226,2555,2523,1893,3250,149,148,83,224,2564,2551,1923,3258
2021-04-28,143,139,78,219,2493,2462,1835,3212,143,138,78,220,2493,2450,1832,3212,143,139,77,220,2489,2456,1813,3207,144,142,78,219,2499,2486,1842,3213
2021-04-29,138,134,74,214,2428,2392,1758,3169,138,133,73,215,2428,2384,1754,3170,138,134,72,215,2424,2388,1735,3163,139,137,74,214,2434,2420,1766,3169
2021-04-30,134,130,70,210,2364,2326,1682,3124,134,129,70,210,2364,2319,1678,3127,134,129,69,211,2360,2321,1660,3118,135,133,70,210,2370,2355,1691,3121
2021-05-01,130,126,67,206,2302,2261,1609,3078,130,125,66,207,2302,2255,1605,3081,130,126,65,207,2298,2255,1587,3073,131,129,67,206,2308,2291,1619,3075
2021-05-02,127,123,64,203,2241,2198,1538,3032,127,122,64,204,2241,2193,1535,3035,127,123,63,204,2237,2193,1517,3028,128,126,64,203,2248,2231,1550,3028
2021-05-03,125,121,62,201,2184,2139,1474,2987,125,120,62,202,2184,2136,1469,2995,124,120,60,201,2179,2133,1450,2984,125,123,62,200,2190,2169,1483,2981
2021-05-04,124,120,60,201,2130,2084,1413,2945,124,119,60,202,2130,2077,1406,2956,122,118,58,198,2123,2076,1389,2939,123,121,60,197,2134,2114,1420,2936
2021-05-05,125,121,59,203,2081,2035,1356,2909,125,120,59,204,2081,2027,1346,2921,120,116,57,196,2070,2022,1331,2896,121,119,58,195,2081,2062,1362,2892
2021-05-06,126,123,58,207,2039,1990,1301,2884,126,121,58,209,2039,1985,1291,2894,118,114,55,194,2019,1970,1276,2854,119,117,57,193,2030,2010,1306,2851
2021-05-07,129,126,57,213,2003,1956,1252,2870,129,124,57,215,2003,1944,1240,2875,117,112,54,192,1971,1921,1226,2813,117,116,55,191,1982,1961,1254,2811
2021-05-08,133,130,57,222,1975,1927,1207,2862,133,128,57,224,1975,1916,1194,2871,115,111,53,190,1926,1874,1180,2775,116,114,54,189,1937,1915,1205,2771
2021-05-09,138,135,57,232,1954,1906,1166,2865,138,134,57,234,1954,1895,1154,2878,114,110,52,188,1883,1830,1134,2738,115,113,53,188,1894,1871,1161,2732
2021-05-10,144,142,57,243,1942,1895,1128,2880,144,140,57,246,1942,1883,1117,2891,113,109,51,186,1843,1791,1091,2703,114,112,52,186,1854,1831,1118,2695
2021-05-11,151,148,58,256,1937,1893,1092,2911,151,146,57,259,1937,1880,1084,2918,112,108,50,185,1804,1753,1050,2668,112,111,51,184,1816,1795,1076,2659
2021-05-12,158,156,58,271,1941,1900,1059,2952,158,153,58,272,1941,1879,1055,2957,110,107,49,183,1768,1718,1014,2635,111,110,51,183,1779,1758,1037,2628
2021-05-13,166,164,58,286,1953,1914,1031,3008,166,161,58,288,1953,1890,1026,3017,109,105,49,181,1734,1683,980,2603,110,108,50,181,1745,1723,1001,2603
2021-05-14,174,173,59,303,1974,1936,1006,3067,174,169,59,304,1973,1906,999,3086,108,104,48,179,1701,1649,949,2571,109,107,49,179,1712,1690,969,2579
2021-05-15,183,183,59,320,2002,1967,985,3140,182,178,59,320,2001,1940,979,3177,107,103,47,177,1670,1618,919,2540,107,106,48,176,1681,1661,938,2551
2021-05-16,193,193,60,338,2038,2002,967,3231,191,187,60,338,2035,1977,960,3259,106,102,46,175,1641,1589,891,2509,106,104,48,174,1651,1631,907,2519
2021-05-17,203,204,61,358,2083,2048,952,3345,201,197,61,356,2078,2020,941,3359,105,101,46,173,1612,1563,865,2481,105,103,47,172,1622,1601,880,2490
2021-05-18,214,216,62,378,2136,2108,938,3461,211,207,61,376,2127,2068,926,3480,103,100,45,171,1585,1535,839,2453,103,102,46,170,1593,1574,854,2455
2021-05-19,226,228,63,400,2196,2176,925,3597,221,218,62,394,2184,2122,912,3607,102,99,45,169,1559,1512,817,2424,102,100,45,167,1566,1545,831,2420
2021-05-20,238,241,65,424,2265,2245,917,3741,232,229,63,416,2247,2186,904,3751,101,98,44,167,1534,1487,795,2395,100,99,45,164,1540,1516,807,2389
2021-05-21,251,254,66,448,2342,2324,905,3900,243,241,64,439,2317,2259,898,3904,100,97,44,165,1511,1465,773,2365,99,97,44,162,1514,1489,785,2357
2021-05-22,264,269,67,473,2428,2417,898,4077,254,253,64,459,2393,2337,893,4048,99,96,43,164,1488,1443,752,2337,97,96,43,160,1489,1466,763,2329
2021-05-23,279,284,69,499,2522,2518,894,4279,265,264,65,482,2475,2421,887,4214,98,96,43,162,1466,1423,734,2309,96,94,42,157,1464,1442,744,2294
2021-05-24,293,299,71,527,2623,2632,894,4498,277,277,66,504,2563,2514,883,4381,97,95,43,160,1445,1400,717,2284,94,93,42,154,1440,1419,726,2263
2021-05-25,309,316,73,555,2733,2747,898,4718,288,289,67,527,2656,2611,879,4583,96,94,42,159,1424,1380,701,2256,92,91,41,152,1416,1396,707,2230
2021-05-26,324,333,75,583,2851,2874,900,4939,301,302,68,553,2755,2716,874,4799,95,93,42,157,1405,1360,685,2228,91,89,41,150,1393,1372,691,2199
2021-05-27,341,350,76,612,2977,3005,903,5168,313,316,69,573,2859,2828,873,5029,94,92,42,155,1386,1341,671,2200,89,88,40,147,1370,1350,677,2170
2021-05-28,357,367,78,642,3110,3142,910,5426,326,330,71,597,2969,2943,871,5263,93,91,41,154,1367,1323,658,2177,88,86,39,145,1348,1327,661,2137
2021-05-29,374,386,80,672,3251,3297,918,5706,339,344,72,620,3084,3066,873,5500,92,90,41,152,1350,1305,646,2156,86,85,39,143,1325,1305,645,2106
2021-05-30,391,405,82,703,3399,3455,930,5984,352,358,73,646,3205,3203,876,5725,91,90,41,150,1332,1291,635,2131,85,83,38,141,1304,1285,631,2079
2021-05-31,408,424,84,732,3553,3624,940,6251,366,373,75,670,3330,3332,884,5966,90,89,40,149,1316,1274,625,2107,84,82,38,139,1283,1264,618,2051
2021-06-01,426,443,86,761,3714,3807,956,6552,380,388,77,696,3461,3469,892,6228,89,88,40,148,1299,1260,615,2087,82,81,38,137,1262,1241,606,2019
2021-06-02,443,463,89,794,3880,3990,969,6858,394,404,78,718,3596,3612,900,6492,88,87,40,146,1283,1247,605,2065,81,79,37,135,1241,1221,594,1992
2021-06-03,461,483,91,825,4053,4165,986,7185,408,419,80,739,3735,3762,907,6752,87,86,40,145,1268,1236,595,2039,80,78,37,133,1222,1201,582,1962
2021-06-04,479,503,93,853,4232,4350,1005,7511,421,434,82,761,3878,3912,916,7052,88,86,40,146,1254,1225,587,2021,80,78,37,133,1204,1184,573,1940
2021-06-05,497,523,96,881,4416,4555,1019,7835,435,449,83,781,4024,4076,926,7343,88,87,40,147,1243,1215,580,2007,80,78,37,134,1187,1166,565,1918
2021-06-06,515,544,98,909,4605,4769,1036,8204,447,464,85,800,4173,4242,937,7632,90,89,40,150,1234,1209,574,1997,81,79,37,135,1173,1150,557,1896
2021-06-07,533,564,101,934,4799,4981,1060,8589,460,479,87,817,4323,4403,952,7898,92,91,41,155,1229,1204,568,1996,82,80,37,138,1162,1140,550,1879
2021-06-08,551,585,104,960,4997,5201,1086,8882,471,492,89,834,4474,4564,968,8170,95,94,42,160,1227,1206,564,1998,84,82,38,141,1153,1132,543,1871
2021-06-09,568,605,107,983,5198,5409,1111,9225,482,505,91,847,4625,4735,984,8396,99,97,42,166,1229,1208,561,2004,86,84,38,146,1148,1126,538,1873
2021-06-10,585,624,110,1004,5402,5638,1138,9581,492,516,93,858,4776,4895,1001,8653,103,101,43,173,1235,1214,561,2021,88,87,39,150,1146,1124,534,1867
2021-06-11,601,643,112,1029,5608,5871,1161,9906,501,528,95,865,4924,5060,1015,8914,107,106,45,181,1245,1223,561,2040,91,90,39,155,1147,1124,530,1878
2021-06-12,616,661,115,1047,5816,6099,1186,10228,508,537,97,871,5069,5215,1032,9161,112,111,46,189,1260,1239,563,2076,94,93,40,160,1151,1127,527,1896
2021-06-13,630,677,118,1061,6023,6321,1211,10569,515,546,98,876,5210,5363,1050,9380,117,116,47,198,1279,1259,563,2119,97,96,41,166,1157,1135,526,1918
2021-06-14,643,692,121,1076,6229,6571,1236,10925,520,552,100,876,5346,5518,1067,9584,122,122,48,207,1303,1285,567,2166,100,99,41,172,1167,1145,524,1933
2021-06-15,655,706,125,1088,6432,6799,1265,11229,524,558,102,874,5476,5667,1084,9795,128,128,49,217,1331,1315,571,2217,103,103,42,177,1180,1157,525,1957
2021-06-16,665,719,128,1094,6632,7030,1296,11543,526,561,103,871,5598,5814,1097,9958,134,134,51,227,1363,1349,578,2281,107,106,43,183,1195,1174,527,1984
2021-06-17,674,730,131,1102,6828,7250,1330,11851,526,563,104,862,5713,5952,1113,10093,141,141,52,238,1399,1386,586,2346,110,110,44,189,1212,1193,528,2016
2021-06-18,681,738,134,1106,7017,7473,1363,12147,526,563,105,852,5818,6070,1133,10210,147,148,54,249,1440,1427,593,2415,114,114,44,196,1232,1216,531,2058
2021-06-19,687,745,138,1107,7199,7673,1394,12418,524,562,107,841,5914,6199,1156,10323,154,155,55,260,1484,1472,602,2487,117,117,45,201,1253,1239,534,2103
2021-06-20,691,749,141,1106,7372,7863,1426,12651,520,559,108,826,5999,6297,1174,10461,161,163,57,271,1532,1525,612,2567,120,121,46,207,1276,1263,537,2147
2021-06-21,693,751,144,1097,7536,8036,1457,12836,515,554,109,811,6073,6388,1190,10542,168,171,58,283,1584,1578,621,2656,123,125,46,212,1301,1289,539,2192
2021-06-22,693,751,147,1089,7689,8199,1494,13024,508,548,110,794,6136,6449,1208,10584,176,178,60,295,1640,1637,633,2746,127,128,47,217,1327,1317,544,2240
2021-06-23,691,749,150,1074,7830,8357,1534,13205,501,540,111,777,6185,6507,1228,10629,183,186,62,307,1699,1699,643,2845,130,131,47,222,1354,1347,549,2287
2021-06-24,688,745,153,1059,7958,8506,1572,13362,492,530,111,756,6223,6553,1243,10572,190,195,64,317,1760,1767,655,2949,133,135,48,227,1382,1380,556,2338
2021-06-25,683,739,156,1040,8073,8641,1605,13458,482,520,112,734,6247,6604,1259,10544,198,203,65,328,1825,1833,670,3059,136,138,48,231,1411,1412,560,2387
2021-06-26,676,731,159,1020,8173,8771,1642,13546,472,508,112,715,6260,6626,1270,10499,206,211,67,339,1893,1909,684,3166,139,141,49,236,1441,1446,568,2440
2021-06-27,667,721,161,997,8258,8874,1681,13652,461,496,113,692,6260,6645,1282,10416,213,219,68,351,1963,1976,699,3275,142,144,49,241,1471,1482,575,2494
2021-06-28,658,709,163,974,8327,8946,1714,13653,449,483,113,669,6248,6643,1295,10354,221,227,70,362,2035,2052,716,3395,145,147,50,245,1502,1513,581,2540
2021-06-29,646,696,165,950,8381,9025,1745,13716,438,470,113,647,6225,6621,1300,10269,228,235,71,373,2110,2135,733,3518,147,151,51,249,1533,1548,585,2589
2021-06-30,634,680,167,927,8418,9078,1774,13730,425,456,113,625,6192,6588,1311,10127,235,243,73,384,2186,2221,749,3639,150,154,51,253,1565,1582,592,2638
2021-07-01,620,665,168,902,8439,9104,1806,13731,413,442,112,603,6147,6544,1319,10007,242,251,75,394,2263,2308,764,3761,153,157,52,257,1597,1617,597,2687
2021-07-02,605,648,170,878,8443,9096,1838,13698,400,428,113,581,6093,6499,1329,9845,249,258,76,405,2341,2392,782,3877,156,160,53,260,1630,1652,601,2733
2021-07-03,588,629,170,849,8430,9067,1869,13594,387,414,113,559,6029,6434,1337,9684,255,265,78,413,2419,2475,802,3987,158,163,53,264,1662,1685,606,2780
2021-07-04,571,609,171,819,8400,9035,1896,13515,373,398,113,538,5956,6354,1348,9545,261,271,80,420,2497,2556,822,4101,160,164,54,266,1693,1722,611,2829
2021-07-05,552,588,172,790,8353,8976,1919,13365,359,382,112,517,5873,6279,1353,9384,265,275,81,425,2572,2641,841,4214,162,166,54,266,1723,1751,616,2875
2021-07-06,531,565,173,760,8288,8910,1940,13114,344,365,112,494,5780,6171,1360,9185,267,279,82,427,2644,2719,857,4317,162,166,55,266,1751,1781,621,2917
2021-07-07,510,541,173,727,8205,8804,1962,12880,329,348,111,470,5679,6063,1370,8950,269,280,83,428,2712,2793,874,4408,162,166,55,264,1777,1807,625,2952
2021-07-08,488,516,172,693,8106,8676,1981,12641,314,332,110,447,5569,5943,1373,8713,270,281,84,427,2775,2858,890,4491,161,166,55,260,1800,1836,630,2991
2021-07-09,466,491,171,660,7990,8534,2002,12377,298,314,109,424,5451,5825,1383,8479,269,280,85,423,2833,2914,903,4558,160,164,55,257,1819,1857,634,3003
2021-07-10,443,466,169,627,7859,8391,2010,12118,283,297,107,401,5325,5691,1385,8207,267,278,86,419,2883,2972,915,4644,158,162,54,252,1834,1875,637,3006
2021-07-11,420,440,167,594,7713,8193,2013,11834,268,281,105,378,5192,5535,1381,7934,264,275,86,412,2927,3023,931,4702,155,160,54,247,1845,1888,641,3019
2021-07-12,398,414,164,562,7555,8016,2023,11510,253,264,103,356,5054,5387,1378,7670,261,271,86,405,2963,3062,949,4745,152,157,53,242,1852,1895,645,3022
2021-07-13,376,389,161,532,7384,7835,2024,11187,238,248,101,334,4910,5228,1368,7421,256,266,85,397,2991,3094,957,4773,148,153,52,235,1854,1897,646,3017
2021-07-14,354,365,158,502,7203,7628,2023,10891,224,233,99,314,4762,5069,1357,7169,251,261,85,388,3012,3116,963,4804,144,149,51,228,1852,1897,646,2998
2021-07-15,333,342,154,473,7012,7407,2018,10550,210,218,95,294,4610,4896,1339,6902,245,255,84,378,3025,3129,971,4828,140,145,50,220,1846,1894,645,2971
2021-07-16,313,319,150,445,6814,7200,2009,10230,197,203,91,276,4455,4720,1321,6637,239,248,82,368,3030,3131,978,4823,136,140,48,212,1836,1882,642,2949
2021-07-17,293,298,145,420,6608,6973,1994,9919,184,189,88,258,4298,4548,1304,6371,232,241,81,357,3028,3131,985,4808,131,135,47,205,1821,1865,638,2919
2021-07-18,274,278,139,394,6398,6738,1978,9589,172,176,84,242,4140,4378,1287,6103,225,234,79,346,3019,3120,989,4790,126,130,45,196,1802,1845,629,2885
2021-07-19,256,259,134,372,6184,6495,1952,9261,160,163,80,226,3981,4207,1267,5858,218,226,77,335,3002,3102,992,4748,121,125,44,188,1779,1821,626,2847
2021-07-20,239,240,129,352,5966,6244,1932,8929,149,151,77,212,3822,4035,1242,5621,211,219,74,323,2980,3071,991,4693,116,120,42,180,1753,1794,623,2801
2021-07-21,223,223,124,331,5748,6005,1909,8577,138,140,73,198,3664,3861,1220,5374,204,211,72,312,2952,3044,987,4636,111,114,40,172,1724,1764,611,2750
2021-07-22,208,207,119,311,5528,5772,1878,8229,128,129,69,185,3507,3688,1197,5149,196,203,70,301,2918,3009,979,4569,106,109,38,164,1692,1735,602,2693
2021-07-23,193,192,114,293,5310,5531,1854,7876,119,119,65,172,3352,3521,1171,4909,189,196,68,290,2879,2969,968,4496,101,104,36,155,1657,1703,588,2633
2021-07-24,180,178,108,275,5092,5294,1819,7558,110,110,61,161,3199,3352,1139,4678,182,188,65,278,2836,2928,957,4428,96,99,35,148,1619,1665,575,2571
2021-07-25,167,164,102,259,4877,5067,1785,7256,102,101,57,151,3049,3185,1105,4448,175,181,63,267,2789,2880,945,4342,91,94,33,140,1580,1623,561,2507
2021-07-26,155,152,95,244,4664,4836,1752,6916,94,93,54,141,2902,3026,1077,4237,168,174,61,257,2738,2829,933,4268,86,89,31,133,1538,1581,548,2434
2021-07-27,144,140,89,230,4455,4613,1709,6583,87,85,50,132,2759,2871,1048,4022,161,166,58,246,2684,2769,919,4187,82,84,30,126,1495,1537,534,2358
2021-07-28,134,129,83,216,4250,4393,1668,6282,80,78,47,123,2620,2721,1017,3814,154,159,56,236,2627,2708,901,4099,77,79,28,119,1451,1492,519,2287
2021-07-29,124,120,77,203,4050,4176,1628,5983,74,72,43,115,2484,2578,982,3612,147,152,54,226,2567,2646,880,3992,73,75,27,112,1406,1446,504,2210
2021-07-30,115,110,71,190,3854,3969,1586,5687,68,66,40,107,2353,2440,945,3412,141,146,51,217,2505,2581,861,3904,69,71,25,106,1360,1398,486,2135
2021-07-31,106,102,65,178,3664,3767,1536,5411,62,61,37,100,2227,2310,914,3221,135,139,49,207,2442,2515,844,3807,65,66,24,100,1314,1351,468,2058
2021-08-01,98,94,60,167,3479,3571,1492,5131,57,56,34,93,2104,2181,880,3038,128,133,47,198,2377,2451,826,3706,61,63,22,94,1268,1303,452,1981
2021-08-02,91,86,55,157,3300,3382,1447,4881,53,51,31,87,1987,2059,841,2861,123,126,45,189,2311,2381,807,3604,57,59,21,89,1221,1257,436,1906
2021-08-03,84,79,50,148,3127,3199,1404,4636,48,47,28,81,1874,1941,805,2696,117,120,43,180,2244,2309,787,3502,54,55,19,83,1175,1210,419,1833
2021-08-04,78,73,45,140,2960,3019,1349,4410,44,43,26,76,1766,1825,771,2534,111,115,41,171,2177,2245,763,3396,50,52,18,78,1129,1162,402,1758
2021-08-05,72,68,41,132,2799,2851,1299,4156,41,39,24,71,1663,1714,734,2384,106,109,39,163,2109,2176,742,3286,47,49,17,73,1084,1115,387,1686
2021-08-06,66,62,38,124,2645,2689,1247,3936,37,36,22,66,1564,1612,702,2240,100,103,37,154,2041,2105,719,3172,44,46,16,69,1039,1068,372,1616
2021-08-07,61,57,34,117,2497,2537,1197,3731,34,32,20,62,1470,1515,668,2102,95,98,35,147,1973,2035,694,3065,42,43,15,65,995,1024,356,1547
2021-08-08,57,53,31,111,2355,2390,1155,3517,31,30,18,57,1381,1421,634,1974,90,93,33,139,1905,1966,671,2961,39,40,14,61,952,979,341,1479
2021-08-09,52,48,28,104,2219,2247,1107,3315,29,27,16,54,1296,1333,601,1854,86,88,32,132,1838,1896,645,2855,36,38,13,57,910,937,326,1414
2021-08-10,48,44,26,98,2090,2110,1059,3115,26,25,15,50,1215,1249,571,1737,81,84,30,125,1771,1826,626,2754,34,35,12,53,869,895,310,1350
2021-08-11,45,41,23,93,1966,1981,1016,2918,24,23,14,47,1139,1168,541,1626,77,79,29,118,1705,1756,604,2645,32,33,11,50,829,853,295,1288
2021-08-12,41,37,21,87,1849,1860,967,2742,22,21,12,43,1067,1093,513,1522,73,75,27,112,1640,1692,581,2548,30,31,10,47,790,811,281,1225
2021-08-13,38,34,19,82,1737,1742,914,2580,20,19,11,40,998,1021,485,1423,69,71,26,106,1576,1625,559,2449,28,29,10,44,752,773,266,1166
2021-08-14,35,31,18,77,1631,1632,863,2442,19,17,10,38,934,953,459,1333,65,67,24,100,1513,1559,536,2353,26,27,9,41,716,735,253,1110
2021-08-15,32,28,16,72,1530,1529,818,2287,17,16,9,35,873,889,434,1248,61,63,23,95,1452,1493,512,2257,24,25,8,39,681,700,241,1055
2021-08-16,30,26,14,68,1435,1429,775,2155,16,14,8,33,816,827,410,1169,58,59,21,89,1391,1431,491,2158,23,23,8,36,647,665,229,1001
2021-08-17,27,24,13,64,1345,1337,736,2029,14,13,7,30,762,770,385,1097,54,56,20,84,1332,1371,471,2069,21,22,7,34,614,632,217,952
2021-08-18,25,22,12,60,1259,1250,701,1904,13,12,7,29,711,718,363,1030,51,52,19,79,1275,1308,452,1983,20,20,7,32,583,600,206,904
2021-08-19,23,20,11,56,1179,1169,663,1802,12,11,6,26,663,668,341,962,48,49,18,75,1219,1249,429,1900,18,19,6,30,552,568,194,859
2021-08-20,21,18,10,53,1103,1091,627,1694,11,10,5,25,618,622,319,898,45,46,17,70,1164,1193,408,1817,17,18,6,28,523,538,183,816
2021-08-21,20,16,9,49,1032,1017,591,1605,10,9,5,23,576,578,299,843,42,43,16,66,1111,1138,390,1736,16,16,5,26,496,509,173,774
2021-08-22,18,15,8,46,964,949,558,1509,9,8,4,22,537,537,280,789,40,41,15,62,1060,1086,375,1655,15,15,5,24,469,482,164,733
2021-08-23,16,14,7,44,901,883,521,1420,8,7,4,20,500,498,262,735,37,38,14,58,1010,1036,360,1578,14,14,5,23,444,457,155,693
2021-08-24,15,12,6,41,841,822,491,1328,8,7,4,19,466,463,245,688,35,36,13,55,962,987,343,1504,13,13,4,21,420,432,146,655
2021-08-25,14,11,6,38,785,766,460,1244,7,6,3,18,433,430,229,645,33,33,12,52,915,940,326,1434,12,12,4,20,397,408,137,621
2021-08-26,13,10,5,36,732,712,433,1167,6,5,3,16,403,398,213,604,31,31,11,49,871,895,309,1363,11,11,4,19,375,386,129,588
2021-08-27,12,9,5,34,683,663,406,1104,6,5,3,15,375,370,199,565,29,29,11,46,827,851,294,1295,10,11,3,17,354,364,121,555
2021-08-28,11,8,4,32,637,617,380,1035,5,4,2,14,348,343,186,531,27,27,10,43,786,808,279,1230,10,10,3,16,334,345,114,525
2021-08-29,10,8,4,30,593,573,353,975,5,4,2,13,324,318,174,501,25,25,9,40,746,767,266,1166,9,9,3,15,315,325,107,495
2021-08-30,9,7,3,28,553,532,331,913,4,4,2,12,301,295,162,471,23,24,8,37,707,727,252,1104,8,9,3,14,297,306,101,467
2021-08-31,8,6,3,26,515,494,309,865,4,3,2,11,279,273,151,441,22,22,8,35,670,688,239,1045,8,8,2,13,280,288,94,440
2021-09-01,8,6,3,24,479,459,288,815,4,3,2,11,259,254,141,414,20,20,7,33,635,651,226,992,7,7,2,12,263,272,88,414
