,01,02,03,05-09,10-12,13-15,16,17,18,19,20,21,22,23,24,25,26,27,28,29,30,31-32,33,35,36,37-39,41-43,45,46,47,49,50,51,52,53,55-56,58,59-60,61,62-63,64,65,66,68,69-70,71,72,73,74-75,77,78,79,80-82,84,85,86,87-88,90-92,93,94,95,96,97-98
01,1135.360953955,52.5348700083515,0.0,3.05480578694162,8645.47100183674,51.2632273204985,0.0,0.0,0.0,0.0,116.859013167029,4.50768916555613,14.3021432094243,0.149506194092388,0.0,0.0,0.0,0.0,0.0,0.426740026778082,0.0,7.16562903392498e-10,0.0,4.86976536834948,0.701449849054351,4.65463587875049,45.0637001549409,0.0,159.811824344601,26.5313854381852,7.13373414513363,0.0,0.0,11.4492358948509,0.0,362.348748912183,0.0,0.0,0.0,0.900570555664845,0.00704767694892655,0.0,0.0,3.65244582181194,0.0,6.1694299662051,4.28040281464428,0.0,0.0,0.0,0.0,0.0,126.492458171563,18.8270223028287,0.0,10.0981652427664,91.7384998106022,0.102877804736351,2.7821531443979,16.700051789842,0.0,1.3722654595194,0.0
02,14.9731685090231,0.0,0.0,0.0,0.73759653773641,0.0,528.921374645542,154.0350714471302,0.0,0.0,11.07117966871058,0.0,0.0,7.92741957606976e-05,0.0,0.0,0.0,0.0,0.0,0.0,0.0,20.6051433526124,0.0,0.0,0.0,0.0,0.723151435681094,0.0,5.64991405497858,0.0,0.0,0.0,0.0,0.0,0.0,0.31791954879686,0.0,0.0,0.0,0.0,0.0,0.0,0.0,0.0,0.0,0.1684599768770096,0.01018487193418882,0.71745372401559,5.707150680538e-07,0.926944647026098,0.0,0.0,41.7495183147082,0.0,0.0,0.0,0.0,0.0,0.0,0.0,0.0,1.959088273004974,0.0
03,0.0,0.0,0.0,0.0,32.1050759011197,0.0,0.0,0.0,0.0,0.0,0.187802677937354,0.0,0.0,0.0,0.0,0.0,0.0,0.0,0.0,0.0,0.0,0.0,0.0,0.0,0.0,0.0,0.0,0.0,4.86577198759023,0.0,0.0,0.0,0.0,0.0,0.0,109.329668397435,0.0,0.0,0.0,0.0,0.0,0.0,0.0,0.0,0.0,0.0,0.0,0.0,0.0,0.0,0.0,0.0,0.0,0.0,0.0,0.0,0.0,0.0,0.0,0.0,0.0,0.0,0.0
05-09,3.28189206068264,0.0,0.0,70.5244237355302,72.0126622295315,1.77914117706957,0.0,8.65136403231015,0.0,10792.9093565688,667.833825770058,0.0,0.00027087097973045,434.640609152711,1563.90804572082,0.571555199364554,0.0,20.791023303582,0.0,0.0,0.0,445.983236706245,0.0,46.2082383369855,0.0,0.0,510.462661791756,0.0,72.2248128979108,0.0,4.33787716226084e-05,0.0,0.0,0.00414475598133808,0.0,0.0,0.000396190503845869,0.0,3.05579406462902e-05,0.0366540559454898,0.0,0.371882167506692,0.0140614965088697,23.6549339803288,14.4316031657091,0.0078784959090426,0.0479741024454315,0.0,0.00142285252669311,0.2009897241114,0.0,0.0,16.0795037160906,5.66646458116536,0.0,1.0824030217437,0.0,4.08542878727638,0.158954548257556,1.21493571736605,0.0,0.0,0.0
10-12,2180.09311496974,0.16835821792419,0.0289799981982011,0.167061307227458,9434.97377127698,10.2272338587986,1.68630232096438,42.4286664275738,1.31280906917106,100.509627521383,637.016840005874,6.36147293119749,3.71002543980224,1.09283390362534,1.27970423100959,17.2525909284369,0.0887498916626137,0.623015045679528,3.46496075067226,3.45095305333277,0.0265184496194669,2.19704654900938,2.54344298406519,21.3303793528241,0.0343131116917047,51.5287889902616,40.9855551384661,4.93410178804796,727.008194754077,17.0004402700804,12.1487995214223,0.134807371851961,1.41559940378169,77.7943801369089,1.02534531646876,3650.57418014467,3.57362246981032,15.535552797465,6.74970906370135,14.7657066934757,4.23399521054237,0.800577514598171,4.87846216567772,11.6255324796384,0.0,18.2494258286602,7.87977438003909,8.69037091161265,6.23760525176645,18.0107021028756,2.25543949506113,1.4752674675455,48.171395784238,223.437229375986,39.5995922724118,318.510810646723,385.202874827038,29.0127056367649,89.4218517646658,7.46886381014273,1.95808772727326,16.1912787453795,0.0
13-15,5.24905162569859,0.0,6.33951921161032,1.9596316784518,10.6857051468894,1181.14547844997,0.117923673338716,63.4967685720742,0.342046987808324,0.890457315923293,32.8020452731705,1.12801490642394,27.8056465012022,10.5688918448577,1.27727874093374,6.37157817050239,0.305995620953458,0.804128736243466,2.53493075179492,114.082465060531,1.30277980673973,167.854144149706,22.8203831393251,0.000177070172908895,0.358029063169344,5.48498846985369,195.605545577109,35.6161617141644,89.2817018974692,17.3404059650436,3.54179700235811,0.0,0.452150215215554,5.35470895030566,0.345019194475136,24.4669302996579,3.0358017126542e-05,0.28639308701559,1.73230442628554,0.205804173958851,0.00635408809239508,0.0,0.00195300015912214,2.38979626065436,0.0,10.237081901259,5.67531581737,2.33348449476612,10.7644597855991,3.47180864399088,1.19530436485888,0.0,34.9835491061385,29.1471830407873,1.34853513180164,57.6320656568138,22.5395902390925,0.494694757074126,9.0178839240009,0.0,7.44892141452281,35.4339896385914,0.0
16,5.1854110747231,0.0,0.0,4.97558685207237,71.2557999079438,1.7391199315352,710.130272511317,39.2445797508896,1.68556757807714,3.26806293241698,38.6675512869076,0.0,16.0874915415954,41.0916410722166,12.6495261176039,20.7356550692048,1.25604019444473,8.57873447863942,40.2320585503594,6.71023733722253,1.86005542696353,260.992192104244,5.88272742451339,136.242598703069,0.0,2.31521374460047,1250.74022046234,5.47641624426758,44.9351700748831,0.979062388831852,17.5444414017803,0.0,0.0,7.83133759492923,0.0,0.0,0.000128482182685079,0.508128785992876,9.87561646714444e-06,0.00794648534110485,0.0220848600054741,0.0,0.0,70.4218496210446,68.7995933916508,4.87227822633637,4.74027610319051,0.805810633866354,3.33812077882043,2.82702036457587,0.0,0.0,30.3009384387206,4.08206339839226,0.0,0.0,0.132877117174363,0.0,0.0,1.48988285918313,2.96664106674265,20.7875221787681,0.0
17,3.15908474726058,0.0,6.38953393019696e-05,0.354034716410239,759.802443242117,19.7282930794091,77.8530274648423,857.287694518783,714.050928483062,1.9285351538728,149.384870807967,73.8106491415655,127.273705152594,95.9995672739115,22.3123139715784,15.2018884120409,6.03626772298341,21.1764964676586,6.31932930731311,14.8072501038258,0.710704748879918,69.7768069591166,3.23755916815921,0.68376264733179,0.553179738326461,7.32264859250356,14.8600503216739,8.90413312748456,302.401917975646,70.1526702422114,7.51873188800283,0.112570650290914,0.655901441495337,226.099961839002,2.15548836839383,42.0166511820457,47.3648823608482,0.771734754114669,1.73572522388662,2.85227935412768,14.4987334519339,3.22614401480219,18.7608355045018,40.8106744876387,25.2953452781679,18.1905059525566,14.7874578689402,6.21758684285697,5.8837427754001,4.82111147473269,2.52756160211532,2.49029503485976,125.503285085935,67.3315858510588,10.1192404070715,114.468906524026,18.4453479707049,5.41122324510493,4.37136765568463,9.31411017350905,0.325218798974621,8.15151385609229,0.0
18,1.8320902317427,0.0,0.0,0.690910662585779,70.7791813461581,8.73817150294068,9.05068572794572,4.81229581526053,282.539034045725,0.130303988118165,20.789267574098,10.164690146838,0.414008373385104,5.25827710584813,2.88295261784922e-09,1.64917616324138,0.525181492059576,1.80889290882335,2.15662188326004,0.699100512393001,0.206707258300926,8.34773615599315,0.705340137270465,0.008236147413616,0.0,0.0,21.5559257492001,79.9057149209319,230.421028383211,325.019825445645,2.20635613024651,0.0,0.0,0.2449735847859,2.98653098745204,13.8260975156903,427.280935926811,44.7619332670884,10.6585555497353,9.28210833491286,21.3485697216011,0.856360144529677,40.0139849804032,5.34170940277606,0.0,5.01513035216047,1.73505730712163,145.238554263325,19.5775592076453,14.9831660942642,0.844856416622172,5.19106879791183,133.54594316964,209.667800262543,48.534946415432,10.3284167643098,10.7218999859985,10.7336439868795,13.9529752070242,44.9670418945768,2.51756023643025,12.4747372107546,0.0
19,224.631644683827,70.5764707219496,21.6887938448371,41.5487150962159,46.3464884840805,8.32377444991299,9.89855324968304,20.0536932141981,2.54336294406513,4640.40318045794,4625.55203361532,2.51087895079648,24.5473656834388,133.264435826423,91.8465562519821,21.1842202553245,2.40493037464334,9.63528856459438,13.895495564757,10.467038511836,0.580900813299431,57.6329533580034,21.4700197089567,11.8907755213267,0.808314950669458,60.1868575437253,349.750468543022,85.5606172944002,411.371291814456,46.4325424590762,567.057778434086,293.296315718346,917.404467229912,107.541541388985,13.1542559712583,56.0708780601935,5.03657428437885,4.05563838346562,10.6914731895945,41.7668612339667,26.4939062776698,5.83025188150613,54.9982955338201,17.3341256399195,0.0,73.3114012223278,15.7247732552861,3.70778696955854,3.15909730966964,178.863833001685,2.91674779392059,2.27658867807127,100.608978822848,233.466264057478,25.295376244049,105.149825466814,67.7174987129202,6.71484809675008,5.45806317889491,6.23362786899774,4.88430868482767,19.0339481202022,0.0
20,462.598939503921,11.3283571175151,0.0,52.9803599127016,823.913966837475,711.07826191116,171.859128024736,618.025428625495,149.820762796381,599.450423344991,11938.4388359196,183.189699728313,2548.69891558606,334.059687661848,291.089325059077,133.483742458894,43.5974147986329,119.313666799572,49.6076334774208,116.665287450708,8.32811111343692,168.700854108924,22.583400663621,197.631710866672,16.6817296563688,66.5111662560513,369.112612588225,62.9018462148511,466.558107930115,23.197512435406,2.5298722930398,0.0,0.842035789396862,61.6591168503134,0.0536531450027084,15.4598029684079,0.86868703672708,0.0,5.63574172218643e-05,1.18738758889555,0.000359767443181388,0.0,0.000365820056255979,95.3754272217671,107.873881260747,37.1855101530548,246.113975177854,0.790545763125231,29.0134458328983,14.2217547235695,0.0,0.0,100.69892867789,37.6158766813048,10.5215938520424,476.151832135666,49.2628768837781,0.751088088492,6.63912294136989,0.324775737830039,2.55893142111237,75.7783862479636,0.0
21,79.4795696311616,0.0,0.0,0.00463967212678901,255.532964627393,0.263563909546005,0.0,0.0,0.0,0.253353658623166,111.094412902347,1256.23738009399,0.664423905174144,0.0,0.0,0.0,0.0,0.0,0.0,0.862551161196306,0.0,0.0,0.0,0.00178903574093414,0.0,0.598938895956355,0.00168991868657331,0.312529964473847,87.1984764899128,0.442437882622816,1.80531717195289e-05,0.0,0.0,0.0407429997994159,0.0,0.0,0.000164884687418128,0.0,1.27174590069565e-05,0.0056231294148529,0.0,0.0,0.0,0.0,0.0,20.5234635541696,334.096722093873,0.0,128.350327622142,0.00410984317449096,0.0,0.0,0.181572679167926,7.77252200277069,142.10618113945,3006.24187781006,72.941078191952,1.73412289813487,0.0,0.0,0.0,0.0,0.0
22,10.9468243812355,0.0,0.0,7.66049160054857,833.806785506728,47.0180719529318,33.6593856263743,218.105376703649,125.786460221521,12.1418764386711,407.97739198915,39.2240465823793,601.734323336441,112.903976245483,114.166370196343,55.3381201215591,30.6869395704943,74.5000290876582,155.710375070861,503.525180851517,20.6234113510131,188.201705957316,45.697026012749,0.00705167182104753,0.0,23.7049944903865,1478.55335864774,209.153123483102,172.279125281902,21.4121812857313,34.9119788153887,0.0,0.0,27.1111651716799,0.0,77.1318538813819,3.68230336483825,0.0568144564340586,3.31198108360615e-06,0.473029917402055,1.98940051278537,0.552565028173683,2.35977826330606,63.3199867899946,59.8928358728388,8.57521200965432,39.0373357463856,1.26751181121696,1.6217281821316,2.72866803153192,0.325177202998744,0.645258545814302,64.5856809036363,42.5353755929232,1.30292627691586,29.4205092610301,22.5899260631557,0.284300415120295,2.01869820077233,0.32122707714177,15.8417027737881,32.2957180305904,0.0
23,7.08596280518342,0.0,0.0,16.948973976468,140.471602953802,3.81586618971891,3.79198681451423,0.0,0.0,3.21970022279845,24.8628467298283,57.8430342756111,38.7445445565967,748.482624593343,115.540017158294,26.4987571659412,9.90614627607125,22.5134956642722,4.85136240335669,121.539365166758,0.0,15.1583052694408,0.448636623460242,0.0,0.0,8.94016752475554,3326.07079213478,170.215682838843,73.0244673713144,0.183278219819856,7.63910176517082e-06,0.0,0.0,0.000261084656395576,0.0,10.6529130864773,6.97700618081934e-05,0.0,5.38132385033692e-06,0.0117817634220396,0.000168894137390617,0.0,0.0,169.919098927469,200.993639913503,5.29134016361989,0.581851145074086,0.0,10.8193083258866,1.78645782849425,0.0,0.0,146.298658783372,3.66257196820024,0.0,1.48899903639472,0.261717627048177,0.0,0.0,0.0,0.0,6.40354728208753,0.0
24,7.45223001832672e-05,0.0,0.0,12.8846871553888,9.66639893977143,0.000350908806379537,9.53734616329675,0.0,0.0,6.03134359942553,220.74339574159,0.0,31.7276028304875,168.548064280009,7268.34042283042,1559.971099379,132.330867986896,535.982071948091,1029.86759936026,155.282988394785,16.9250473139271,91.1957434346838,67.9163390501502,3.89040704154176e-05,0.0,0.216263316982414,1024.16477774052,12.5329892003989,39.1084854366258,2.885428417857,2.2872100391486e-06,0.0,0.0,0.000980102100635697,0.0,0.0,2.08897316340634e-05,0.0,1.61121272012865e-06,0.00430410462113977,0.0,0.0,0.0,17.9823928974677,43.5402696813095,0.00289690844227693,0.0164556693889704,0.0,0.0544047206318458,0.547901328234638,0.0,0.0,5.7834162232999,22.3743530382308,0.0,0.0,0.0,0.0,0.0,0.0,0.0,0.0,0.0
25,8.70716380845203,0.0,2.78735904602877,13.1249591565079,228.401840890091,22.4469130684822,26.6860534482225,18.7288560057082,8.18417276693074,46.1891241996505,229.804702933233,0.950837652943796,29.0460912900266,95.2078971155332,303.420391860726,1390.55507896009,102.836356921044,62.138738554183,398.458511912678,520.481187751723,30.7936012474224,73.8772089045564,420.119577469024,0.000579581948389503,17.7356668993372,6.20826167643357,2171.44596642155,113.557671206001,59.7115413816436,16.6829897236408,15.255641104935,0.0,0.0,0.810122410066463,1.6708681023446,40.4040101630861,0.000221484407480981,0.0408159252079686,7.32997814678564,0.25403795192007,8.05753641173196,0.653192131611296,8.26449638375262,49.4025785466604,31.4407555521359,17.1200751589483,9.9626059930312,3.97597984675984,7.27828465026366,1.39376294436084,0.0,0.0,63.7651952756239,149.520285404372,3.71939429055162,18.3556374994035,2.87515471977646,3.70775738612476,0.104611768250484,0.0,10.2583127371764,4.84835753911109,0.0
26,0.816693086028953,0.0,0.0,0.0313358116798086,0.221256868755771,0.0,0.0,0.0,0.000623236580303289,9.05297376654365,43.2100697254379,4.45504583222213,0.00787583224713442,0.0161539673681746,0.0,3.30092366994618,723.836173054952,162.204969600339,123.418273112537,538.621804915473,11.4750485070501,0.0660130471817045,230.409535838402,0.0,0.0,0.0,153.932466340797,129.492253604545,139.217218922026,3.14608827076897,1.17796365915773,0.0,0.626771584855364,0.190791614241937,0.382375605066441,0.0,0.120150798743468,3.25867457798748,336.192489340657,170.057665630429,30.3994863326991,7.52917247647278,64.6074057674383,1.38045802125075,0.0,24.0195209786302,192.420849452544,6.77151955087714e-10,1.8437927000136,0.587489731770726,0.0,0.0,3.94873970320121,67.4914323437241,5.3900210732629,26.8193805574887,3.67366494181836,1.14784430721618,0.0,0.0,53.2402974959544,0.126785419535013,0.0
27,4.19194407548485,0.0,0.913264622872838,0.0389992400457742,0.0985797838403661,3.02521585755944,0.0,0.0,3.76921150247303,5.88264571667009,26.1687615808988,0.0,0.00363751307536416,0.0,8.22706661156494,7.73975784921549,100.485565817671,432.579123193539,237.93922877476,326.23580380748,1.46845899820886,90.3616057522703,400.701593082588,0.466136950571144,0.0,0.402247865210193,1015.6741246289,63.8210158996303,48.8895400858233,0.914393933836499,4.09802378028649,0.0,0.0,0.204456921592772,0.0,0.0,0.0277756058238721,0.0,39.7098822970962,15.2166702473557,0.0,0.0,0.0,31.6276612253613,31.0386837794334,15.298137319349,1.17382374594382,0.0,1.28541929589836,0.00703560661536012,0.0,0.0,2.02178274143364,18.5827825531976,0.0,0.475182684418199,0.5271587184182,0.480843306070111,0.0664472635773038,0.0,2.96418384892923,0.863674201275157,0.0
28,22.8351816800384,87.7767062455682,1.09761700511122,3.83116027195329,0.238957054940885,0.283801089663908,1.31170314048884e-09,6.65019539593941,0.0,28.5940225109852,172.467059933647,1.11300244377769e-07,2.02186210429755,0.343414361756849,16.8161032466046,95.1183851589774,22.8585343478777,0.460012585501723,2008.55046828965,500.596329254196,4.06106274887484,3.52184221996137,407.836145813888,0.0,0.0,7.0669264047639,737.509060681554,84.2854477346389,88.5277684710736,13.8860258868588,14.1607206621662,0.0,0.0,81.777329173018,1.68927454538797,0.0,0.000545999708759992,0.657099684396423,1.54021526164737,0.0387628651963838,0.0363628228742298,0.948469483261656,0.0452391269833785,24.4284288753396,15.0201576846862,9.27665671817973,100.957231679863,0.0,0.00196229036132996,16.2577274117507,0.0,0.0,23.2449264586182,26.6349433557555,0.0,35.0742192732563,0.116817818476206,0.0,0.0,5.48866515792248,0.318072246272741,2.23071966527901,0.0
29,1.45997477206227,0.0,0.0,0.00150729166690998,0.0056894478028887,0.0,0.0,0.0,0.0,0.101748894748301,4.37371815957602,0.0,3.01069155170993e-05,0.0,0.0,0.828148762258067,0.0,0.0,8.33042753544496,6970.15378585104,15.2037261650728,0.0,0.181162695110612,0.0,0.0,5.11886162755335,6.74906271824179,293.427509290603,1.16099043612177,0.308959818863924,111.677855771938,0.0,0.0,2.02935610533137,0.0,0.0,7.60325599416791e-07,0.0,5.86434664972993e-08,2.4433714110283e-05,0.254598014065769,0.0,0.0,0.0,0.0,6.88862841660537e-05,10.7664277549631,0.0,0.254603487138923,150.468964315793,0.0,0.0,8.32772757822269e-06,11.305291355672,0.0,14.9110662765087,0.31233231841636,0.0,0.0,5.58207059517052,0.0,0.0,0.0
30,0.0,0.0,1.41616139216616,0.0,0.0119425322221165,0.0,0.0,0.0,0.0,0.119778472997664,0.431645592249752,0.0,0.000224477058689841,0.0,0.0,0.563872114401854,0.0,0.0,0.0,5.87701871490876,495.435721524642,0.0,293.409237918981,0.0,0.0,0.0,2.28780177123548,0.0,9.55518286141484,0.0397459293891062,52.5558357214884,0.0,55.0111149234368,4.41943080892407,0.0,0.0,0.0,0.0,0.0,0.000135152508538654,0.0,0.0,0.0,0.0,0.0,0.000477128744170313,5.37250563915694e-05,0.0,1.82894584342281,0.0,0.0,0.0,6.20356142890162e-06,62.4974475509658,0.0,0.914601192283099,0.0,0.0,0.0,0.0,0.0,0.0,0.0
31-32,1.06319990365157,0.0,0.0,0.00777808360121985,0.804317495482126,3.47030989431646,0.0,0.0,2.72251916335938e-05,0.867625194400519,20.3990793652692,22.9961265160595,6.735647028015,2.65157133431989,2.41670810128011,5.61958518414914,23.1373202126563,0.0,5.96002791605368,160.439362574703,2.58648464202513,140.707789675852,12.3956292069827,0.0,0.0,3.23046652240111,143.088897957339,1.04954720474613,82.6863501049725,18.1636574596436,25.910934532348,0.0,0.0,14.6663516682738,0.0,3.76360434050925,2.71902017973119,0.0,0.0767988766937095,0.242773783241013,1.3327224857795,0.506338788762745,0.796568294636065,1.32386135262727,0.0,4.85578583990666,14.4576084216303,1.77159154643931,22.0500516164957,6.84626964308919,0.042842893363723,0.0,11.5787893573456,6.61976907474899,5.88499128961073,571.199385894729,68.1756314668597,1.97253253447222,51.874746580368,0.0,0.934431423265194,18.9428395707111,0.0
33,212.322285999064,9.89193489553368,8.73341852375994,41.8835339973047,252.773888791173,77.7861982030111,106.742218070768,186.312056638842,45.8902457640584,35.2269352336159,140.13616967611,19.129745451394,69.7150923373278,94.4633160169736,376.867202371701,96.8355804915216,38.5297823382656,30.7914211276127,150.008875568686,46.1726316846367,87.0225776962777,57.0212872414013,532.378168049268,169.061669501623,60.1303235924472,301.720009536897,183.819063118025,22.502334055121,147.194103684553,168.67301194509,206.636921372176,114.500133303633,276.055156806745,146.673479362827,22.5188872270278,76.844698008576,4.371137545423,22.9693885742027,123.34442719134,27.0350822911638,6.9559006371111,0.0,8.81792853785347,1.41812659423768,0.0,64.7576813695304,270.029941750524,6.27130332546862e-10,17.1593275639104,224.678645680596,0.0,2.49198738376986,163.86825027552,137.210327995394,33.5880121068641,157.540532004558,81.0283988475629,44.8290328493205,51.5443083034871,10.6060569064991,2.64141911240415,40.9579361993411,0.0
35,182.651794824262,0.0,0.0,74.0091167632213,513.474400926975,93.6562098786823,60.3075507890894,117.454466436454,59.8812398110945,146.061828001347,1100.63966250954,24.8789246015651,86.4595559882021,184.583897711303,754.231772384459,61.3156851541937,20.8434175146753,31.9616492893408,63.5715898820832,62.4699833518232,12.9233955746101,37.6848004710281,22.4892111748538,2037.08397447691,1.43951169311502,162.479539443722,129.057891991646,47.6864840593096,116.332431739159,377.501365461424,231.916406320498,0.0133954699715372,1.53723277659324,171.310831327413,13.6105455971297,177.804859547264,1.00623362207367,14.8158265581454,92.7004667339413,115.474075955639,66.6392380526776,6.69371144197219,104.583645523123,90.3894623186002,2.89857348463922,42.8027758067348,218.871182514527,10.721619645876,11.7990315064639,15.2506627249664,7.34847066677521,0.962188260694771,72.2559585986973,69.0222653178153,36.5355926726226,96.242521276553,140.166511740309,42.736849687877,60.8793208177463,16.5814443826551,2.63585867090815,63.7525999810008,0.0
36,6.02552933417116,0.0,0.0,0.32947360856941,22.7819446841272,3.68784853322698,1.63809475191447,1.70930443922847,1.59800771241094,12.8139836531906,40.42032771423,1.8045225870394,3.09499084824371,5.42202794724538,61.0580892026529,4.57631296534992,1.08018627817358,0.615728167002202,0.879014457098167,2.81499280550834,0.364099822922796,1.06131254388307,2.15502529263386,4.65397835920377,12.6278260680958,12.0050552726346,12.3240798127249,2.37304033816287,14.7037306985745,11.4226152235555,8.57178409352263,1.32645328210046e-06,0.0,10.6035296940581,1.00977440877493,29.1088938910733,0.51124088497473,0.603093771014577,1.03672407915973,1.68823746680483,3.92691728769916,0.499109540700972,4.54660326143558,1.18532588968663,0.0,2.04681100037848,21.050272558465,0.320023310784974,3.86569805812872,1.98264323646976,1.3348701520107,0.0,4.85728212886153,20.904537270625,5.27267638416378,23.5415047874165,36.6316099380993,3.06572089609588,14.8737706908863,7.47846570887748,0.178389826224994,4.43477256329073,0.0
37-39,3.26272561078997,0.0,0.0,4.69691499891105,44.4036642687874,9.17516822724856,159.265925976338,305.346146836686,3.42629379600715,8.04202061867061,266.176907097147,1.58547931702762,72.7488872551206,65.2630566451564,1993.50221154222,394.031200072546,2.36302877268537,1.57338862501245,3.66381746808155,3.9586280947962,277.172777858964,1.88410769880489,221.394914171711,0.00139587628962158,666.527309271019,4057.35309467603,234.603228924144,0.910321700194574,93.7836603812774,25.5880449138143,12.9516458973237,0.0,0.0,31.6322453931567,9.11966907065606,34.7460387262208,0.00506778880559506,0.152056599380879,1.87493301579611,0.105190164546114,0.00986944973609038,0.0,2.78530625755273,2.56120702527943,0.0,10.1486305396668,87.7896018377892,0.250206701228971,9.09689539318886,15.4452338694552,0.0,0.830292933409363,122.830069307949,472.442899922323,5.96800581997796,25.4774712903043,21.3397314325464,1.19475326822553,2.53105655850992,1.63908536314398,0.264019298850089,3.69168971893028,0.0
41-43,97.5888041062928,0.0,0.0,27.9231702375617,93.1214161827846,9.31988064708273,8.25535003852315,25.4094161588677,12.3057221409958,25.8251961490074,193.942019160604,93.9240825925717,14.957618530993,43.982864507641,34.1333388465624,77.7211962257308,6.73799445321476,12.9229563485543,18.3234900977352,45.5831721442297,5.57461756825007,11.4821421918419,630.186697589846,973.648575239966,9.9183304514185,224.352839206182,22616.0763546792,45.5140691485071,190.190529091961,252.541189515227,119.625903196548,0.377143042463507,0.490477414651578,286.857142825461,0.0,100.319541644669,9.69382439437428,8.36132665578765,21.2848061908285,57.9211763609234,0.16936080146408,0.0,11.3611177949721,1461.85387396649,389.840542041537,189.474515156074,176.686361737869,1.66024303369598,15.2909720761882,36.0081241003262,15.1069961049385,12.2600157364548,50.6613795945462,256.470748997368,89.1457547295967,109.19037049077,155.943286657425,33.8448178672387,44.275794738119,63.0748622809138,5.80465539400807,139.986212137768,0.0
45,20.0990859156498,0.0,0.0,2.58056266042566,23.6172097973747,3.88311174656287,4.49758483017171,1.03658609549401,2.38370198736241,0.39693090634327,3.87492915271137,2.99620645293935e-08,19.7885766008573,17.4616409251849,9.01178467019909,21.9372113717251,0.174162785477044,3.56327637180342,25.5394024494405,476.601825858856,5.47802956370213,6.96902691594696,19.4393292836269,0.000135550196708078,1.80318528900849,54.2295343745103,260.685393865895,72.1274359420999,122.499882510643,26.655053209332,316.733018068321,4.93003591157117,0.0,89.5901893822415,13.8024041358456,11.3552591152842,3.22885039213937,3.38672573359827,12.4273060125021,34.1682385461426,3.40803469272904,3.41322660128792,10.0593506543518,38.698428391792,0.0,44.4194227741812,8.85417508001774,2.59531478869883,3.98418229789434,763.792420130135,4.1591850361384,1.66938903720437,96.388267606986,69.4039687220321,24.1507111337345,117.967731871064,22.2106872228927,7.47461990243531,7.72625053432727,2.85253918128289,4.08499441241938,20.2193985667694,0.0
46,820.588470735421,43.4115907674909,11.3738575184431,28.9500509133594,2592.20456990365,406.7853612084,158.103552474099,185.978017489114,219.936977467105,187.197908791851,1515.23192519282,193.652747821747,376.75911438537,348.291336039702,788.622264610236,320.779031170196,250.570980170255,233.243509506706,491.613942420458,182.978441226338,31.4997950065742,302.691281872656,410.287349493597,57.3409631961593,14.5483873274879,207.434583909166,3248.58153078489,241.973234719978,5196.7565841095,236.224028815211,96.0844050760818,3.35899723577182,9.5924208375132,168.676107126398,10.352761401233,1195.73786643139,33.5359854673092,23.3492345611519,260.383302551479,52.2789719081172,36.2401817671904,10.169705125748,86.742881728126,207.339006526121,201.675915560268,63.6730876515262,253.740637675226,45.215694989388,105.644875940417,60.534430353309,4.56660289786299,4.14135542576198,261.26529672899,220.241974430149,89.8107014826174,1144.85662740445,265.144681456681,20.2927338714029,68.691873943685,15.203472119044,28.6744759399777,89.6405184945982,0.0
47,0.0,0.0,0.0,0.0,0.0,0.0,0.0,0.0,0.0,0.0,0.0,0.0,0.0,0.0,0.0,0.0,0.0,0.0,0.0,0.0,0.0,0.0,0.0,0.0,0.0,0.0,0.0,0.0,0.0,0.0,0.0,0.0,0.0,0.0,0.0,0.0,0.0,0.0,0.0,0.0,0.0,0.0,0.0,0.0,0.0,0.0,0.0,0.0,0.0,0.0,0.0,0.0,0.0,0.0,0.0,0.0,0.0,0.0,0.0,0.0,0.0,0.0,0.0
49,80.1795612233642,0.0,0.0,101.739238024199,1121.97473549066,130.11260892742,157.550217240463,297.760250750019,20.1028336918398,59.3266377933253,399.930602558333,72.8388207350992,217.189389270431,452.774993420236,502.305799111658,197.906694919732,6.36744341070868,70.7659137360324,117.513372686089,111.118213981221,9.32277476443343,90.6805338572967,95.1869319857154,536.271865907597,2.43555095595926,270.659145801841,488.329731472811,574.298650720021,2510.83154420807,564.980023689873,3594.66919968595,0.670733891624537,6.49238335360176,1067.87404624346,477.389159555008,24.6977329148429,70.1719457030139,25.7505741352469,14.7574997795257,82.0857761876561,29.9844408233308,5.93051858064454,45.598898317002,43.9456823169968,0.0,90.2685001986853,49.6528360521314,13.9966678109738,34.4219543220269,200.833842303998,1.17906308172886,9.09330668864406,96.8343442822411,162.319217083247,56.7011931042828,158.950226327948,168.521963847183,39.6273461484255,10.0138333187262,22.1737575792709,7.17584945981135,136.234810332898,0.0
50,0.0417045910148973,0.0,0.0,0.347873912166669,96.0685380983358,13.8227419848095,7.26094258436509,11.0632289346068,0.321898298386642,51.7128759946542,97.9505513337382,0.0,14.9527985402887,33.0523250192194,156.613207523683,65.9684789389919,2.88530887932281,0.57079112085251,12.5344197676611,21.4715707332439,1.54134451081951,1.63596509503779,6.78999884713092,0.0217717158689374,0.0,27.0547640036608,43.7395436677996,358.630384588872,330.834761687553,4.47752469661464,0.000266681099266296,759.834972696924,0.517450006519143,3.68570067556447,0.0,0.0,0.0,0.0,0.0,0.128370899239391,0.0,0.0,0.0,0.0,0.0,0.285479999145738,1.2097597131028,0.0,0.00474451144281075,2.04925106082869,0.0,0.0,0.498397158155145,0.0,0.0,0.0,0.0,0.0,0.0,0.0,0.0,0.0,0.0
51,0.130066967737391,0.0,0.0,1.4653542130615,15.3135052911508,12.9593565913895,0.576862693851543,5.18817856812304,12.2566728394416,1.38988756742744,17.5379602170524,35.0004855784752,11.2610086528379,5.20260310211776,9.20749385231316,3.53293975431095,15.879815315815,6.85054940650755,22.217121229735,10.1386323172373,10.0210532631464,6.33401177117833,9.66447549230198,0.000552498072466105,0.0,0.578801338809478,51.9722446055072,20.1586434926578,297.360920611028,249.86116182365,4.32709295380402,13.9421002106008,308.603858744589,1072.75900492962,177.21814471067,5.34012932436412,1.6278792895452,12.9277155824134,14.7266593286469,97.222608258709,33.364998950752,11.1132347377037,157.411404676524,12.1663811306364,0.0,125.987026064239,144.293203951656,21.5624287745157,6.54356509378841,54.3789750824519,0.0,1007.52733184185,4.23572686389977,58.1612927341338,106.765101730397,0.0,0.427708660149527,81.6979283141486,35.482628459731,84.9594360408747,0.0,0.0,0.0
52,6.01220491103799,0.0,8.37492207766765,14.6141535800174,207.693592748947,0.902963739445288,8.26306978528539,13.1373204486642,0.68308534777068,90.7382138418228,373.245600063392,13.7585817245345,9.83469313800988,27.3038914989972,118.971950266432,23.0278741591515,3.50619532223997,3.51490255055889,21.3922857894693,34.8459511396476,0.375797607375196,3.49503713906321,14.523732705986,0.00405655518797496,0.0,2.97766049263833,113.950342915011,432.533691967271,2096.73530241655,564.386763570059,4750.2742026055,572.059192320384,718.457300282164,6368.494337139,310.938274764242,0.901528068164088,17.9316291643217,0.0634849019107678,0.00227890014585026,32.9924145608438,0.213777152692279,0.0,1.70265298451468,10.0412633565513,0.0,20.0779202080225,14.6894837828654,24.2788062002114,6.42685832656656,136.201848274509,0.125342840360832,1.84881983624977,51.2509095307242,1.66891331244442,10.2889138243335,12.0126344993608,3.2675512958374,0.0754473375717491,0.0955522778954116,0.0,0.0,0.0,0.0
53,0.778648656350086,0.0,0.0,0.119996431344041,18.2067028020656,9.14573410152268,1.30969419817697,3.66708636768885e-05,17.0090506579867,0.300207495272666,6.60741097785018,2.2649004098301e-07,9.98572303591816,1.92891722915411,9.28838030820316,3.87789835029421,0.0692053334169141,1.64384002198788,11.8313329657063,4.04469450705546,0.800788398782594,0.911861751294594,3.64667512788815,26.9338051540083,13.6248948994153,3.26630635870659,24.0056639920734,27.5833471384648,375.751890730964,123.496111736632,21.1537066840961,0.00164381066334178,1.51388785916056,131.295971059006,259.27283451169,10.160192962931,185.019861904699,16.3202816803412,142.331337491513,35.7826787440746,58.230284654458,19.712866494063,134.368363659421,34.3824268369241,0.0,44.870864474434,28.6415658129148,28.5669612527057,40.6414560878159,11.8902093148161,36.3809101569266,6.20742515463108,189.397067202919,668.672263831268,32.3239860026704,147.968752889674,63.0011500277144,23.0263445956555,17.1235855015177,57.3869019583847,4.49971692938199,3.23947960894414,0.0
55-56,6.75682633785494,0.0,0.0,1.52545539615214,27.035723215963,12.8711649348268,3.56035804319261,1.92974932936813,3.89044012050749,19.2556733887578,22.3201176282067,0.537312129242527,14.2314159100364,14.4596645776079,8.79579033592031,25.4579729176864,9.2167177020814,9.94133220996065,27.2300258352459,12.4571664930276,1.916241152242,8.88307379383665,17.6971525167948,14.0982363621118,0.367939794651205,4.92811625333519,114.305560030424,22.700487385848,471.994843759869,93.4053760643474,19.3315893731148,4.26663109663771,193.999250980277,563.74124102311,5.85251264355143,100.721318784536,13.3528694626201,127.724990605543,12.5394217194375,139.119258190413,139.665694061592,16.1560135174056,431.548802972903,32.9383948438778,0.0,174.376074224152,152.991089916489,12.636925317813,11.5713417064634,27.1785145713632,23.1835875437355,1296.07218795009,130.90593515749,145.577354539519,319.930530496265,408.870905851597,141.351441982455,131.719853693088,99.6025199335241,276.372347813214,1.18315560227888,66.3133230376865,0.0
58,1.34262644024718,0.0,0.0,0.393202746029862,83.0411160089725,4.24106680606066,3.45484869389046,3.27044440615753,0.0398681303786576,20.0178915464197,24.7498765843657,15.2604839865315,9.4623682847235,5.09486800669331,12.8524107911648,50.600686353879,4.82095979962012,16.8024031197999,6.83411197462451,13.2144893296382,2.1196787402145,6.51351501522356,14.3632402901454,6.95904299990235,1.3619816084483,2.15964139188684,79.311751193309,163.699540197691,384.632815266099,151.344445607321,11.6935173496854,0.0664697998713079,8.52416830403184,43.1594430162698,3.50566171716453,35.1125689797607,286.139026486874,68.0336673433539,78.0674762603357,87.677915964223,19.7896549925588,2.63042566051555,137.640748073218,16.1644002829169,0.0,14.322044028007,48.0925230206896,567.226267613117,16.0462420523434,139.411861536948,9.95134350393188,8.95439016485535,108.579801641683,28.4422251392847,96.2410111287026,14.110550320186,30.4061253782227,26.864548751311,12.9613677429318,21.9073776950071,3.12827654309417,15.1212361364854,0.0
59-60,0.18419325268329,0.0,0.0,0.000301518486408626,137.479129772443,18.7629706589348,13.0824625382118,0.35684479866956,0.000162653069690418,1.97262966641061,12.121602060199,2.95383970750965,1.71762520380864,7.07553029020484,6.21803960373794e-08,6.96668048547433,0.791955735986998,1.82529170992258,3.23589359129009,3.24237586640587,0.382167613646064,20.9664905530294,0.622902311166128,0.00201988705935311,0.0,0.626691769660692,24.4709046341934,188.806959995629,110.484838953839,106.850903990124,3.29261291171694,0.0,8.13713197870352,0.462111046127288,2.18679529610212,14.8785353370441,46.2544430756536,866.884482684155,114.521378799915,34.8317698429513,0.0555921120860019,0.0,0.0138772116116606,19.0056976481085,0.0,1.87124957563896,2.98342839520696,861.413865443471,8.52492678137912,15.3918356116644,4.75303349800123,1.44943920378291,23.1402643535705,3.95199707918062,20.0736427636315,0.144989171204642,2.87819879420275,47.1604209311852,3.4444298042914,0.63702275786706,0.0,3.44106387309487,0.0
61,0.739452433633054,0.0,0.0,1.3297974573969,11.0429558340285,4.33151821737711,2.03506913010627,3.01966422060697,3.26337429300334,9.38299629476698,20.6681895152614,6.04139187375633,7.80111854401394,8.94753270622774,10.5253764639328,15.1262442181917,2.1077315511272,4.84835299929815,9.40178073954047,1.06848847876032,1.05793964359041,4.30053256357605,12.7039956794597,30.4478372553019,1.36228300324113,23.5563265958095,101.020290367739,51.1076742185481,187.325751456215,59.0420193629864,63.8882348489346,1.24281623992744,9.14809106798646,58.0092008171564,7.9966795771231,51.6103034976119,9.65088332167591,62.1693263664562,2954.93630508654,376.091920084537,321.848114489195,48.2847581816603,798.115792340153,66.3909382824351,0.0,62.7057112615412,58.6000750034815,10.7210227445868,8.9838245776139,37.5807426100059,15.3165940867438,10.930809479423,60.7736113009687,130.974751416246,46.2342036746599,151.014992448145,69.0329684931684,28.9505144870899,11.915927088163,32.9055427864839,2.61974626289749,11.5002723348522,0.0
62-63,0.622670705767018,0.0,0.0,8.06748374974452,18.3589277260932,5.25426998129519,3.73963830676025e-08,15.4802305668423,0.0157804010923525,41.3645657991169,60.9146950948365,1.11059802498645,1.9317436688252,4.98404982286554,31.5328956681493,53.8018259202918,18.7468005993387,3.44440822880246,17.2746157535515,36.4515377953294,1.14892087411601,7.80736145316387,16.2082892280494,139.440073624293,3.02950333266256,6.28109592889681,48.0659225524036,18.6434789846546,417.786833187154,59.5861300175374,145.744389800917,0.356615337479538,7.66042415024377,114.439918885611,14.6905968037064,14.4803464643214,65.8629681221526,7.38896768824003,619.98364780141,4606.70793836363,771.397015197729,113.704351160106,837.140707784934,38.6620603363625,0.0,122.339814741455,199.147098354261,104.155991348651,21.5521592713757,136.079307061284,28.9712759550244,13.5934686199494,399.827814821172,520.614702465978,13.9223032354809,301.894103394109,13.6675945820166,85.7956535526132,4.17827964623759,48.9864983937377,1.01216065616773,0.0,0.0
64,161.405263185883,4.98811186743901,1.02106785719024,24.7628121724974,304.105342603235,36.2366294752806,34.4584886206851,31.6159887545264,21.8172444984055,199.462560399366,215.307418016451,73.9851140995222,43.9548285365409,48.3170936794873,130.269189903089,77.2775820991546,16.5459655139439,23.2615503738925,76.5761467505832,80.8336119092292,11.0290885981603,26.794196009744,49.2011816519517,226.760472139727,6.23554807703362,79.4645520023369,599.456981356591,110.449341313239,314.455598909368,250.041088286321,132.020793039795,36.8097682545213,26.5470612946273,164.251995888316,24.9930265899758,192.685031567566,21.3364817070418,22.0965132603169,128.958343952017,187.467714404502,1237.48380704922,749.973915380955,1187.2751694857,1564.52451831708,2955.35013557326,94.809580896681,181.26523611503,48.8776834831888,31.7128518762556,309.260810630837,53.4163680912089,22.9894827604077,135.061144958257,366.981525768049,11.4342011169409,290.54052551413,129.220532737027,50.0288077750533,28.0158023186171,51.1507514689772,11.8452575450451,58.245060879658,0.0
65,41.8335773102589,8.65759527677674,0.609870090582485,25.7791288135295,100.760238652706,23.5989601290582,19.1821595845795,12.4565170963714,15.4028652509566,44.6799309832136,107.983776120513,72.2595695237736,22.6949352030448,24.1832648265776,54.5381397147285,55.0839824116685,7.69548346497771,14.1816843958576,34.2286272751249,43.374766238283,3.91983077361384,19.9541486318596,30.765194783824,66.059250063897,6.87835311558599,48.8710139609555,385.455046260927,61.0898522810034,261.128136759057,133.463826149577,150.10438156521,15.8924441783723,23.0724357913688,70.5325992702064,27.2175075743167,76.5602324556651,5.16511966616603,9.10629789613319,39.5677203224913,68.9089177164009,55.4712946912332,541.739292747597,73.1705460754643,131.454387105507,221.968869043038,87.9592003855544,83.0022693688954,7.26690611427892,19.2346413113972,203.800798090244,16.7080473739948,10.5125554200966,78.6131169740508,44.4784407008182,67.1429572123907,135.905363617252,50.5116763536187,11.0908414786352,18.344715101999,11.5706291403296,6.76061347891429,16.9684065980981,0.0
66,19.4009261343401,1.53682770049549,0.528358604575236,44.337478854409,192.433289968167,17.0110392347795,42.7022780891992,11.7235765536716,7.30829160411152,81.2620024538039,142.049668270179,3.05910127875352,13.5352663918544,30.9134548082069,54.7684417987109,31.8612744818856,3.21872143273433,11.9339174695913,48.4571685622396,4.26827030239464,2.72003219905625,6.67326975871922,12.1499371704461,476.918841608514,0.0,94.3567624605919,235.563228055161,82.2442476827895,282.620512609853,168.904982477984,74.2932323331111,52.3400241413095,4.45254675120461,126.030857816321,1.98415740491569,57.6627245436138,12.4981498257433,8.41998193166186,168.916693339782,191.500929577614,1878.19178544281,2927.05557549334,1137.4952801477,580.198529417526,0.0,31.1243599133438,77.2966356084795,24.5885921598691,8.98076658530735,182.625849009263,17.400087054172,3.94631869164433,69.7548718348714,0.0,1.60101285361968,139.550293926838,52.1922479474542,6.6571052009742,17.8294778210946,1.58231410723819,8.29103570251488,11.0481280872715,0.0
68,17.6093276808056,0.0,0.0,2.31921769253274,120.429718876878,25.220919338887,9.50398563613548,17.540963569387,19.6411887912001,1.50711360671688,8.15500425828295,1.38708683169381e-10,14.8443957214431,14.1747334762898,9.22975874613311,60.0663893650275,3.3659479312099,5.25092209135281,35.7091681868853,43.5533902189362,6.27976926194068,31.6743747599787,46.2615108610669,29.2828363702742,2.04932443199218,86.1353964039811,692.352623671317,106.354429969473,693.516086714052,1833.86439406268,135.958251073276,0.0493890928681702,9.29107040022796,952.427450648454,45.2067760336993,784.693058358725,14.4310552434329,36.2470717472444,123.183533482698,210.473291310724,222.865102231442,45.3137265101252,463.650535288826,1034.68281818817,347.529025772105,136.128454227703,192.057655150411,52.9525479723304,63.1386204348979,154.488772518607,64.181211697562,31.4944355267904,295.880686608549,465.152129408937,282.199076229682,464.969631957852,335.264578180788,131.457761194906,170.317982406736,247.638659069912,19.5561794232405,69.7128512752063,0.0
69-70,0.0,0.0,0.0,0.0,0.0,0.0,0.0,0.0,0.0,0.0,0.0,0.0,0.0,0.0,0.0,0.0,0.0,0.0,0.0,0.0,0.0,0.0,0.0,0.0,0.0,0.0,0.0,0.0,0.0,0.0,0.0,0.0,0.0,0.0,0.0,0.0,0.0,0.0,0.0,0.0,0.0,0.0,0.0,0.0,0.0,0.0,0.0,0.0,0.0,0.0,0.0,0.0,0.0,0.0,0.0,0.0,0.0,0.0,0.0,0.0,0.0,0.0,0.0
71,9.51944880029789,0.970253325268931,0.0,3.24448596526836,40.8687314584169,0.783885924016128,2.20225125001657,0.427212430624204,0.00276579752223833,600.868859539172,404.546778314579,7.19777483457359,1.55479249495511,10.7992275474306,54.3408804089497,412.450291122284,31.4336037218856,7.34990328218502,38.5032660607859,30.8731055373197,1.06875102586389,1.93210932665061,167.469893942795,33.3604237012121,0.0,216.494238984035,493.810106933074,16.4154104098116,281.316909467341,4.65087318536419,14.4274570252036,10.39123147597,45.6736159159901,37.0534900125646,0.0,5.77314930251269,1.75895961075738,3.99417114170261,6.74116808234767,299.202847609205,135.211740074978,8.83474072031288,124.005979436176,257.875808220769,0.0,3187.30218130268,66.479385084422,10.0715687472463,39.4413303906505,56.6738537636322,15.9743744537492,0.589468939990629,54.2472669288093,3.34629672792129,4.70632169270529,29.737696646346,5.89352794786381,349.553115946466,25.671115300532,0.858066928866222,0.478931118602003,5.34563326800299,0.0
72,0.0,0.0,0.0,0.0,0.0,0.0,0.0,0.0,0.0,0.0,0.0,1088.5681929399,0.0,0.0,0.0,0.0,0.0,0.0,0.0,0.0,0.0,0.0,0.0,0.0,0.0,0.0,0.0,0.0,0.0,0.0,0.0,0.0,0.0,0.0,0.0,0.0,0.0,0.0,0.0,0.0,0.0,0.0,0.0,0.0,0.0,0.0,796.329425616285,0.0,0.0,0.0,0.0,0.0,0.0,0.0,0.0,0.0,0.0,0.0,0.0,0.0,0.0,0.0,0.0
73,4.00643700198515,0.312059957849987,0.0,4.96361458330871,265.76206488225,13.1438836028587,1.08684936763298,0.0684164388402542,6.70223337322516,83.4341265874678,22.2557263334056,839.699172588868,12.4464915630337,20.4197142059682,0.0926339070293468,7.81349736116489,1.74084083374622,3.51744399304328,6.72764662085796,3.34550648266079,0.0,6.63251769291247,2.04683361851746,15.4553930650389,0.677125523367197,18.2909147590127,58.3113892366872,364.967313750532,1082.25441704587,161.500192576991,29.3371659292417,0.0,6.21138331425871,3.56541987121726,6.88217277172275,45.8514064080184,58.1056126317135,78.1265367894888,27.7173576081566,149.981876509417,239.82841933846,64.4536412827028,179.031120518622,39.0441699596866,0.0,28.9307598632247,55.5693916477457,1557.80790933212,15.5053625026075,191.24939545533,23.0948830981876,17.1866980557052,47.6036775189895,12.3111139565704,14.0499541336803,16.3658735396454,4.59519634804183,50.6041534281765,60.7750086783422,30.3652953713663,0.868913795765033,0.0,0.0
74-75,265.16314411211,0.433468476727903,0.030806908685147,0.627362190775586,18.5243868133571,10.3745223114689,2.67700691074075,3.0097395339732,2.06247774755543,0.670443292567198,12.2221069459,1.48345783183859e-06,1.02745756790954,3.34049996304431,13.4209161975999,3.82604122846345,4.12750029214533,20.6574165683207,19.3250974523616,6.06160007556994,0.487840098454474,6.01557907942229,2.10708808554711,16.3527741695867,0.067526223467641,4.46523610937237,72.6348991573558,10.1977825522225,103.631567089885,35.0067246727569,9.77328679970208,0.00185603613981233,0.297360655572838,10.4469789507253,0.846532656029262,11.0916326858792,56.9642603436059,26.655580552948,3.69083412728997,53.5551891637655,5.39863656085528,52.834575761783,6.92744246482202,13.635066129808,0.0,72.2602596634706,68.6768462313088,33.591516993227,565.028187450743,12.9343716400826,6.95270130281909,3.18017488646237,56.0423890640342,112.213897852608,138.768319763424,7.23783933166808,1.67942242045859,45.8683699271868,9.93451521496161,29.7555935389422,1.26079629308416,3.72716686147806,0.0
77,15.4484049887934,0.0,0.0,25.716110968593,182.409042430304,48.4208826166434,13.4122150937819,27.5995541112525,14.2419456132347,36.323077063706,189.694260670071,1610.37746591492,57.0781322651826,68.0597626231693,84.3343574376291,72.6647606563188,21.9606842140789,28.0321110718733,72.6025751951763,30.2260672678815,3.34546348671849,12.2045136688419,130.702811022913,23.9159152439599,0.154152229295755,88.4799833462987,728.794454135952,215.120830009109,1279.65724403446,192.036204262751,183.387351725416,121.339644032729,419.355091551373,74.8780946202295,29.5419502389603,256.420823228713,128.658291799798,266.559003689626,480.966482719972,315.574734625564,106.058051277828,8.57584316123252,198.101541189259,183.959025915165,0.0,267.913920186913,172.731053251291,23.1007157799608,7.97046674022755,1943.625679399,40.8942787956498,18.7595402617718,291.025223551515,113.39438032105,64.8064303493533,120.322892988931,49.7967708890523,54.1263348447939,19.5257939064402,45.7538146155097,4.61010040068131,21.3912911843704,0.0
78,25.7962847731921,0.497185106280994,0.0,14.1580688084563,561.791566070674,50.4840462317576,38.7809747976188,54.5855823642064,23.9101768891038,1.65949138143727,90.3611511250545,596.274963606324,99.5758877881966,90.88456298168,64.0474310073068,138.604894116704,22.927202065327,42.1270797248053,75.8990877328595,129.630589678922,6.10329561579347,41.5085440979891,190.31952637363,27.8380700968469,0.364218687652914,107.418745295441,383.84486766891,133.154116053395,594.106980939425,196.932544441541,138.457220448752,20.6934163364867,4.52260724159099,818.533892986864,60.6650962351752,404.790576833138,25.0140774689754,61.5129735425286,37.218992312986,163.457017932024,74.8111595204046,21.8233169834414,102.300513951935,31.6450298107975,0.0,428.722896759217,152.155722564067,40.538915724669,12.5247011866702,58.7236069548622,354.319141574434,7.36043859554512,424.060369834568,2.9062466091664,50.1748582341073,187.861133692387,14.86714965775,36.2665865526547,30.185360470703,10.6623558150385,6.00181548708153,25.5042576005394,0.0
79,0.389147635643742,0.0,0.0,0.00600072998892279,2.73541861766372,1.72304791025138,2.99878113510858,9.62718088187898e-11,1.26678322224854,1.95836558438598,6.79728561365034,33.2577914602001,0.474016371014931,0.94878674089822,0.0,1.33374647888315,3.60643202712277,0.697137991402378,13.2342144207602,3.72126061058223,1.73102042641946,0.0,5.48936404668132,0.183367227707389,0.0,0.485270490881878,2.23747808853545,17.6936661757223,90.1506310590042,0.149441532107925,20.2332030584179,0.453630706053664,0.0,31.4718966597573,0.0668952171073407,3.41414850426049,0.842354286036535,0.108412872797956,0.172367217685989,2.74378824657865,4.99836992592774,0.27123357160735,6.05958112745167,0.19812396670851,0.0,35.198708450503,77.9965926681115,4.32890076780914,15.6050680032326,1.93675546147259,0.753589753950067,9.41055652475069,0.637877699097609,0.0,2.62223224561712,0.0,5.16928226514724,5.68139227404717,0.532914936309078,13.6588533962364,0.0,0.7185266876032,0.0
80-82,75.1761007491413,0.0,0.0,10.1055682453812,203.936312136021,9.57273231454594,2.23025059785907,16.2580495549518,5.93816786588551,214.545882928998,217.318953372712,12.2119290985346,10.7994579730004,59.6416110801411,94.8149841135316,25.3401286374213,12.8827802938041,19.0942503593173,93.8170866585172,54.1855630811342,4.27696325775395,29.8346746975788,13.3769568082559,19.7266293955509,1.47296344156621,35.7096848150537,569.315202906012,232.045954149332,494.320728375347,458.328486906836,72.2796695771653,3.09476377619131,24.1892646270493,735.285373005117,19.4366809939463,200.975553251568,90.7515231409707,55.3288295927421,171.324595134821,355.666216350941,127.00381062348,29.7548111581044,579.999281070512,481.421153882854,176.525061602016,145.007975876215,358.736270731923,94.1484414321577,53.0935458046968,149.855256806108,59.0476510124681,21.3503964042066,1531.8624791967,143.367107286122,51.3591913946352,790.200427605403,179.745088573778,46.3585243220228,26.8791053934997,112.485430504962,5.78066404954073,21.3629507052535,0.0
84,2.15377976791521,0.0551882003672099,0.0139416228473375,3.44011144354144,22.3171543401198,2.67855603570506,4.05262427116358,1.6884026087251,1.67072372292554,26.7602610371108,17.8631596394523,19.6536201792404,2.44909788401289,4.17391502698572,7.00111403659319,7.74055224442257,1.55474604343518,1.20635682228178,7.27845328572078,2.48811725969455,0.616632984318988,1.33231947106128,1.579189976068,37.6540002105432,0.0,7.96786634605102,31.8537495194,17.3704275321147,132.304671403033,33.8552863117682,6.69397306313943,3.52074923995298,3.86717266834271,36.3426059586416,0.997966456029265,13.7529231728153,4.1462562755625,4.4465299390301,13.3371591894781,28.5660871910294,18.7499708510505,0.0,28.1630506236565,35.7928947901847,0.0,16.664275176463,14.5557490661162,14.4394177397425,2.84735977195465,27.6476365035514,7.96177076679732,2.49465414605296,30.7109036873541,5.51591247318818,5.22079506854242,27.7670148217391,7.76716129940215,2.48082341989445,3.90663917912126,13.1004886664419,0.53928564657726,3.32733739871483,0.0
85,0.137911807569419,0.0,0.0,2.36687374252457,7.10163611458509,0.731357304552752,0.0,2.1351400066507,2.33701291580393,1.16492564332281,6.60351245174163,20.2701134452866,2.20804952882783,5.37369079984839,3.08405101089906,5.6947164245346,1.80534925831125,0.68773215322405,4.91777819158076,2.65589020841538,1.22965620928353,4.61447414038553,15.4999273191787,5.20766764187877,0.540179855387922,4.96091928012764,19.5836891477352,11.7486864994813,51.9973784205033,18.7380763497502,13.3243042362469,0.328209032102712,5.80273660174824,10.4997999264659,0.0,3.76255695288559,0.142719756558897,2.50447489287203,8.84246203662967,104.679994254844,31.3994366663927,7.98897926008616,94.2899286096387,8.51244746289854,0.0,34.121215691968,44.3717820743828,4.79642721209461,1.80443860095398,9.67147611476256,6.35527280726549,3.33199686282379,33.5954760810238,21.4887476700211,990.264352802793,15.6463449049145,30.6264708158595,14.5612040942956,6.91935895196436,9.38383536488972,3.97936213745267,4.77145951793493,0.0
86,0.168443226880886,0.0,0.0,0.00409223204254303,1.25695460402074,0.311773994150637,0.0493610110272809,0.0643264348911811,0.607007306482943,0.235205780036061,2.05820163007673,0.0,1.25100558176187,1.41778669442204,3.58680463478997,0.913030868594169,0.92029257696511,0.223249721670225,1.86241804673403,0.977687294694391,0.527124801609367,0.635582368005007,3.13194873535689,0.0,0.471178929179071,0.571587380139787,9.43668946413666,0.189584965669406,6.84244087777726,2.36365612099556,7.36206942697993,0.0,0.0,2.03241509261982,0.163368544854569,2.77866548602261,0.00300236097209432,0.0,2.14049980723665,0.362988718770146,0.00796472792594183,0.0,0.0945213534184065,0.0,0.0,3.21160841273037,2.11578124459161,0.0,0.0875884068235296,4.53089804882124,0.0,0.0,5.81255124227179,53.1046648877136,0.0557385117861708,3527.83761659155,91.3461813862542,0.58157226549161,0.0,0.781990471942215,0.0,5.65000841362955,0.0
87-88,0.0,0.0,0.0,0.0,0.0,0.0,0.0,0.0,0.0,0.0,0.0,0.0,0.0,0.0,0.0,0.0,0.0,0.0,0.0,0.0,0.0,0.0,0.0,0.0,0.0,0.0,0.0,0.0,0.0,0.0,0.0,0.0,0.0,0.0,0.0,0.0,0.0,0.0,0.0,0.0,0.0,0.0,0.0,0.0,0.0,0.0,0.0,0.0,0.0,0.0,0.0,0.0,0.0,0.0,0.0,0.0,0.0,0.0,0.0,0.0,0.0,0.0,0.0
90-92,0.454061451115262,0.0026450469309079,0.0,0.00349713753586154,20.561512136006,1.25270512964189,0.342614931000923,0.0876736781773109,0.100312963835327,0.230644874901565,0.568196207473051,0.00118360643764492,0.000482040893248789,0.76117928048493,1.22224464314125,1.40515716238061,0.165358848256453,0.289987089562783,0.0593164869466813,0.349205913077365,0.92552474365933,0.808556025754332,0.813838158613455,0.00410425239633251,0.34227787931798,0.220577803690893,1.17419012627007,13.983480124583,80.1267410393362,12.6425143576775,0.779798812763791,0.0,0.0,5.67199370694568e-06,0.100592786806754,12.6881583452534,46.2106103232931,43.9439340475629,16.171507640612,4.18277983992226,0.432724999307742,0.00748413766810009,1.62791785440991,2.67112646009763,0.0908557243987011,11.0010001366739,8.75100021014938,25.5493290485894,11.1525899048214,22.2971494628435,1.53177594805363,0.0691047377890055,10.4845864799146,67.7320400060678,10.4423472613328,19.7903792220438,2.40192133226697,547.11017453509,25.8472373325415,10.6309921929399,0.000238280376128849,2.31491521318961,0.0
93,10.7334848310224,0.306750049543731,0.0231910726526506,0.646612451966468,22.4888763984557,1.56388396090178,1.42727828800659,0.13888214533676,0.760429916556982,0.238824406555824,7.29302747797422,0.52858518815343,2.38007076877542,3.0487183294453,5.50516589254775,4.44898252043379,0.0879409756163296,1.37131583273791,1.5808338357662,1.48455097351139,2.89316668043185,1.42499876487051,10.0799561043059,7.72063494675237,1.93065429304416,3.54954871752312,48.4673404745232,27.3319550588298,87.1542573562772,26.800912377095,10.8078911485689,0.403532071304994,0.314298716862665,20.2208080260206,0.806756756297088,87.2391917012125,31.0679905004908,33.4628827076261,15.1267165334536,6.9019371150014,24.8823545136825,4.39866710590898,19.6752107094245,12.4888686762653,0.0,7.59453809102354,22.4801236829447,15.1432567321168,2.97255939556483,14.1962820612101,7.36519276837532,0.0,27.6641136526508,0.0,28.4459284709144,86.2918440527008,14.6097030892049,29.2734492686,308.896885090726,1.42992036895637,0.974602193665038,3.32747329326196,0.0
94,4.78935214717005,0.163184393631177,0.0,2.18141432729296,47.2487445418126,2.53961277627576,0.551199348041083,1.8134642284561,1.25475593413408,2.34681168125808,36.3478525189092,23.8245401520934,1.04988574173033,9.04127416746791,82.8788421195807,3.29492354130998,1.29402076753557,3.23258932680933,5.11652481938597,3.49307054099189,1.10826335672027,1.58180895236749,3.02177196042313,45.565892664306,0.973852678635594,25.7322625000633,24.4013538886693,32.3650084957377,108.656388498041,38.725857452938,29.1413397769635,0.876077058202571,1.29868439760687,55.7359347684086,6.53855912472463,33.9676783717891,11.1102185282743,4.51358742080295,5.99214671024752,18.3864407286817,59.3955415895496,23.1590075103167,195.567494443892,8.33912859844142,0.0,109.495356248515,11.8536492740223,16.6716954263468,24.1731819002922,10.4932841286571,7.45252290143822,3.24168216445898,56.1443518154647,0.0,103.554099174582,449.462673059576,49.9726819494905,9.13387510383723,64.4184370769259,1100.35980932122,0.143796896533515,40.1524923214244,0.0
95,1.6628266745651,0.308132280020403,0.00239274534952643,0.297494951724684,0.985816126100269,0.824959216405679,0.443557822778869,1.22810429695862e-06,0.613893734034477,0.00973017547406731,0.0316078710883598,1.30105305793644,0.596981843627955,1.19376607112704e-06,2.38185093447136e-08,3.51948599368054,0.195490227954163,0.160276989348614,0.417041055338216,0.0646883698109969,0.0865465876980773,2.00271647638792,4.3908474996744,0.193762305138299,0.0768461397644942,0.30212615940361,18.8601641108628,3.2691906506637,71.9345003190119,23.7692045495239,0.985384398996409,0.0505485931260779,0.080085383149559,7.34714377999209,0.0,0.0,4.9438507144213,0.0,14.518853881157,45.976129739221,57.9965032379999,0.380051545095025,38.3054216519351,15.9119352505953,0.636657368804348,23.5618450279498,28.0568074688095,1.25740514569458,1.11881899746249,6.04305866247215,0.931189597045162,0.144594189728047,25.9591117540489,0.0,4.92087703335826,4.39416150721451,8.30106161777437,0.470019245977754,1.2416782949591,0.0,16.3308561219325,0.844168759074459,0.0
96,0.39590499267551,0.00437318862654765,0.0,0.00752831958421046,5.85690768377812,0.312957213496699,0.0969232880749373,0.136996086731222,0.966731628270079,0.614600539927153,6.9392676849739,0.0,0.000304596062395636,1.05168589030994,0.858911049603729,2.1859121587143,0.0740826968780306,0.390189898548726,0.491598521093704,1.92238521568326,6.85101419139499,0.456980878765729,0.149232381870912,0.0743514818948184,0.0803615183926246,0.323454432939274,1.81084358408342,1.23391799855197,10.1956287922446,13.2846915070323,1.30809717472779,0.00268286205690651,0.000763088048817195,5.69804988654437,0.0145897823194549,59.5453716251821,0.0673803611886455,0.0922613268293056,0.00370506035897313,0.163358807118258,0.019112327665064,0.291631668117013,0.0665796451811577,0.458774712206124,0.0,1.1365404090616,5.6862387722886,0.420479944704163,0.637246504291885,19.7910587543393,1.44827881225434,0.00999438840415977,2.97648185351463,15.4606415224681,0.438976087973583,65.1997865915546,51.6315690415396,0.789225363633227,0.273691394331389,0.688433332667474,0.000157260100234277,100.237627976087,0.0
97-98,0.0,0.0,0.0,0.0,0.0,0.0,0.0,0.0,0.0,0.0,0.0,0.0,0.0,0.0,0.0,0.0,0.0,0.0,0.0,0.0,0.0,0.0,0.0,0.0,0.0,0.0,0.0,0.0,0.0,0.0,0.0,0.0,0.0,0.0,0.0,0.0,0.0,0.0,0.0,0.0,0.0,0.0,0.0,0.0,0.0,0.0,0.0,0.0,0.0,0.0,0.0,0.0,0.0,0.0,0.0,0.0,0.0,0.0,0.0,0.0,0.0,0.0,0.0
