School scenario,0,0,0,1,1,1,2,2,2,3,3,3,4,4,4,5,5,5
Model output,mean,LL,UL,mean,LL,UL,mean,LL,UL,mean,LL,UL,mean,LL,UL,mean,LL,UL
2020-09-01,8.46,3.0,15.0,8.62,4.0,14.0,8.41,4.0,14.025000000000006,8.54,4.0,14.0,9.205,5.0,15.0,8.335,3.0,14.025000000000006
2020-09-02,7.66,3.0,13.0,7.43,2.0,13.0,7.905,3.0,13.0,7.92,3.0,13.025000000000006,7.86,3.0,14.0,8.015,3.9750000000000005,14.0
2020-09-03,7.48,2.9750000000000005,13.025000000000006,7.365,3.0,13.025000000000006,7.2,3.0,12.0,6.935,2.0,13.0,7.235,3.0,12.025000000000006,7.445,2.9750000000000005,13.0
2020-09-04,7.075,2.9750000000000005,13.0,6.645,2.0,12.0,6.52,2.0,12.0,6.725,2.0,11.025000000000006,6.925,2.0,13.025000000000006,6.71,2.0,12.0
2020-09-05,6.72,2.0,11.025000000000006,6.45,2.9750000000000005,11.0,6.485,2.0,11.0,6.755,2.0,13.0,6.625,2.9750000000000005,12.025000000000006,6.385,2.0,11.0
2020-09-06,6.4,2.0,11.025000000000006,5.96,1.9750000000000005,11.0,6.08,1.9750000000000005,11.025000000000006,6.19,2.0,11.0,6.545,2.0,12.025000000000006,6.545,2.0,12.0
2020-09-07,6.595,2.0,11.025000000000006,6.345,2.0,12.0,6.48,2.0,11.025000000000006,6.5,2.0,12.0,6.15,2.0,12.0,6.185,2.0,11.025000000000006
2020-09-08,6.5,3.0,11.0,6.38,2.0,12.025000000000006,6.6,2.0,12.0,6.575,2.0,12.0,6.29,2.0,12.0,6.125,2.0,11.0
2020-09-09,6.715,3.0,12.0,6.955,3.0,12.0,6.605,2.0,12.0,6.445,2.0,12.0,6.49,2.0,12.0,6.665,2.0,11.0
2020-09-10,7.085,3.0,13.0,6.86,2.0,12.0,6.92,2.9750000000000005,13.0,7.145,3.0,13.0,7.015,2.0,13.0,7.16,2.0,13.0
2020-09-11,7.415,3.0,13.0,7.155,3.0,12.0,7.355,3.0,13.025000000000006,7.23,2.0,13.0,7.39,2.9750000000000005,12.025000000000006,7.4,2.0,13.0
2020-09-12,7.83,3.0,15.0,7.58,3.0,13.0,7.785,3.0,14.0,7.93,2.0,14.0,7.745,2.9750000000000005,13.025000000000006,8.12,3.0,14.0
2020-09-13,8.455,3.0,15.0,8.67,4.0,14.0,8.58,4.0,15.025000000000006,8.585,4.0,14.0,8.25,4.0,14.025000000000006,8.12,3.0,14.025000000000006
2020-09-14,9.015,3.0,14.025000000000006,8.88,4.0,16.0,8.785,4.0,15.0,9.21,4.0,16.025000000000006,9.215,4.0,16.0,8.99,4.0,15.025000000000006
2020-09-15,9.805,4.0,15.025000000000006,9.65,3.9750000000000005,16.025000000000006,9.82,4.0,17.0,10.055,4.0,18.0,9.775,4.0,15.025000000000006,9.885,3.9750000000000005,16.0
2020-09-16,10.715,5.0,18.0,10.415,4.0,17.0,10.53,5.0,18.025000000000006,11.03,5.9750000000000005,19.0,10.87,5.0,18.0,10.815,5.0,17.0
2020-09-17,11.67,5.9750000000000005,19.025000000000006,12.285,5.9750000000000005,19.0,12.03,7.0,18.0,11.955,6.0,18.05000000000001,11.605,5.9750000000000005,20.0,12.055,6.0,19.0
2020-09-18,12.545,6.0,20.0,13.22,7.0,21.0,13.3,7.0,21.0,12.84,6.0,20.0,13.045,6.0,20.0,12.715,6.9750000000000005,20.0
2020-09-19,14.295,7.0,22.0,14.425,7.0,21.0,14.41,8.0,23.0,14.18,7.9750000000000005,20.025000000000006,13.885,6.0,22.0,14.495,7.0,23.0
2020-09-20,15.63,9.0,22.0,15.495,8.975000000000001,23.025000000000006,15.44,7.9750000000000005,23.025000000000006,15.575,7.9750000000000005,22.0,15.67,8.0,24.0,15.38,9.0,23.025000000000006
2020-09-21,17.27,9.0,26.0,17.115,10.0,26.0,16.715,10.0,25.0,16.9,10.0,24.0,17.3,9.0,25.025000000000006,17.27,9.0,25.025000000000006
2020-09-22,19.075,12.0,27.025000000000006,19.295,11.0,28.025000000000006,19.11,11.0,29.0,19.19,10.975,27.025000000000006,19.145,11.0,27.025000000000006,18.935,12.0,27.0
2020-09-23,21.295,12.975000000000001,30.025000000000006,20.875,13.0,29.025000000000006,21.225,13.0,31.025000000000006,21.72,14.0,31.0,21.0,12.0,30.0,21.325,12.975000000000001,32.0
2020-09-24,23.85,15.0,34.0,23.455,14.975,33.0,24.12,14.0,35.0,24.16,15.975000000000001,35.0,24.085,15.975000000000001,32.0,23.955,15.0,34.05000000000001
2020-09-25,27.315,18.0,39.0,26.29,17.0,37.0,25.96,16.0,35.0,26.135,16.975,37.0,25.96,18.0,36.025000000000006,26.23,16.975,35.05000000000001
2020-09-26,29.9,20.0,42.025000000000006,29.395,20.0,41.0,29.635,19.0,42.0,28.94,19.0,39.0,28.94,19.975,38.0,28.69,18.975,39.025000000000006
2020-09-27,33.025,23.0,44.025000000000006,32.53,22.0,45.0,33.095,23.0,44.0,32.95,22.975,46.0,32.45,21.0,44.0,32.53,22.0,45.0
2020-09-28,36.3,24.975,47.0,35.765,25.0,47.025000000000006,35.685,25.0,47.0,36.47,25.975,49.0,36.47,26.0,50.0,36.665,24.975,49.0
2020-09-29,39.745,27.0,51.0,40.11,29.0,52.025000000000006,40.455,27.0,55.0,41.175,30.0,53.0,40.685,29.0,53.0,40.515,28.975,53.0
2020-09-30,44.435,31.975,56.025000000000006,44.315,31.0,58.05000000000001,44.585,31.0,57.025000000000006,44.285,32.0,56.025000000000006,45.59,33.975,60.025000000000006,45.935,34.95,58.025000000000006
2020-10-01,49.64,36.974999999999994,64.0,49.545,35.95,63.025000000000006,49.685,38.975,63.025000000000006,49.715,37.975,62.025000000000006,48.615,36.974999999999994,61.05000000000001,49.59,35.975,63.025000000000006
2020-10-02,56.075,41.0,70.05000000000001,55.615,40.975,69.0,55.01,41.0,70.025,55.42,43.0,69.025,55.31,41.0,73.025,55.445,39.975,72.0
2020-10-03,62.015,48.0,79.025,61.665,45.0,79.025,62.305,46.975,77.025,62.7,43.974999999999994,77.025,60.63,45.975,73.025,61.46,45.0,79.0
2020-10-04,69.09,55.0,84.0,69.635,55.0,86.0,69.3,51.975,88.0,68.485,55.0,86.05000000000001,67.775,53.0,86.0,69.4,53.0,87.0
2020-10-05,76.605,61.0,92.07500000000002,76.33,60.974999999999994,94.025,77.725,61.0,93.07500000000002,77.955,62.0,95.025,77.625,60.0,94.025,77.685,60.974999999999994,94.025
2020-10-06,86.0,64.975,106.025,86.915,70.0,105.07500000000002,87.225,67.97500000000001,106.0,86.125,66.0,104.025,86.71,71.92500000000001,106.0,87.155,69.97500000000001,105.0
2020-10-07,95.805,79.0,115.05000000000001,96.745,75.0,115.0,96.18,76.97500000000001,116.0,96.645,77.0,118.0,96.515,78.97500000000001,114.025,96.555,74.97500000000001,120.0
2020-10-08,108.715,89.94999999999999,128.025,108.61,90.97500000000001,127.025,109.175,87.0,131.10000000000002,109.275,92.9,129.025,108.215,87.0,127.025,107.63,89.94999999999999,129.025
2020-10-09,121.26,98.0,144.025,120.7,99.95,141.0,122.36,98.0,144.025,121.3,97.95,143.025,120.535,101.97500000000001,142.0,122.56,101.0,147.0
2020-10-10,135.01,116.95,158.025,135.63,114.0,158.025,136.8,115.0,158.0,135.315,114.0,156.0,135.385,115.0,155.025,134.655,112.975,160.025
2020-10-11,151.215,128.95,177.0,151.93,128.975,177.0,151.43,129.0,173.05,149.42,130.0,172.025,152.29,128.95,181.0,151.14,128.92499999999998,176.025
2020-10-12,168.895,140.975,196.0,167.5,143.97500000000002,190.025,167.975,139.0,193.025,170.635,142.0,195.05,169.285,142.975,194.025,168.955,148.97500000000002,193.025
2020-10-13,188.875,164.975,218.07500000000002,187.365,160.975,210.025,191.065,167.975,216.025,189.155,165.975,212.07500000000002,188.21,161.975,218.05,189.57,163.975,218.0
2020-10-14,211.705,182.975,242.025,211.065,181.0,235.05,211.045,187.0,243.025,211.56,183.95,240.12500000000003,209.955,183.0,235.025,211.14,185.95000000000002,239.025
2020-10-15,235.65,205.975,263.075,234.09,205.0,263.025,236.575,209.925,265.05000000000007,234.355,206.975,264.025,236.325,209.975,271.025,233.255,204.95000000000002,266.0
2020-10-16,262.4,232.925,292.0,261.39,223.0,293.12500000000006,262.16,228.0,296.0,262.205,234.975,295.025,264.2,230.97500000000002,296.1,263.97,235.97500000000002,296.05
2020-10-17,292.86,261.825,324.0,292.87,258.975,327.025,293.745,255.975,332.07500000000005,291.83,255.925,331.025,292.56,256.975,325.0,292.0,259.975,330.025
2020-10-18,324.125,281.95,360.025,325.715,286.925,359.125,324.79,286.90000000000003,359.075,322.43,281.0,359.04999999999995,326.18,292.95000000000005,364.05,324.8,291.925,360.05
2020-10-19,363.335,319.95,406.07500000000005,362.99,327.975,399.025,359.625,323.875,392.07500000000005,364.745,326.925,403.0,362.62,324.75,399.04999999999995,361.995,324.95,396.05
2020-10-20,404.215,360.95,449.02500000000003,403.09,367.97499999999997,445.0,405.29,361.925,445.05000000000007,401.02,364.9,439.0,402.66,358.975,441.07500000000005,404.085,364.97499999999997,449.02500000000003
2020-10-21,450.255,409.95,493.05000000000007,448.695,409.975,487.1,450.915,406.975,492.025,447.575,401.95,490.15000000000003,448.045,406.975,495.075,448.415,409.925,487.04999999999995
2020-10-22,497.35,454.97499999999997,540.025,498.745,455.0,546.0250000000001,494.68,442.975,533.0500000000001,494.185,453.0,541.0500000000001,496.395,449.925,545.125,497.025,449.97499999999997,542.05
2020-10-23,543.825,500.95,592.05,546.715,497.97499999999997,588.025,550.07,501.975,597.0500000000001,545.895,505.0,601.0,547.1,495.925,595.05,548.445,503.975,594.0250000000001
2020-10-24,597.555,548.9250000000001,654.0749999999999,596.335,547.725,643.025,595.395,552.0,644.1,593.02,539.975,642.1250000000001,598.83,541.9,651.125,598.655,542.95,644.05
2020-10-25,645.925,593.975,699.075,643.67,595.0,708.025,645.65,587.975,699.025,646.325,599.95,697.0250000000001,644.99,587.975,705.0,645.07,587.925,695.075
2020-10-26,686.8,635.975,738.0250000000001,684.18,629.95,746.0500000000001,686.315,629.975,745.0250000000001,687.835,639.8,746.0250000000001,686.48,626.0,750.0,684.81,622.9499999999999,736.075
2020-10-27,708.39,656.875,761.0250000000001,713.745,657.875,775.025,711.92,665.0,769.0,710.57,653.875,770.0250000000001,713.21,657.9749999999999,773.0,712.23,658.9499999999999,762.2250000000001
2020-10-28,719.985,665.95,776.025,724.75,672.9000000000001,792.0,722.355,654.85,783.05,719.7,664.975,770.1500000000001,723.24,666.8000000000001,788.025,722.41,661.95,781.0250000000001
2020-10-29,720.785,663.9,783.05,721.32,658.8,784.025,720.97,665.975,776.05,719.7,658.0,769.075,722.38,668.0,780.0,716.27,660.875,770.075
2020-10-30,709.505,654.925,770.1000000000001,711.955,656.95,765.0500000000001,711.73,663.0,766.0749999999999,707.9,652.0,762.1500000000001,710.42,657.675,767.025,709.61,648.0,770.0500000000001
2020-10-31,697.155,644.0,748.025,694.84,644.95,750.0749999999999,691.565,636.975,752.2,694.225,642.875,751.0,696.295,640.875,755.15,695.55,634.85,756.075
2020-11-01,671.765,615.825,726.125,671.805,619.925,725.0250000000001,675.005,629.9,732.2,670.1,615.825,728.05,676.89,618.95,734.05,676.555,615.95,726.025
2020-11-02,649.84,596.9749999999999,703.05,653.78,601.9499999999999,712.05,650.35,602.0,701.075,651.88,603.925,706.2750000000001,652.26,602.0,705.075,655.37,599.0,707.05
2020-11-03,628.76,573.85,675.025,629.33,575.0,683.05,629.16,578.95,685.0,626.94,570.9499999999999,676.05,624.98,572.975,675.025,630.405,579.95,687.0
2020-11-04,603.01,547.0,658.0,604.355,549.95,656.025,603.875,557.875,655.15,602.405,549.9000000000001,650.0500000000001,602.77,553.975,652.025,602.21,551.9499999999999,654.15
2020-11-05,577.01,526.0,621.0500000000001,580.23,528.9250000000001,636.125,578.14,530.8249999999999,633.0,579.78,521.95,625.0500000000001,576.68,528.975,632.025,578.565,531.925,622.05
2020-11-06,554.035,499.925,604.05,553.94,508.97499999999997,610.075,555.765,507.975,603.075,553.525,505.0,605.0,553.625,498.975,601.125,557.215,506.0,612.0
2020-11-07,532.355,483.925,584.05,528.975,478.825,579.1,531.485,482.0,588.0,529.315,484.90000000000003,576.05,529.54,484.925,580.0,534.025,483.975,579.0
2020-11-08,509.995,460.975,550.0749999999999,510.29,463.925,564.05,505.845,457.925,557.1750000000001,507.91,463.925,553.0500000000001,508.59,459.0,551.025,507.315,465.95,561.0
2020-11-09,486.335,442.975,535.0,487.63,443.975,536.075,484.255,439.9,526.05,484.31,441.95,530.0250000000001,486.27,440.925,539.025,487.2,450.0,530.0500000000001
2020-11-10,464.575,420.0,506.05,462.345,423.875,501.07500000000005,466.955,428.0,513.0250000000001,463.005,417.0,504.125,467.57,424.975,509.07500000000005,465.1,421.0,504.05
2020-11-11,443.2,402.95000000000005,488.05,446.735,404.95,488.05,444.23,402.95000000000005,482.1,447.42,406.975,485.02500000000003,447.82,405.84999999999997,487.025,445.495,400.825,486.025
2020-11-12,428.32,387.0,476.07500000000005,427.085,380.97499999999997,466.225,427.96,385.9,471.04999999999995,425.41,380.95,470.07500000000005,427.88,386.975,468.025,429.555,382.97499999999997,472.05
2020-11-13,407.045,367.97499999999997,450.15000000000003,409.165,367.97499999999997,452.025,410.52,371.90000000000003,455.0,408.265,360.975,450.0,410.935,371.0,453.0,409.21,363.0,453.0
2020-11-14,389.185,353.975,425.02500000000003,392.675,352.9,435.04999999999995,390.75,351.95,434.025,391.415,345.0,424.1,391.5,351.95,429.0,392.2,354.97499999999997,432.05
2020-11-15,376.105,338.925,414.05,375.1,338.975,417.02500000000003,378.31,339.875,416.025,374.745,335.0,414.05,375.75,337.0,410.05,376.25,337.975,417.02500000000003
2020-11-16,356.64,318.97499999999997,399.04999999999995,360.6,322.975,403.04999999999995,358.82,317.0,400.025,358.405,320.975,398.125,358.125,318.97499999999997,400.025,358.525,309.90000000000003,401.12500000000006
2020-11-17,342.855,301.975,382.125,344.555,310.0,384.0,343.21,301.925,380.1,344.055,308.9,386.025,346.11,308.97499999999997,384.07500000000005,341.435,303.97499999999997,385.07500000000005
2020-11-18,329.56,297.975,367.0,331.86,292.975,366.025,331.74,299.975,371.025,329.97,296.925,377.02500000000003,328.9,293.97499999999997,362.07500000000005,328.69,294.975,361.02500000000003
2020-11-19,315.19,277.9,347.04999999999995,316.975,283.0,356.05,316.57,277.97499999999997,349.07500000000005,315.805,280.95,355.025,317.975,283.9,358.0,318.54,277.95,356.025
2020-11-20,306.385,270.0,347.075,304.4,275.0,336.025,303.875,270.97499999999997,341.02500000000003,306.645,273.975,337.05000000000007,304.58,267.97499999999997,340.07500000000005,303.345,269.975,333.0
2020-11-21,291.905,255.975,333.05000000000007,294.515,259.0,332.0,294.415,262.0,334.0,292.845,254.975,325.0,293.075,255.0,324.025,293.54,261.95,327.04999999999995
2020-11-22,286.41,256.925,327.025,282.25,248.975,317.1500000000001,284.455,251.875,316.07500000000005,281.16,249.95000000000002,312.07500000000005,283.84,249.97500000000002,319.075,284.13,247.95,318.025
2020-11-23,276.545,243.975,310.025,273.805,242.975,309.0,273.565,235.97500000000002,308.0,272.51,242.95,306.025,272.955,240.875,302.0,275.94,246.0,314.025
2020-11-24,265.865,228.95,302.0,266.565,232.0,299.0,266.015,232.975,306.025,267.58,231.0,300.025,264.905,235.0,297.1,266.24,233.975,299.04999999999995
2020-11-25,256.195,224.95,290.07500000000005,255.545,221.8,292.0,255.775,224.975,289.05000000000007,254.855,225.0,282.025,257.795,229.975,291.025,257.01,228.95,288.025
2020-11-26,250.505,219.95,283.075,251.62,218.975,282.025,249.81,215.0,282.07500000000005,248.555,220.95,278.025,248.66,215.975,278.025,249.335,214.0,281.02500000000003
2020-11-27,240.79,208.95000000000002,275.0,241.015,212.95000000000002,274.025,244.485,215.0,274.025,241.305,209.0,276.05,240.69,210.0,272.025,241.715,210.925,271.1
2020-11-28,236.0,201.975,268.0,235.73,203.97500000000002,267.0,235.805,201.975,266.025,237.035,205.9,269.05000000000007,233.54,204.95000000000002,262.07500000000005,236.47,205.0,269.0
2020-11-29,229.6,195.975,261.05,227.59,197.95,259.1,229.895,203.875,258.05,226.625,197.975,258.025,228.69,195.975,265.0,230.855,200.95,262.0
2020-11-30,222.4,195.0,251.0,223.93,189.925,253.10000000000002,224.08,195.0,256.0,223.685,195.95000000000002,253.05,222.735,191.975,253.07500000000002,221.755,189.95000000000002,254.17500000000004
2020-12-01,218.57,192.92499999999998,252.025,220.295,191.82500000000002,249.0,219.7,185.0,247.10000000000002,217.475,188.92499999999998,249.025,217.725,190.975,247.025,219.085,186.0,246.025
2020-12-02,213.47,180.0,244.0,214.385,186.0,245.025,212.47,183.0,246.05,213.235,179.0,244.0,214.365,184.92499999999998,242.025,215.205,183.0,245.07500000000002
2020-12-03,208.475,179.875,238.025,211.1,180.0,239.0,209.695,179.0,241.0,210.95,178.975,245.0,209.985,180.97500000000002,243.025,209.97,181.0,240.07500000000002
2020-12-04,206.66,173.0,247.0,207.815,178.0,235.025,205.925,175.975,238.025,207.86,177.975,239.025,205.075,173.0,236.0,205.9,177.975,234.025
2020-12-05,203.055,175.0,234.0,203.17,178.95,230.07500000000002,202.465,170.975,234.025,202.44,174.95,236.0,202.425,172.0,231.05,204.055,178.95,231.025
2020-12-06,200.83,174.0,237.025,198.495,164.975,227.15000000000003,202.75,170.975,237.0,198.5,167.95000000000002,228.05,199.74,172.95000000000002,227.025,199.15,166.97500000000002,230.025
2020-12-07,198.87,167.95000000000002,233.025,200.105,173.975,232.05,199.145,167.0,229.025,197.15,167.0,227.0,198.07,171.97500000000002,225.025,199.285,174.0,227.05
2020-12-08,194.785,167.9,221.025,197.875,165.975,228.07500000000002,194.785,167.975,219.05,195.9,167.0,224.05,195.83,166.0,228.0,195.955,163.975,229.025
2020-12-09,193.345,162.95000000000002,223.05,193.1,164.0,221.05,195.275,166.97500000000002,224.0,193.425,166.97500000000002,222.05,192.61,165.875,218.0,193.69,166.97500000000002,220.025
2020-12-10,192.64,161.0,230.025,192.78,163.975,223.0,192.795,163.875,224.0,192.63,160.92499999999998,221.0,192.63,165.92499999999998,225.025,192.265,165.0,222.025
2020-12-11,190.42,158.0,217.0,191.595,161.0,218.05,191.745,163.925,224.025,190.46,158.0,217.0,191.285,159.95,222.0,191.33,158.95000000000002,225.0
2020-12-12,188.985,164.0,222.0,190.76,163.95000000000002,220.07500000000002,190.75,163.975,221.0,190.645,161.95,221.10000000000002,189.875,161.975,220.025,191.44,160.975,222.05
2020-12-13,188.8,156.0,221.0,188.405,163.975,218.10000000000002,190.605,164.875,219.025,188.6,160.975,214.025,189.225,158.975,219.025,190.375,162.97500000000002,218.07500000000002
2020-12-14,187.91,161.89999999999998,221.05,187.56,161.0,217.0,189.175,160.95,222.05,187.44,156.92499999999998,217.0,188.38,160.92499999999998,213.10000000000002,187.47,158.0,221.0
2020-12-15,187.29,159.95,214.0,185.865,159.925,215.10000000000002,187.53,162.97500000000002,216.025,184.9,154.9,215.0,187.26,161.95,218.12500000000003,188.405,158.0,220.025
2020-12-16,186.79,157.0,217.025,189.405,161.975,219.025,188.075,160.0,211.05,186.465,158.975,215.05,187.53,157.9,216.025,186.78,155.975,221.0
2020-12-17,185.4,155.975,213.0,185.8,160.975,212.025,187.365,154.95000000000002,219.0,186.8,159.975,216.0,185.64,158.975,214.05,187.195,153.925,214.025
2020-12-18,185.485,152.0,216.05,187.315,157.0,217.07500000000002,185.31,153.97500000000002,215.025,185.53,159.95,213.05,184.83,156.95,216.0,185.73,160.0,214.0
2020-12-19,185.6,153.9,222.05,184.98,152.975,214.05,186.09,160.0,211.05,184.485,158.0,215.0,184.115,156.975,217.20000000000005,185.26,152.975,213.12500000000003
2020-12-20,185.22,152.975,218.07500000000002,185.145,151.975,210.025,186.44,157.95000000000002,216.025,184.34,152.975,212.07500000000002,185.125,154.975,214.0,185.91,154.95000000000002,218.025
2020-12-21,185.815,150.975,216.025,186.725,162.97500000000002,217.0,187.69,156.975,222.05,186.43,157.0,214.025,186.605,161.975,216.025,186.215,158.95000000000002,217.07500000000002
2020-12-22,185.305,154.975,218.0,187.05,157.95000000000002,218.025,187.395,160.92499999999998,218.0,187.455,156.92499999999998,216.025,187.985,158.0,219.025,187.175,156.0,220.0
2020-12-23,186.65,155.975,217.10000000000002,187.155,161.975,210.0,189.17,157.97500000000002,218.025,187.28,156.0,219.025,186.47,154.975,214.0,187.44,158.95000000000002,215.025
2020-12-24,188.605,158.925,221.0,188.145,159.0,222.025,189.585,161.95,221.0,189.33,160.95,223.0,187.12,156.975,218.0,189.28,152.95,220.10000000000002
2020-12-25,192.135,159.925,229.05,191.545,161.95,219.025,192.145,164.0,221.0,190.34,161.975,223.05,190.79,162.875,221.025,192.195,161.95,226.05
2020-12-26,189.42,157.925,223.07500000000002,188.7,157.97500000000002,216.0,191.145,162.0,220.05,187.725,158.95000000000002,225.0,189.575,159.0,215.05,189.935,162.925,220.0
2020-12-27,184.71,154.975,213.025,185.735,154.975,215.05,186.89,154.975,223.025,184.75,155.95,213.07500000000002,185.58,153.97500000000002,220.05,186.8,157.0,215.0
2020-12-28,179.65,148.97500000000002,207.0,181.29,153.0,211.0,182.96,156.0,212.025,180.6,150.0,216.0,181.91,155.975,215.025,183.04,146.975,215.025
2020-12-29,176.98,145.0,208.07500000000002,177.035,147.975,206.07500000000002,178.02,147.975,210.0,176.805,149.95000000000002,203.05,178.0,145.975,210.0,176.765,151.0,208.05
2020-12-30,172.245,142.975,203.025,173.505,142.95,204.05,174.235,147.975,207.025,172.37,144.97500000000002,199.07500000000002,173.935,146.0,203.025,173.265,143.95000000000002,203.10000000000002
2020-12-31,168.045,142.975,195.05,170.01,136.95,199.025,169.69,144.0,200.07500000000002,168.075,139.97500000000002,205.0,168.44,134.97500000000002,202.0,171.785,140.975,200.05
2021-01-01,165.73,137.0,198.025,165.275,137.975,190.025,167.97,136.95,198.0,164.71,136.0,195.0,165.29,139.95000000000002,193.10000000000002,166.81,134.97500000000002,201.0
2021-01-02,163.695,133.95,192.0,163.385,135.95000000000002,192.0,162.87,137.0,194.0,162.905,140.0,189.05,162.415,136.975,188.025,163.29,133.975,198.0
2021-01-03,158.28,128.9,190.0,159.295,135.975,188.025,159.61,128.975,190.025,158.59,131.925,184.10000000000002,158.505,134.0,189.05,158.85,129.0,188.0
2021-01-04,156.315,128.95,185.0,155.795,126.0,184.07500000000002,155.89,128.975,182.0,155.09,125.975,185.025,155.81,127.0,183.07500000000002,156.53,133.0,184.05
2021-01-05,151.945,127.0,180.07500000000002,152.13,123.95,180.025,151.87,125.975,183.025,151.335,128.9,177.0,152.78,127.0,179.05,153.675,125.975,182.05
2021-01-06,149.065,124.9,180.025,148.765,121.0,172.0,149.905,122.0,172.0,146.42,119.0,181.0,148.53,124.0,177.025,148.48,121.975,174.07500000000002
2021-01-07,144.225,117.97500000000001,169.05,146.2,119.0,175.0,145.025,116.975,173.025,144.635,112.0,173.0,145.96,118.975,179.0,144.765,116.95,176.025
2021-01-08,141.445,113.97500000000001,168.05,140.41,116.925,167.0,140.32,115.95,165.05,140.5,110.0,168.025,141.72,115.97500000000001,172.025,141.725,117.97500000000001,173.025
2021-01-09,138.005,107.95,168.025,138.455,113.85000000000001,163.025,137.8,108.97500000000001,164.07500000000002,136.035,107.975,164.025,136.36,111.975,165.07500000000002,135.72,110.92500000000001,163.07500000000002
2021-01-10,132.475,107.0,156.05,134.92,109.0,162.025,135.055,110.95,160.025,132.45,113.97500000000001,158.05,134.09,110.0,161.07500000000002,134.465,107.95,161.025
2021-01-11,131.56,107.975,158.0,129.8,103.95,157.0,130.99,105.94999999999999,157.07500000000002,130.305,108.97500000000001,155.0,131.125,105.94999999999999,155.10000000000002,131.025,102.975,157.05
2021-01-12,127.425,102.975,160.07500000000002,127.525,98.975,157.025,127.33,102.975,154.025,128.56,101.92500000000001,155.05,127.3,101.0,157.025,126.24,102.0,154.0
2021-01-13,124.085,99.97500000000001,148.025,127.085,103.0,152.07500000000002,124.37,96.925,147.025,125.62,101.95,156.0,125.41,99.0,150.05,124.645,97.95,151.0
2021-01-14,121.665,94.95,150.025,121.51,96.975,151.025,122.935,98.975,149.10000000000002,121.2,96.925,145.12500000000003,121.655,98.95,148.025,122.25,100.975,147.025
2021-01-15,119.09,95.95,141.025,120.65,94.9,147.12500000000003,121.88,94.95,150.0,119.005,93.0,145.025,119.545,93.975,147.0,119.62,98.975,149.10000000000002
2021-01-16,117.37,90.92500000000001,143.05,118.155,95.975,143.0,119.015,94.0,140.025,116.38,92.97500000000001,143.0,118.135,90.0,144.05,118.8,95.975,144.025
2021-01-17,115.83,93.0,141.0,115.39,90.97500000000001,140.0,117.265,94.97500000000001,141.025,114.87,90.0,139.10000000000002,114.945,94.0,139.07500000000002,116.34,95.0,139.025
2021-01-18,112.655,88.0,141.05,114.925,88.95,140.025,112.625,88.975,138.07500000000002,113.17,84.975,140.025,113.775,91.0,135.07500000000002,112.995,90.0,136.025
2021-01-19,111.24,86.95,135.0,111.655,90.97500000000001,135.0,112.29,87.975,141.10000000000002,112.46,85.97500000000001,139.07500000000002,112.44,85.0,139.025,111.675,89.925,138.025
2021-01-20,110.28,88.0,138.05,110.595,85.97500000000001,134.17500000000004,111.385,88.0,134.025,108.46,86.0,130.07500000000002,108.26,85.97500000000001,135.025,109.225,86.0,132.0
2021-01-21,107.75,82.95,131.0,107.56,80.94999999999999,135.025,108.86,85.0,133.025,107.985,78.9,133.025,107.765,86.0,130.10000000000002,107.575,81.95,133.05
2021-01-22,105.78,82.975,133.0,105.925,83.0,130.10000000000002,105.6,81.0,130.0,106.335,79.0,132.025,104.665,83.97500000000001,128.05,105.99,83.97500000000001,132.0
2021-01-23,104.635,83.0,127.0,105.475,82.0,132.05,104.855,79.0,129.0,105.56,81.97500000000001,128.0,104.13,78.97500000000001,131.025,104.83,79.9,131.07500000000002
2021-01-24,104.08,79.0,130.05,104.84,78.97500000000001,135.0,106.205,84.975,129.025,103.865,77.975,131.025,103.43,82.975,131.05,106.045,82.0,131.0
2021-01-25,103.48,79.975,127.0,103.195,82.0,126.0,105.46,84.95,132.0,104.725,77.975,128.025,104.47,75.975,133.0,103.93,75.975,128.0
2021-01-26,104.415,81.0,127.05000000000001,103.725,81.0,127.0,105.57,82.95,131.025,103.75,82.0,128.025,103.815,81.925,126.12500000000003,104.145,81.97500000000001,131.0
2021-01-27,103.605,79.0,128.05,105.355,82.975,131.07500000000002,104.1,80.0,130.0,103.28,76.97500000000001,126.0,103.495,82.925,127.025,103.715,82.975,132.0
2021-01-28,103.09,79.0,130.025,105.025,80.0,133.025,104.345,80.0,130.025,102.95,81.97500000000001,126.07500000000002,102.755,77.925,130.0,105.085,81.97500000000001,129.0
2021-01-29,104.775,80.0,132.0,104.785,80.975,130.0,104.78,78.95,128.025,105.135,82.975,131.0,103.85,80.0,127.0,104.655,79.975,133.025
2021-01-30,105.305,79.975,136.0,105.77,79.0,130.07500000000002,106.32,84.0,131.025,105.125,79.925,133.05,106.04,77.0,129.07500000000002,104.88,79.975,130.025
2021-01-31,106.17,84.925,128.025,108.905,84.925,135.07500000000002,108.38,84.95,132.0,104.995,82.975,133.0,106.495,84.0,131.025,105.915,84.975,136.025
2021-02-01,105.295,78.97500000000001,131.07500000000002,107.17,80.94999999999999,135.025,108.45,85.9,137.025,106.36,80.975,134.025,107.025,83.95,131.025,107.87,83.97500000000001,135.0
2021-02-02,108.595,80.89999999999999,138.05,108.32,85.0,134.05,108.88,80.975,139.10000000000002,108.28,82.975,135.0,108.4,85.97500000000001,133.0,108.605,81.95,134.025
2021-02-03,109.38,79.0,139.025,109.15,82.975,133.0,109.84,82.925,139.0,108.175,82.825,130.025,109.04,81.97500000000001,133.025,109.795,84.0,138.025
2021-02-04,109.98,81.95,139.07500000000002,111.545,86.0,140.10000000000002,111.925,83.0,140.10000000000002,108.895,86.0,135.0,110.815,83.95,136.0,110.375,83.0,138.05
2021-02-05,111.89,83.97500000000001,147.025,111.81,85.92500000000001,139.0,112.965,80.89999999999999,142.025,111.375,85.95,138.025,112.475,82.975,139.025,111.035,82.975,138.0
2021-02-06,111.915,85.95,142.025,114.39,88.975,143.05,113.25,84.95,142.025,111.955,86.975,138.025,113.69,81.95,144.025,112.28,84.925,144.05
2021-02-07,113.945,81.0,146.025,114.645,83.0,145.05,115.13,85.0,146.07500000000002,113.915,85.0,136.025,114.27,86.95,143.05,114.265,84.95,141.0
2021-02-08,116.855,85.97500000000001,151.07500000000002,116.585,91.875,146.025,115.85,85.97500000000001,145.025,115.48,88.975,146.07500000000002,115.02,86.925,150.025,117.33,88.975,148.15000000000003
2021-02-09,115.49,83.0,146.025,118.73,92.0,152.025,119.685,92.0,151.20000000000005,116.745,86.975,148.05,116.875,85.92500000000001,144.0,117.65,90.95,147.07500000000002
2021-02-10,117.125,83.97500000000001,152.025,120.565,91.95,150.05,122.23,87.89999999999999,157.0,118.145,86.975,150.05,119.54,85.97500000000001,151.025,119.85,91.95,154.0
2021-02-11,118.935,87.975,150.05,122.195,88.0,156.025,121.99,90.9,157.10000000000002,120.315,89.925,151.0,121.435,89.0,150.05,123.025,91.975,156.20000000000005
2021-02-12,122.475,86.975,158.0,124.5,95.95,159.025,123.84,92.95,166.0,122.12,90.0,155.07500000000002,121.67,94.0,154.0,124.185,89.0,157.0
2021-02-13,125.2,88.95,157.07500000000002,127.72,93.925,165.05,127.905,96.975,169.025,123.64,86.975,156.025,124.815,89.0,161.15000000000003,125.975,89.975,162.0
2021-02-14,127.58,92.97500000000001,172.025,129.11,99.97500000000001,167.025,127.245,92.0,160.0,125.97,94.97500000000001,158.0,125.955,92.95,163.05,127.21,89.0,163.05
2021-02-15,128.555,94.92500000000001,174.025,129.98,95.975,165.0,131.01,96.975,172.0,126.605,93.875,168.025,128.66,93.95,167.025,129.085,92.97500000000001,167.07500000000002
2021-02-16,131.96,92.95,170.05,133.325,93.975,168.10000000000002,133.655,99.95,169.07500000000002,129.87,95.0,162.025,132.69,100.95,171.10000000000002,130.82,97.97500000000001,175.10000000000002
2021-02-17,134.28,96.0,174.025,136.255,103.97500000000001,170.05,136.185,97.925,173.20000000000005,133.83,96.975,168.10000000000002,134.18,97.95,171.025,133.17,95.95,174.05
2021-02-18,136.82,98.89999999999999,180.05,138.26,104.0,170.10000000000002,138.395,99.0,181.025,136.165,98.89999999999999,173.05,138.22,100.875,172.10000000000002,136.96,99.92500000000001,179.05
2021-02-19,138.33,97.97500000000001,175.025,140.75,106.0,173.0,142.585,105.0,184.10000000000002,137.19,96.925,170.0,139.68,103.97500000000001,184.05,139.715,101.0,185.0
2021-02-20,140.465,98.975,182.05,143.59,107.975,181.0,143.66,104.975,192.025,139.8,99.95,179.07500000000002,141.5,103.92500000000001,183.025,141.69,104.95,189.05
2021-02-21,143.15,96.975,190.0,145.775,110.97500000000001,187.0,145.095,101.97500000000001,195.025,142.41,99.0,182.20000000000005,142.435,99.97500000000001,181.0,145.51,109.0,184.10000000000002
2021-02-22,145.6,99.0,192.05,149.14,109.875,192.05,148.835,104.975,190.025,144.255,102.925,186.07500000000002,144.66,104.975,184.0,147.26,104.925,195.05
2021-02-23,148.34,102.9,196.025,149.99,111.9,192.05,150.4,102.0,196.0,145.355,100.975,185.0,148.16,104.925,185.15000000000003,147.275,104.95,197.07500000000002
2021-02-24,148.56,101.95,199.0,151.51,109.0,193.025,151.795,107.9,205.07500000000002,147.82,103.95,189.17500000000004,149.635,103.95,195.15000000000003,150.63,103.97500000000001,203.05
2021-02-25,150.32,99.97500000000001,204.0,151.41,104.9,193.20000000000005,155.81,111.95,208.025,149.995,109.95,195.0,150.875,103.92500000000001,194.025,152.36,113.825,195.025
2021-02-26,153.335,109.975,209.0,156.825,112.94999999999999,207.0,154.985,106.95,198.17500000000004,151.255,107.975,195.05,152.685,107.95,197.05,154.35,109.925,196.05
2021-02-27,153.16,102.0,199.05,156.52,106.97500000000001,200.07500000000002,157.31,106.92500000000001,206.07500000000002,155.055,106.875,206.15000000000003,154.07,108.0,198.05,154.825,109.95,203.05
2021-02-28,156.23,109.825,215.025,159.17,114.925,208.15000000000003,158.525,103.97500000000001,214.12500000000003,156.145,110.0,203.0,156.675,108.0,204.10000000000002,158.68,111.0,209.025
2021-03-01,157.17,111.975,208.20000000000005,161.125,114.975,213.025,160.1,112.89999999999999,215.07500000000002,156.975,110.9,201.07500000000002,156.7,112.0,207.0,160.735,117.97500000000001,207.15000000000003
2021-03-02,158.645,106.0,217.025,162.985,120.925,210.025,162.885,113.97500000000001,220.10000000000002,158.24,106.97500000000001,209.0,160.535,105.94999999999999,215.05,161.33,106.97500000000001,213.10000000000002
2021-03-03,160.955,106.92500000000001,215.025,165.29,122.0,213.05,165.88,119.875,219.12500000000003,160.605,101.95,226.025,161.07,109.975,218.0,162.745,109.925,220.0
2021-03-04,162.985,110.95,221.025,168.635,116.925,225.025,168.505,118.0,224.12500000000003,164.565,115.92500000000001,214.12500000000003,164.495,113.85000000000001,215.05,165.77,111.975,222.05
2021-03-05,165.59,113.925,225.0,170.41,121.94999999999999,223.05,170.12,112.94999999999999,228.10000000000002,164.875,114.975,218.07500000000002,166.735,114.975,223.10000000000002,167.29,112.89999999999999,218.0
2021-03-06,167.34,109.0,226.10000000000002,172.54,126.95,228.025,173.06,113.95,234.025,165.85,116.9,209.025,169.985,113.875,226.05,172.265,118.975,234.05
2021-03-07,171.325,110.9,234.0,173.4,120.975,232.025,175.095,116.95,237.15000000000003,170.195,115.0,234.0,172.6,116.975,231.05,173.2,120.975,224.0
2021-03-08,175.415,110.97500000000001,239.15000000000003,177.705,126.0,224.17500000000004,176.64,116.975,239.07500000000002,172.365,120.80000000000001,231.025,174.895,117.92500000000001,238.10000000000002,176.72,121.975,237.27500000000006
2021-03-09,175.13,112.85,235.0,180.87,126.97500000000001,237.05,180.51,120.9,247.07500000000002,176.13,118.0,233.20000000000005,177.14,118.0,236.15000000000003,180.06,117.92500000000001,246.37500000000009
2021-03-10,180.885,118.0,245.025,184.815,130.925,240.025,184.835,122.92500000000001,247.10000000000002,178.505,117.0,226.07500000000002,179.355,123.975,247.05,181.63,120.975,250.07500000000002
2021-03-11,182.06,121.0,248.05,186.275,134.0,239.07500000000002,186.26,126.87500000000001,242.05,180.035,124.97500000000001,241.05,184.375,122.97500000000001,252.025,183.92,120.95,250.10000000000002
2021-03-12,187.675,120.875,256.0,190.845,132.0,250.07500000000002,190.345,123.975,255.07500000000002,183.595,123.0,255.0,187.28,122.97500000000001,265.05000000000007,188.05,127.9,251.25000000000006
2021-03-13,189.64,123.0,259.07500000000005,192.81,138.0,256.05,195.845,128.95,259.025,188.765,122.92500000000001,254.05,189.46,127.975,261.0,192.57,126.95,265.1
2021-03-14,192.15,125.825,265.05000000000007,199.67,143.0,265.05000000000007,197.15,134.97500000000002,257.225,192.235,128.9,254.025,195.375,124.92500000000001,260.20000000000005,195.655,124.9,280.17500000000007
2021-03-15,197.81,125.0,279.075,201.165,139.0,268.17500000000007,202.545,140.0,282.025,195.275,124.0,265.0,198.035,128.92499999999998,270.15000000000003,198.585,123.95,268.125
2021-03-16,202.035,122.97500000000001,278.125,207.27,136.9,275.225,204.72,137.975,287.025,196.98,125.95,270.025,200.475,137.0,274.15000000000003,203.405,123.975,293.17500000000007
2021-03-17,204.69,127.975,288.025,210.555,144.97500000000002,296.07500000000005,211.07,133.0,293.2750000000001,200.725,127.975,275.075,207.78,135.925,285.12500000000006,206.785,134.0,283.025
2021-03-18,208.935,119.94999999999999,292.30000000000007,214.44,148.95000000000002,286.15000000000003,215.445,149.70000000000002,287.125,207.64,127.95,288.17500000000007,211.96,136.9,280.025,212.565,138.89999999999998,301.02500000000003
2021-03-19,215.475,129.975,309.0,219.4,144.97500000000002,295.025,217.65,140.975,287.1,211.625,129.725,285.02500000000003,213.82,142.9,298.20000000000005,216.405,134.97500000000002,306.025
2021-03-20,216.865,136.95,309.30000000000007,224.31,153.95000000000002,301.02500000000003,220.775,136.925,309.05000000000007,215.485,131.0,290.025,220.175,147.0,307.125,222.645,130.975,313.30000000000007
2021-03-21,223.73,143.87500000000003,311.075,228.875,154.0,307.30000000000007,226.52,140.975,315.025,219.295,132.0,299.30000000000007,221.27,150.975,301.07500000000005,224.65,141.725,323.075
2021-03-22,227.52,131.0,324.05,235.255,165.92499999999998,329.05000000000007,231.18,142.79999999999998,323.04999999999995,227.08,141.975,300.025,226.85,143.97500000000002,313.02500000000003,231.905,147.0,318.025
2021-03-23,233.005,144.9,338.20000000000005,239.41,161.0,331.0,238.52,156.75,335.225,230.765,139.85000000000002,311.04999999999995,232.795,144.925,318.2750000000001,235.08,142.9,332.025
2021-03-24,238.03,136.9,337.2750000000001,244.91,170.875,338.025,243.495,152.89999999999998,339.04999999999995,235.625,144.97500000000002,328.15000000000003,237.74,151.85,330.125,240.585,148.97500000000002,342.25000000000006
2021-03-25,242.12,145.975,348.0,250.55,167.975,337.0,247.76,149.875,341.4000000000001,242.375,147.89999999999998,334.15000000000003,243.625,149.95000000000002,355.075,246.115,155.975,352.1
2021-03-26,248.01,142.975,361.07500000000005,256.095,163.0,350.025,256.45,158.925,362.025,245.395,151.9,335.0,251.03,162.57500000000002,356.025,251.045,152.89999999999998,362.17500000000007
2021-03-27,254.635,145.925,363.45000000000005,263.19,173.9,365.0,261.995,163.775,374.2750000000001,254.34,155.925,340.225,255.645,161.65,356.60000000000014,258.3,154.925,370.17500000000007
2021-03-28,261.995,154.95000000000002,376.3750000000001,270.125,168.95,368.05,267.47,159.975,377.07500000000005,256.32,150.825,351.125,261.085,159.8,374.025,264.055,150.0,379.20000000000005
2021-03-29,267.495,151.92499999999998,401.12500000000006,274.46,182.85,382.025,274.86,162.95000000000002,388.17500000000007,264.18,151.95,369.20000000000005,270.135,176.925,375.6250000000001,271.91,162.925,398.20000000000005
2021-03-30,273.34,152.975,396.3500000000001,279.465,177.85,400.20000000000005,282.805,168.55,388.025,269.925,164.825,385.20000000000005,276.735,171.0,396.07500000000005,276.21,164.975,400.025
2021-03-31,280.465,166.97500000000002,410.2750000000001,288.75,183.975,415.30000000000007,288.21,173.725,413.12500000000006,276.985,162.875,381.07500000000005,283.515,183.9,424.1,281.675,175.825,419.025
2021-04-01,286.585,163.85,419.25,291.5,183.95,412.20000000000005,295.195,163.975,429.05000000000007,279.605,158.9,388.30000000000007,290.215,178.925,416.1,287.165,169.975,427.04999999999995
2021-04-02,293.725,162.875,435.125,296.09,185.97500000000002,408.32500000000005,302.895,184.67499999999998,434.15000000000003,285.24,165.975,401.12500000000006,296.465,186.82500000000002,423.35,294.39,171.97500000000002,433.2250000000001
2021-04-03,299.855,171.9,432.25000000000006,300.515,191.775,414.0,309.06,185.85000000000002,436.72500000000014,285.175,165.975,398.4000000000001,304.67,185.875,445.07500000000005,297.865,171.85000000000002,442.07500000000005
2021-04-04,307.955,172.975,448.20000000000005,302.655,198.0,421.20000000000005,315.045,182.975,446.025,291.61,174.75,412.5000000000001,309.53,198.675,440.20000000000005,299.66,172.72500000000002,436.2750000000001
2021-04-05,314.39,174.92499999999998,462.225,303.86,195.0,440.1,322.17,185.70000000000002,483.42500000000007,295.42,166.85000000000002,418.125,313.99,191.9,452.5000000000001,301.105,176.65,439.4000000000001
2021-04-06,317.0,165.95,459.125,308.415,194.875,431.1,328.435,198.675,475.0,293.85,166.925,417.2500000000001,321.88,195.975,476.225,302.72,160.95,451.15
2021-04-07,322.445,176.95000000000002,480.25000000000006,306.895,202.625,441.12500000000006,332.935,201.4,474.07500000000005,295.595,168.0,422.15000000000003,328.265,186.875,484.20000000000005,302.16,163.82500000000002,443.025
2021-04-08,327.75,181.95000000000002,492.17500000000007,307.975,195.975,442.025,336.915,192.525,490.1,292.81,162.9,427.42500000000007,332.955,188.65,486.05,305.56,180.775,442.225
2021-04-09,329.53,177.85,464.025,303.655,193.75,436.17500000000007,339.705,197.75,486.17500000000007,294.25,163.975,412.15000000000003,338.855,215.95,507.225,301.785,175.825,447.30000000000007
2021-04-10,332.785,184.75,490.05,304.505,193.975,432.15000000000003,341.495,188.95,491.25,292.28,166.97500000000002,419.37500000000006,344.265,208.9,520.1,297.08,166.97500000000002,433.17500000000007
2021-04-11,334.515,171.925,486.17500000000007,301.88,192.0,437.05000000000007,343.205,191.975,506.07500000000005,286.965,157.8,415.25,351.155,211.92499999999998,515.225,296.54,164.975,440.0
2021-04-12,336.45,190.0,494.07500000000005,298.475,192.9,427.225,342.235,186.925,503.175,286.095,156.92499999999998,409.20000000000005,355.16,203.9,517.0500000000001,293.13,170.95,437.05000000000007
2021-04-13,334.49,180.97500000000002,520.05,296.31,176.95000000000002,420.025,346.84,199.875,517.0500000000001,283.12,158.975,400.1,359.895,214.775,518.325,291.675,173.875,447.125
2021-04-14,336.675,182.0,513.1500000000001,292.085,182.975,413.02500000000003,345.11,181.975,511.20000000000005,278.645,158.70000000000002,407.5250000000001,368.745,211.95,533.2500000000001,286.91,163.85,421.05000000000007
2021-04-15,336.59,184.825,505.35000000000014,286.855,174.85,420.20000000000005,344.42,179.85,508.3500000000001,275.42,152.75,402.07500000000005,372.94,222.975,543.2750000000001,281.905,154.975,422.07500000000005
2021-04-16,333.7,182.85,495.35,282.915,173.925,393.6750000000002,343.35,198.925,517.0500000000001,274.0,144.875,391.125,379.92,221.97500000000002,543.5250000000001,280.465,153.97500000000002,416.30000000000007
2021-04-17,331.835,174.825,497.2500000000001,281.13,173.875,395.1,342.355,179.89999999999998,495.025,269.505,144.85000000000002,389.05000000000007,385.755,226.65,581.075,273.475,138.92499999999998,405.30000000000007
2021-04-18,329.745,174.875,499.0,274.11,171.82500000000002,397.07500000000005,337.45,179.79999999999998,493.02500000000003,263.65,141.875,388.125,392.655,233.75,597.075,269.96,149.975,407.0
2021-04-19,325.475,174.9,486.025,270.045,175.825,406.2750000000001,339.375,196.70000000000002,486.225,262.425,134.97500000000002,389.2250000000001,398.245,238.92499999999998,586.075,263.33,148.9,396.025
2021-04-20,323.195,177.875,476.05,263.91,159.875,394.025,329.86,187.95,483.125,259.375,151.8,374.05,405.01,228.925,616.125,258.2,146.875,397.20000000000005
2021-04-21,321.075,159.875,485.07500000000005,257.56,153.95000000000002,373.05000000000007,329.845,177.95,486.1,254.98,128.92499999999998,367.1,410.37,245.55,598.025,254.27,139.0,384.125
2021-04-22,315.22,155.975,467.15,253.3,155.0,372.1,323.09,165.92499999999998,474.65000000000015,253.86,130.925,364.1,418.495,239.975,623.175,248.165,135.85000000000002,380.025
2021-04-23,313.475,171.85000000000002,466.20000000000005,248.28,146.975,360.05,318.72,171.675,468.225,251.215,133.85,369.12500000000006,422.8,243.85,614.6500000000001,245.52,139.85000000000002,369.07500000000005
2021-04-24,307.08,155.825,471.1,244.345,144.82500000000002,349.2250000000001,314.64,171.82500000000002,473.05000000000007,251.43,137.95,364.3500000000001,427.035,239.95,637.0500000000001,238.91,131.925,376.07500000000005
2021-04-25,304.145,152.85,447.60000000000014,238.735,140.75,354.125,309.0,171.9,456.025,247.03,138.45,372.025,438.8,234.89999999999998,641.325,232.83,117.775,345.0
2021-04-26,299.405,154.975,446.1,234.96,139.95000000000002,344.0,302.77,164.525,438.07500000000005,244.29,122.92500000000001,361.12500000000006,445.105,255.45000000000002,652.5500000000002,225.64,124.85000000000001,336.125
2021-04-27,293.315,141.95,440.20000000000005,229.845,136.875,342.025,297.16,160.8,439.0,246.24,128.825,366.025,446.84,261.225,665.5500000000002,220.96,117.0,331.125
2021-04-28,292.85,161.525,467.04999999999995,225.535,134.95000000000002,345.1500000000001,288.17,157.97500000000002,442.30000000000007,240.92,120.925,351.04999999999995,455.0,267.65,666.2500000000001,216.245,122.7,319.025
2021-04-29,290.62,136.0,452.0,219.34,128.975,317.0,286.15,154.95000000000002,422.225,241.62,129.775,356.05,458.07,259.95,671.375,208.79,112.875,307.42500000000007
2021-04-30,284.29,140.0,430.20000000000005,217.71,126.0,328.025,275.965,138.775,413.1500000000001,239.685,121.975,336.07500000000005,461.655,269.90000000000003,666.2,203.705,110.95,307.075
2021-05-01,280.87,152.375,428.225,216.41,126.97500000000001,326.025,271.63,148.72500000000002,414.17500000000007,240.855,123.875,349.07500000000005,469.08,262.65,681.3500000000001,197.375,104.0,300.15000000000003
2021-05-02,276.66,140.875,418.125,210.94,125.925,316.125,265.435,150.775,400.0,239.44,114.925,352.32500000000005,471.37,274.77500000000003,703.2750000000001,190.95,101.92500000000001,310.07500000000005
2021-05-03,276.89,139.0,421.07500000000005,208.56,122.92500000000001,311.175,258.85,149.50000000000003,369.35000000000014,240.545,111.975,366.15000000000003,474.81,279.62500000000006,692.3000000000001,185.915,87.0,287.125
2021-05-04,271.285,142.65,416.225,207.64,112.94999999999999,308.0,251.725,142.79999999999998,385.1,238.495,119.875,356.2750000000001,478.93,273.8,684.075,181.755,97.0,280.1
2021-05-05,269.66,139.70000000000002,408.0,205.1,120.975,301.20000000000005,248.435,140.85,373.05000000000007,236.085,109.925,364.05,481.485,280.625,697.5000000000001,174.89,96.89999999999999,264.20000000000005
2021-05-06,267.24,132.9,405.17500000000007,203.73,116.975,300.17500000000007,244.01,135.75,357.0,239.665,117.87500000000001,363.15,483.0,296.55,707.1,169.165,83.92500000000001,253.15000000000003
2021-05-07,265.105,129.82500000000002,402.0,199.25,113.97500000000001,300.07500000000005,236.595,124.9,345.05000000000007,240.01,126.70000000000002,351.025,484.975,278.825,707.325,163.01,86.875,244.025
2021-05-08,261.82,130.9,406.1,198.73,112.0,302.0,233.45,117.97500000000001,346.0,240.61,118.975,356.125,485.41,294.85,704.1500000000001,158.88,86.975,241.17500000000004
2021-05-09,258.52,127.825,388.3500000000001,196.925,103.95,298.25000000000006,228.045,120.875,336.07500000000005,240.03,110.0,359.0,485.51,288.675,698.0250000000001,155.75,84.925,246.0
2021-05-10,258.34,114.975,402.3500000000001,195.375,106.875,296.125,226.08,118.775,348.15000000000003,240.495,112.975,368.05,487.54,277.72499999999997,701.6000000000001,147.315,71.9,230.025
2021-05-11,257.135,125.0,385.57500000000016,193.0,106.97500000000001,296.05,220.615,113.9,333.0,242.365,107.975,356.125,487.775,285.97499999999997,705.7500000000002,143.995,77.95,222.15000000000003
2021-05-12,255.87,124.875,400.2750000000001,192.91,111.925,285.20000000000005,217.77,110.95,325.02500000000003,242.975,106.0,367.0,492.335,284.50000000000006,722.2,139.66,70.875,217.05
2021-05-13,257.06,118.0,389.02500000000003,193.285,107.95,285.05000000000007,215.09,102.925,309.1,243.47,117.95,375.075,489.835,280.97499999999997,683.025,133.475,66.925,203.0
2021-05-14,256.42,124.97500000000001,381.20000000000005,191.77,111.7,293.0,210.75,105.775,314.1,243.01,108.97500000000001,366.42500000000007,491.56,265.95,719.125,129.06,65.925,200.35000000000008
2021-05-15,253.545,127.85000000000001,385.2500000000001,192.235,99.0,290.1,207.96,111.85000000000001,307.04999999999995,245.525,111.925,361.05000000000007,488.11,288.675,695.05,123.835,66.975,191.07500000000002
2021-05-16,252.86,120.9,403.025,192.29,92.9,294.05,206.49,101.87500000000001,302.0,245.79,110.97500000000001,373.30000000000007,483.845,272.9,679.175,118.93,61.9,182.25000000000006
2021-05-17,249.445,117.95,402.025,189.575,99.0,282.1,202.98,102.9,303.025,244.245,111.925,375.075,481.375,278.725,667.325,114.885,55.95,182.12500000000003
2021-05-18,248.025,115.875,394.4000000000001,186.975,101.0,285.2250000000001,199.135,98.89999999999999,305.2500000000001,245.82,116.775,376.025,476.3,257.575,667.2750000000001,108.93,51.0,168.12500000000003
2021-05-19,245.71,113.925,378.05,189.055,102.9,283.1,197.305,99.9,292.025,244.42,107.95,376.20000000000005,472.655,281.875,673.1,104.29,54.925,164.17500000000004
2021-05-20,247.01,103.0,384.025,188.17,96.0,278.125,192.49,91.95,288.025,247.195,113.9,381.1500000000001,466.33,278.825,646.15,100.12,48.975,157.025
2021-05-21,243.1,108.95,377.12500000000006,187.47,99.97500000000001,294.17500000000007,190.43,98.975,290.05,246.66,108.95,376.05,461.92,275.625,638.025,96.505,46.9,151.025
2021-05-22,242.505,103.9,373.07500000000005,185.325,94.9,291.0,190.105,85.92500000000001,288.025,247.255,106.92500000000001,370.025,456.5,277.55,653.0500000000001,92.76,47.95,145.05
2021-05-23,242.11,108.95,369.12500000000006,188.12,105.975,297.07500000000005,188.355,90.0,284.15000000000003,243.95,99.95,360.57500000000016,451.09,265.55,617.1500000000001,88.7,44.925,150.05
2021-05-24,239.325,115.67500000000001,359.20000000000005,187.705,102.9,294.025,185.635,86.85000000000001,280.025,245.29,110.95,377.30000000000007,445.585,256.925,632.05,84.135,38.0,127.20000000000005
2021-05-25,238.555,108.95,370.125,187.95,99.95,285.1500000000001,185.54,91.0,280.0,245.805,114.89999999999999,392.025,440.615,262.925,606.025,79.8,42.975,125.10000000000002
2021-05-26,237.855,103.67500000000001,367.025,188.045,100.72500000000001,286.0,183.71,81.825,272.05,244.415,109.975,378.20000000000005,433.23,253.47500000000002,592.3500000000001,75.37,35.0,123.07500000000002
2021-05-27,236.13,102.95,356.025,188.63,102.75,289.1,184.025,92.9,280.32500000000005,244.955,110.97500000000001,377.05000000000007,427.495,255.675,591.05,72.33,35.975,115.025
2021-05-28,235.55,103.82500000000002,367.42500000000007,187.39,96.89999999999999,284.2750000000001,178.58,85.85000000000001,280.05,245.685,109.95,375.1,423.03,265.8,583.15,69.94,32.95,109.10000000000002
2021-05-29,235.125,104.0,365.07500000000005,189.795,90.92500000000001,303.15,179.965,85.80000000000001,279.20000000000005,244.905,103.97500000000001,369.2500000000001,416.98,247.32500000000002,569.125,65.645,31.900000000000002,111.0
2021-05-30,234.83,107.9,369.05000000000007,189.58,94.97500000000001,300.15000000000003,178.56,80.94999999999999,280.07500000000005,244.265,104.95,381.12500000000006,407.055,232.525,561.1,64.435,30.95,102.025
2021-05-31,234.285,111.67500000000001,358.225,189.02,96.825,292.125,178.845,82.0,266.07500000000005,245.18,108.9,377.02500000000003,399.455,238.875,550.0,60.655,25.0,98.07500000000002
2021-06-01,235.5,98.975,359.20000000000005,189.515,93.825,293.12500000000006,176.98,84.95,273.02500000000003,244.145,107.975,379.04999999999995,396.215,245.27500000000003,538.0250000000001,58.505,28.925000000000004,94.0
2021-06-02,232.665,101.9,352.17500000000007,190.7,99.0,308.0,178.345,78.92500000000001,277.05000000000007,245.895,106.9,362.70000000000016,389.875,245.27500000000003,527.375,55.275,25.0,84.05000000000001
2021-06-03,230.295,102.875,342.30000000000007,190.435,89.94999999999999,301.02500000000003,177.235,82.925,278.25000000000006,246.445,102.975,386.17500000000007,382.87,242.725,518.2,53.895,21.974999999999998,92.0
2021-06-04,231.245,112.85,356.1,190.495,95.875,294.05,176.47,83.97500000000001,262.0,244.54,107.875,385.1,376.415,224.825,509.2500000000001,51.045,22.975,84.0
2021-06-05,229.225,108.775,350.15000000000003,189.845,94.85000000000001,296.0,175.645,80.875,267.025,242.62,106.97500000000001,362.05,367.695,226.9,497.02500000000003,49.185,21.925,75.12500000000003
2021-06-06,228.515,109.67500000000001,353.1500000000001,192.165,92.92500000000001,296.3500000000001,176.005,84.95,277.0,243.215,101.92500000000001,363.125,365.385,224.975,489.12500000000006,46.115,21.925,78.025
2021-06-07,226.51,97.775,349.2250000000001,192.815,94.97500000000001,305.0,176.255,72.95,273.05000000000007,242.83,107.72500000000001,364.125,354.765,206.975,481.05000000000007,44.34,17.975,76.0
2021-06-08,225.26,86.975,348.125,194.755,92.95,298.125,175.265,79.95,272.1,244.65,109.7,374.05,350.135,219.825,467.20000000000005,42.19,17.975,72.025
2021-06-09,225.0,94.775,346.15000000000003,194.61,95.925,297.1,173.5,80.7,263.125,241.655,98.975,357.0,339.235,201.55,453.0,40.39,17.0,69.025
2021-06-10,225.015,91.925,343.075,192.565,94.85000000000001,304.1,174.96,78.0,266.0,242.77,93.925,371.075,334.225,199.975,439.4000000000001,38.21,16.975,60.025000000000006
2021-06-11,224.54,89.94999999999999,344.07500000000005,195.335,92.72500000000001,298.4000000000001,175.525,80.94999999999999,283.025,240.925,101.80000000000001,366.32500000000005,328.475,209.75,437.02500000000003,37.295,15.0,62.150000000000034
2021-06-12,221.66,94.92500000000001,330.125,195.225,95.95,307.0,174.49,76.97500000000001,268.025,239.33,98.975,362.05,321.12,189.9,433.1,34.63,13.975000000000001,61.025000000000006
2021-06-13,220.315,94.97500000000001,329.2250000000001,193.795,84.875,301.02500000000003,176.03,76.875,274.1,237.855,99.92500000000001,360.5500000000001,311.97,184.725,413.12500000000006,34.095,14.0,57.05000000000001
2021-06-14,220.025,92.70000000000002,331.0,195.89,91.9,297.2250000000001,173.935,71.95,263.125,237.285,98.925,355.175,304.245,194.97500000000002,398.17500000000007,31.925,10.975,56.10000000000002
2021-06-15,218.875,95.95,333.20000000000005,196.155,89.975,303.15,175.22,75.975,277.02500000000003,237.045,100.975,351.025,297.015,182.9,396.05,30.645,12.0,52.07500000000002
2021-06-16,216.295,99.85000000000001,325.20000000000005,195.885,92.97500000000001,301.1,174.41,75.95,267.04999999999995,233.5,97.925,340.125,290.395,189.72500000000002,393.07500000000005,29.725,12.975000000000001,52.05000000000001
2021-06-17,215.3,101.95,323.15,194.86,95.975,306.125,173.06,71.9,267.04999999999995,231.8,99.92500000000001,349.02500000000003,283.08,168.8,374.2750000000001,27.685,10.0,48.025000000000006
2021-06-18,213.685,89.925,325.12500000000006,194.465,88.9,302.15000000000003,173.065,69.97500000000001,262.0,230.53,94.95,342.025,279.105,176.925,360.05,26.505,8.950000000000003,46.10000000000002
2021-06-19,212.84,88.925,327.15,195.015,89.975,304.025,171.17,70.0,265.05000000000007,229.84,87.85,334.025,272.6,176.75,360.0,25.675,10.0,45.0
2021-06-20,211.21,87.0,315.025,195.895,99.97500000000001,291.27500000000003,173.67,69.9,262.15000000000003,229.07,88.9,344.0,265.095,160.9,360.15000000000003,24.465,8.975000000000001,42.025000000000006
2021-06-21,210.945,89.0,320.07500000000005,195.82,94.70000000000002,299.04999999999995,173.36,73.94999999999999,266.1,227.195,93.95,329.07500000000005,258.91,159.95,336.17500000000007,22.645,9.950000000000001,39.12500000000003
2021-06-22,207.04,94.72500000000001,313.1,194.385,89.925,306.07500000000005,171.655,71.87500000000001,267.025,224.295,87.975,336.1,251.285,167.85000000000002,327.075,21.625,7.0,40.0
2021-06-23,206.095,93.75,315.1,194.635,88.9,300.0,171.155,77.8,260.05,223.27,91.85,331.075,245.665,152.92499999999998,319.175,21.34,6.0,39.025000000000006
2021-06-24,203.825,83.85000000000001,307.225,192.95,85.95,307.0,170.265,76.97500000000001,254.07500000000002,220.395,83.875,338.05,239.56,150.925,320.1,19.945,7.0,36.0
2021-06-25,200.13,87.0,301.05000000000007,193.145,89.94999999999999,304.0,169.11,73.875,260.025,217.48,82.975,327.04999999999995,231.87,142.975,307.025,19.025,6.0,36.07500000000002
2021-06-26,198.0,76.9,296.025,190.375,90.875,295.175,166.61,73.85,252.12500000000003,212.815,85.85000000000001,313.1500000000001,223.405,147.7,299.125,18.105,6.950000000000001,31.025000000000006
2021-06-27,193.935,85.95,291.0,188.01,91.0,282.0,166.545,66.975,250.10000000000002,208.6,80.875,300.1,215.25,141.8,280.20000000000005,16.925,4.9750000000000005,31.025000000000006
2021-06-28,191.675,80.89999999999999,282.17500000000007,185.74,88.925,281.20000000000005,162.86,64.975,247.0,204.29,85.80000000000001,299.075,209.855,146.725,275.025,16.14,6.0,31.0
2021-06-29,186.61,78.775,278.15000000000003,184.845,87.77499999999999,279.075,161.34,63.95,241.0,202.485,82.975,294.07500000000005,200.505,135.0,268.05,15.19,5.0,29.025000000000006
2021-06-30,183.17,78.75000000000001,266.0,182.755,77.925,280.0,159.49,64.9,239.12500000000003,195.7,85.9,286.125,194.28,133.7,255.07500000000002,14.26,4.0,26.075000000000017
2021-07-01,180.455,77.925,266.225,178.185,80.975,262.025,155.83,66.89999999999999,235.17500000000004,193.345,79.775,278.15000000000003,184.98,120.875,241.12500000000003,13.615,4.0,25.0
2021-07-02,175.655,71.80000000000001,255.27500000000006,175.925,81.97500000000001,278.05,154.24,61.9,239.05,188.985,81.85000000000001,276.025,180.86,112.8,242.025,12.96,4.0,26.05000000000001
2021-07-03,171.39,75.7,255.025,173.71,85.825,274.05,152.29,58.95,231.05,185.375,77.0,261.15000000000003,172.69,106.92500000000001,224.0,12.5,3.9750000000000005,24.025000000000006
2021-07-04,167.605,74.92500000000001,247.025,170.725,83.85000000000001,256.025,149.71,56.975,242.0,182.37,69.0,264.025,165.91,113.925,226.025,11.45,3.0,23.025000000000006
2021-07-05,163.565,63.95,240.025,166.815,75.85,260.25000000000006,148.18,59.949999999999996,228.17500000000004,176.91,70.975,257.15000000000003,159.535,101.70000000000002,211.025,10.815,3.0,20.025000000000006
2021-07-06,158.42,65.925,230.0,162.29,78.97500000000001,247.20000000000005,144.14,53.0,219.10000000000002,170.305,59.974999999999994,241.025,152.345,103.97500000000001,203.07500000000002,10.48,3.0,20.0
2021-07-07,154.705,67.95,231.025,159.155,79.975,255.15000000000003,139.31,58.975,210.025,164.715,67.97500000000001,240.05,144.8,88.925,197.05,9.8,2.0,20.025000000000006
2021-07-08,149.075,61.975,226.025,154.62,68.9,233.05,135.335,54.95,202.025,159.32,63.925000000000004,236.0,138.305,87.85,185.025,9.405,2.0,20.0
2021-07-09,142.63,62.95,210.12500000000003,151.62,66.975,232.025,130.73,51.975,200.025,154.06,63.95,226.05,131.57,84.85,179.10000000000002,8.6,2.0,17.0
2021-07-10,137.215,59.974999999999994,200.025,147.445,67.9,224.12500000000003,127.345,53.9,190.025,149.75,63.95,215.10000000000002,125.445,77.925,169.07500000000002,8.225,1.0,16.025000000000006
2021-07-11,133.82,51.0,194.07500000000002,139.67,62.0,208.15000000000003,123.425,49.925000000000004,199.025,143.33,59.949999999999996,208.20000000000005,119.04,74.92500000000001,160.07500000000002,7.585,1.0,16.0
2021-07-12,127.32,54.875,193.025,135.42,61.925,211.10000000000002,119.98,51.95,185.0,135.97,57.900000000000006,204.07500000000002,112.375,71.95,156.05,7.155,1.0,15.0
2021-07-13,123.125,55.975,180.025,131.42,62.85,198.025,114.97,47.0,175.05,129.645,55.0,188.05,105.92,65.97500000000001,144.025,6.71,1.0,13.075000000000017
2021-07-14,116.82,52.9,170.0,125.725,58.800000000000004,192.025,110.56,44.825,169.025,124.16,45.975,175.12500000000003,100.065,63.95,132.07500000000002,6.405,1.0,13.0
2021-07-15,111.405,49.87500000000001,175.0,122.37,59.949999999999996,190.025,105.755,41.95,161.20000000000005,116.49,50.0,171.025,95.02,60.0,129.025,6.04,1.0,13.0
2021-07-16,104.77,44.949999999999996,155.025,114.985,51.900000000000006,172.05,100.3,42.825,154.10000000000002,113.46,47.975,161.0,89.525,54.95,122.025,5.645,0.9750000000000005,12.0
2021-07-17,100.39,35.975,146.025,110.42,48.95,168.07500000000002,96.185,38.925,148.07500000000002,106.62,43.974999999999994,153.025,83.84,50.975,117.05000000000001,5.49,1.0,12.0
2021-07-18,95.07,36.974999999999994,139.025,104.665,47.975,152.05,91.665,32.95,147.0,100.245,44.974999999999994,145.05,78.665,47.875,112.05000000000001,5.24,1.0,11.025000000000006
2021-07-19,89.26,34.975,132.07500000000002,99.035,42.95,156.025,85.68,35.975,133.05,96.06,37.95,141.07500000000002,74.555,44.974999999999994,107.0,5.415,1.0,12.0
2021-07-20,86.24,34.0,129.12500000000003,93.345,43.974999999999994,144.025,82.805,33.0,131.025,90.615,34.0,138.025,68.9,43.9,97.025,4.54,0.0,10.0
2021-07-21,80.22,33.95,120.025,89.365,41.95,146.05,78.88,28.975,119.20000000000005,85.79,32.975,131.0,63.195,37.0,89.0,4.08,0.0,9.0
2021-07-22,75.615,33.0,116.05000000000001,82.805,35.82500000000001,130.07500000000002,74.52,32.875,117.0,81.32,30.975,121.0,59.44,35.95,86.025,3.765,0.0,9.025000000000006
2021-07-23,71.22,32.800000000000004,109.025,79.41,36.949999999999996,124.0,70.08,29.95,109.025,75.9,35.95,109.07500000000002,55.455,31.950000000000003,80.0,3.535,0.0,9.0
2021-07-24,67.135,28.975,104.025,74.38,32.95,115.17500000000004,66.92,27.0,106.025,71.49,31.950000000000003,107.07500000000002,53.19,32.0,78.0,3.46,0.0,8.025000000000006
2021-07-25,62.04,23.975,93.025,70.53,32.975,106.07500000000002,62.135,23.950000000000003,98.0,67.31,27.0,103.025,49.02,29.974999999999998,72.025,3.27,0.0,8.0
2021-07-26,59.215,23.950000000000003,93.05000000000001,65.895,33.925000000000004,103.0,58.405,24.0,91.025,61.4,25.975,92.025,44.48,22.95,67.025,3.085,0.0,8.0
2021-07-27,54.765,21.974999999999998,82.07500000000002,61.965,24.975,97.0,54.725,23.975,85.05000000000001,59.325,25.0,88.10000000000002,42.22,26.0,63.025000000000006,2.705,0.0,7.025000000000006
2021-07-28,51.05,19.975,78.0,58.675,24.950000000000003,91.10000000000002,51.79,19.0,84.025,54.805,24.0,79.05000000000001,39.31,21.0,59.025000000000006,2.385,0.0,7.0
2021-07-29,47.985,17.0,74.0,54.85,23.950000000000003,88.0,47.53,21.925,79.0,50.785,24.0,78.025,35.5,20.0,55.025000000000006,2.61,0.0,7.0
2021-07-30,45.315,18.0,73.025,51.26,20.0,80.0,45.405,16.975,72.025,47.83,17.0,73.025,33.875,19.0,52.025000000000006,2.315,0.0,7.0
2021-07-31,42.53,19.0,67.025,48.29,20.975,77.05000000000001,41.695,14.0,65.025,44.175,19.0,69.0,30.485,17.0,48.0,2.315,0.0,7.025000000000006
2021-08-01,39.29,14.975,61.07500000000002,44.185,19.950000000000003,71.025,39.725,13.950000000000001,63.025000000000006,41.92,15.975000000000001,63.025000000000006,29.295,15.0,46.025000000000006,2.03,0.0,6.0
2021-08-02,36.735,13.950000000000001,61.0,41.68,17.975,71.025,37.915,12.975000000000001,62.07500000000002,38.35,18.0,59.0,26.725,13.975000000000001,39.025000000000006,1.945,0.0,6.0
2021-08-03,34.2,15.0,56.025000000000006,38.885,16.0,62.0,35.245,13.975000000000001,55.025000000000006,35.895,14.975,54.07500000000002,24.91,12.0,41.025000000000006,1.765,0.0,6.0
2021-08-04,31.305,11.0,53.025000000000006,36.625,16.0,58.025000000000006,32.395,13.0,54.025000000000006,33.335,13.975000000000001,50.025000000000006,22.52,12.0,36.0,1.635,0.0,5.0
2021-08-05,29.23,11.0,47.025000000000006,33.98,13.975000000000001,58.05000000000001,30.15,10.975,51.05000000000001,31.345,13.975000000000001,49.025000000000006,20.85,9.0,33.0,1.765,0.0,6.0
2021-08-06,27.745,10.975,44.0,31.45,13.975000000000001,52.025000000000006,27.63,11.975000000000001,45.025000000000006,29.445,11.0,47.025000000000006,19.55,9.0,32.0,1.425,0.0,5.0
2021-08-07,25.485,9.0,41.025000000000006,29.32,12.975000000000001,47.025000000000006,26.395,9.0,45.025000000000006,26.92,11.0,42.025000000000006,17.87,8.975000000000001,29.025000000000006,1.505,0.0,5.0
2021-08-08,23.51,6.0,38.025000000000006,27.585,11.975000000000001,46.0,24.05,9.0,40.025000000000006,24.905,11.950000000000001,40.025000000000006,16.67,8.0,29.0,1.085,0.0,5.0
2021-08-09,21.635,7.0,34.05000000000001,25.55,9.975000000000001,41.025000000000006,22.155,5.9750000000000005,38.025000000000006,23.33,9.975000000000001,36.025000000000006,15.315,6.0,27.025000000000006,1.295,0.0,5.0
2021-08-10,20.75,8.0,36.0,23.47,9.0,41.025000000000006,20.58,7.0,38.0,20.955,7.0,33.0,14.15,5.9750000000000005,26.0,1.155,0.0,4.0
2021-08-11,18.7,6.0,34.025000000000006,21.47,8.975000000000001,35.025000000000006,19.115,6.0,35.025000000000006,19.81,7.9750000000000005,32.0,12.38,4.9750000000000005,22.0,1.165,0.0,3.0250000000000057
2021-08-12,16.99,5.9750000000000005,29.0,20.6,6.9750000000000005,34.0,18.29,5.9750000000000005,34.0,17.985,8.975000000000001,31.0,11.69,4.0,20.05000000000001,0.985,0.0,4.0
2021-08-13,16.2,6.0,28.025000000000006,18.73,7.0,34.0,16.3,4.0,28.05000000000001,16.985,5.0,31.0,10.725,4.0,19.0,1.05,0.0,4.0
2021-08-14,14.955,4.9750000000000005,28.0,17.525,5.0,30.0,15.495,4.0,29.0,15.86,6.0,27.0,10.24,4.0,18.025000000000006,0.87,0.0,3.0
2021-08-15,13.86,4.0,25.025000000000006,16.235,5.9750000000000005,29.0,13.8,4.0,27.025000000000006,14.225,4.0,23.0,9.175,3.0,16.0,0.895,0.0,3.0
2021-08-16,12.245,4.0,21.0,15.105,5.0,28.0,13.26,3.9750000000000005,25.0,12.93,5.0,23.025000000000006,8.295,3.0,15.0,0.87,0.0,3.0
2021-08-17,11.995,3.9750000000000005,23.0,14.115,4.0,27.0,11.645,2.9750000000000005,22.0,12.05,4.0,22.025000000000006,7.975,2.0,16.0,0.79,0.0,3.0
2021-08-18,10.955,3.0,20.025000000000006,13.02,5.9750000000000005,24.025000000000006,11.43,2.0,21.0,11.395,4.0,21.0,6.985,1.0,15.0,0.59,0.0,2.0250000000000057
2021-08-19,9.905,2.0,19.0,11.725,3.0,22.0,10.29,3.0,22.0,10.42,3.0,20.0,6.605,1.0,12.025000000000006,0.535,0.0,2.0250000000000057
2021-08-20,8.9,2.0,18.025000000000006,10.505,2.0,19.025000000000006,9.71,2.0,19.05000000000001,9.8,3.9750000000000005,17.025000000000006,5.975,1.9750000000000005,12.0,0.635,0.0,3.0
2021-08-21,8.09,2.0,15.025000000000006,9.705,2.0,19.0,8.875,1.0,19.025000000000006,8.255,2.0,16.025000000000006,5.78,1.0,11.025000000000006,0.55,0.0,2.0250000000000057
2021-08-22,7.415,2.0,16.0,9.225,2.0,18.025000000000006,8.265,1.0,18.0,8.565,1.9750000000000005,18.0,4.995,1.0,11.0,0.52,0.0,3.0
2021-08-23,7.04,1.0,14.025000000000006,8.265,2.0,17.0,7.535,1.0,16.0,7.36,1.0,15.0,4.59,1.0,10.0,0.495,0.0,2.0
2021-08-24,6.565,1.0,14.0,7.515,2.0,14.025000000000006,6.93,1.0,16.0,6.5,1.0,13.0,4.155,0.0,9.0,0.43,0.0,2.0
2021-08-25,5.825,1.0,12.0,7.07,1.0,15.0,6.615,1.0,14.025000000000006,6.06,1.0,12.0,3.74,0.0,9.0,0.43,0.0,2.0
2021-08-26,5.25,0.0,12.0,6.77,2.0,14.025000000000006,5.515,1.0,12.0,5.315,1.0,12.0,3.34,0.0,8.025000000000006,0.37,0.0,2.0
2021-08-27,4.84,0.9750000000000005,11.0,5.83,1.0,13.0,5.555,1.0,12.025000000000006,5.07,0.0,11.025000000000006,3.3,0.0,8.0,0.295,0.0,2.0
2021-08-28,4.465,0.0,11.025000000000006,5.245,0.0,12.0,5.085,0.9750000000000005,12.025000000000006,4.995,1.0,11.0,3.04,0.0,7.0,0.295,0.0,2.0
2021-08-29,4.34,0.0,10.0,4.815,0.0,11.025000000000006,4.425,0.0,11.0,4.13,0.0,9.025000000000006,2.81,0.0,7.0,0.305,0.0,2.0
2021-08-30,3.665,0.0,8.0,4.425,1.0,11.0,4.025,0.0,9.0,3.755,0.0,9.0,2.5,0.0,6.0,0.295,0.0,1.0250000000000057
2021-08-31,3.63,0.0,8.0,3.92,0.0,10.0,3.705,0.0,9.0,3.66,0.0,8.0,2.355,0.0,6.0,0.235,0.0,2.0
2021-09-01,3.235,0.0,9.0,4.025,0.0,9.0,3.26,0.0,8.0,3.26,0.0,7.0,2.215,0.0,6.0,0.225,0.0,1.0250000000000057
